ply
format ascii 1.0
element vertex 16384
property float x
property float y
property float z
end_header
0.7139459 0.9188322 0.0695794
0.8572643 -0.4171339 -0.5694370
0.7673231 0.9116685 0.6524524
0.1630381 -0.5096614 -1.2758235
0.7050701 -0.3620410 -0.3088835
0.3872930 -0.9193659 -1.3178654
-0.9856160 0.3403673 -2.3572903
1.2669704 -0.2762491 -1.3859807
0.6720269 1.0110971 1.6170789
-1.3961433 0.5665227 -2.5707278
0.1225822 0.2667926 -1.4841567
0.7151507 0.7385207 0.1579327
0.6329037 -0.9386458 -1.5481021
0.9986633 0.1445487 0.5964912
0.3242962 -0.7578507 0.2526796
0.8134730 -0.4785258 -0.5497862
0.8908470 -0.2673329 -0.1818065
-0.3786705 0.3286320 -1.6440275
0.6079000 -0.5171062 0.2074677
0.3699439 -0.7763671 -1.2385122
0.0583577 -0.5831627 -1.4374646
0.6000139 -0.0649067 -0.6926793
0.6258211 -1.0685532 -1.7301661
1.3963041 -0.1781156 1.3954859
0.5145392 0.3032560 0.8514247
0.0909409 0.5342456 -1.3860983
0.1830744 -0.8752812 -1.2855937
0.7269924 -0.1834570 -0.4951635
1.1630574 -0.1306371 0.1651640
1.1490558 0.0169657 0.2259657
0.6099837 0.2574112 -0.3216663
1.2269077 0.6360944 -0.8899286
0.9016804 -0.4953218 0.6052585
0.6370199 -0.1376360 -0.4736184
-1.9136081 0.8411517 -2.8437545
-1.0765673 0.5230901 -2.5810339
0.5965798 -0.9983945 -1.6626261
0.7991667 -0.6867805 -1.2225128
0.3367386 -0.8167718 -1.3465222
-1.5017877 0.7009083 -2.7444427
1.1322536 0.2291331 0.3007843
-0.4509237 0.2463016 -2.0888886
0.3691587 -0.2067368 -0.3826387
0.3547740 -0.0659574 -1.5144137
0.2244623 -0.1976136 -1.3971488
0.5443716 0.1246828 0.7843908
0.0513686 0.5162457 -1.3066316
1.1788629 0.0106794 0.5597746
0.3289042 -0.4672502 -1.6876225
0.4825576 0.0241543 -0.4588439
0.6392947 -0.5378631 -1.5517827
0.3010662 -0.0726952 -1.0381814
0.1356803 -0.9184470 -1.3591170
0.7213056 -1.3868079 0.5081426
0.0982596 0.2072351 -1.4368458
0.8374268 -0.1078523 -0.4496965
0.6158552 -1.3629242 0.5106830
0.9194973 -0.7090609 0.5174867
0.7466601 -0.1886492 0.7322006
0.4864767 0.3708304 0.0911913
0.7528793 -0.6375098 0.6761074
0.0542819 -0.9134367 -2.8457177
-2.2885630 1.2619857 -2.5740867
1.1801099 -0.0081578 1.2076921
1.3774523 0.3106577 -1.8539511
0.6722323 1.0142648 1.5802647
1.3218783 0.4377153 -1.0809482
1.0108408 -0.2924356 0.1704135
0.4008268 0.2984125 -0.6552548
0.5589201 0.5574706 0.5171832
0.6870424 0.5343644 1.3283631
0.6874835 0.9676111 1.6754117
1.3384786 0.6466225 -2.2627037
0.1703110 -0.1791478 -1.3449602
0.9936885 0.6363634 0.5978837
0.6433305 -0.7082468 -1.0153351
-0.4234569 0.4880694 -1.7889034
-2.2821975 1.0207123 -2.7625511
0.6728440 0.6567063 1.4388727
-2.1472867 0.8794448 -2.8247194
1.2440155 -0.2298899 0.7145771
0.8270824 0.8427944 -0.3317770
1.2460663 0.1523720 0.9214270
0.7574947 0.4615016 -0.9131286
0.4717390 -0.5544570 0.0733589
0.9385180 0.1397733 1.0884557
1.0293227 -0.3516136 -0.7715591
1.6696527 0.3775515 -1.5733637
1.0067170 0.5697991 0.5386146
-1.7775685 0.9935818 -2.7273798
-2.1890328 1.1826488 -2.5368099
0.7845256 -0.0781070 1.2523274
-2.2684219 0.9001554 -2.8272696
0.7694522 -0.3720835 -0.9586020
1.3709048 0.1859631 1.3511882
0.3108823 -0.6585003 -1.4819714
1.0631434 0.6553502 -0.9331791
-2.6480906 1.2805456 -2.5866189
-0.1871052 0.4415351 -1.3195994
0.7533832 0.0605288 -0.9385910
0.2641024 -0.1763262 -1.0609261
1.0399448 0.0028596 1.2040863
0.7716094 -0.3973303 -0.6268888
0.0591960 -1.0006518 -2.9551213
1.4405853 0.0270930 0.6489285
0.2696525 -0.7581088 -1.5392486
0.1544832 0.4916162 -1.1649654
0.9488250 0.7365739 -0.7971164
1.0076573 -0.5702108 -1.3949573
1.0388794 0.0498739 0.5144565
-0.1902950 -0.8941322 -2.8578422
1.2404207 0.1138368 1.4747338
-0.1200850 -1.0298420 -2.9803693
0.4056047 -0.8604531 0.2501572
0.4032287 0.4521957 -1.0572203
0.7779491 -0.7803976 -1.3586006
1.1513178 0.3818130 0.6739199
-1.7514254 0.9657134 -2.7444375
0.8242743 -0.4776193 0.3367874
0.7908117 -1.2680087 0.3969407
0.3509699 -0.4375942 -1.0651343
0.8137299 0.7920672 -0.6811352
-1.8085066 0.9043827 -2.8228490
0.8159168 0.8997787 0.5127776
0.7618322 -0.5767902 -0.6439916
0.2382003 -0.0855515 0.2256390
0.3867656 0.1204352 -0.6440681
0.9329852 0.8853853 -1.0897804
1.5040619 0.4609267 -0.9909878
1.1970878 0.3693517 -0.7235931
0.7078863 0.8895036 0.5779115
0.7573448 0.6341093 0.6534768
1.3141314 -0.1629064 0.5925730
1.2206296 0.1749667 0.5191449
1.5166293 -0.1635363 1.1213435
0.5535067 0.4388247 0.6908836
1.4501854 0.7721857 -2.6382360
0.7105036 0.7129015 -0.4562882
0.8027639 -0.4257065 -0.0100258
0.5284137 0.2272712 -0.1928913
0.3213320 -0.7673166 -1.2990916
0.5618492 0.3328607 0.5477340
-2.2775083 0.9039403 -2.8124764
1.2223470 -0.4301690 0.8857647
0.7105598 0.0063476 1.1740526
-2.0496461 1.0916132 -2.8916178
1.0182456 0.7853262 -0.5619224
1.3861333 0.0422790 0.2489840
0.8775758 -0.0132605 -0.5276080
1.8100395 0.8305785 -2.8876970
0.3490958 -0.6486126 0.5219147
0.9969556 0.6193019 -0.3841121
-1.6416093 0.8245139 -2.7239065
0.6508973 -0.7899261 -1.4916216
0.4866077 0.3113326 0.6479209
0.6683182 0.2136636 1.1712458
0.6632875 -1.5538279 0.3197740
0.4919792 -0.4653030 -0.8376076
1.2323080 0.3799207 -0.7489148
0.7877703 -0.0834356 -0.4944282
1.0404283 0.3004845 -0.5981202
0.7397660 -1.2362053 0.3816743
-0.1503183 0.5177481 -1.7588340
0.6809747 -0.0782552 1.1192111
0.6350833 -0.9411460 0.6263558
0.7294652 1.8361485 2.0633566
-0.0873697 0.2338351 -1.2821019
1.0107927 -0.4149462 0.3789313
1.4570843 0.3887598 -1.0107480
1.5206131 0.4597953 -1.0131658
1.2694178 0.4048726 -1.3135488
0.7583779 -0.9270223 -1.7473230
1.2797767 0.3866451 -0.7483087
1.4994195 0.0440446 0.6225438
0.9983297 -0.0940322 -0.7436018
0.6665226 -0.0097402 -0.8719043
0.6219344 0.4164305 0.6853321
1.3158399 0.3818136 -2.0082750
0.6854980 -0.3453028 1.0158628
0.8351596 -0.3191999 0.0226123
-2.3709905 1.0515182 -2.7172303
0.7064500 -0.0895633 0.9023529
0.4168605 -0.9384825 -1.2318674
-0.5399836 0.4351377 -1.8643574
0.7199895 -0.5890342 -1.3183284
0.8164226 0.4319415 -1.0421439
0.0648433 0.4523656 -1.1099411
1.4465654 0.3287099 0.5673891
-2.2932508 0.9275224 -2.6658714
0.7799445 0.4309103 -0.8820094
1.3416231 0.0379903 0.2559603
1.0196338 0.1566966 0.5744987
0.8396526 -0.6279963 -1.3638589
-1.0178895 0.3302104 -2.4000056
0.2128122 -0.4124512 -1.1605427
0.6808157 0.3106076 -0.8081211
1.4841797 0.0098819 1.1502932
-1.9695841 0.9062445 -2.5209327
0.1828762 -0.7561792 0.1474731
0.5614301 0.1817308 -0.3988484
1.4728715 0.0459558 1.2519777
0.6668710 -0.0235973 1.0478082
1.0158968 0.7197742 -0.5502208
0.1068887 -0.8802604 -1.4293666
0.1080382 -0.2219717 -1.4665482
0.6063656 0.5031492 0.2890967
1.2660737 0.1138366 0.7499598
0.7076533 2.3878789 2.2981298
1.3259674 -0.3011306 0.9980001
1.4692990 -0.1859373 1.1467113
0.6784343 -0.7173160 0.8418011
1.5812036 -0.0875784 0.9158464
-0.4861591 0.2729930 -1.8411373
0.6195391 0.2020171 0.8738133
0.8557352 -0.2611274 -0.0364823
0.7979960 0.3133122 0.7275419
0.1459038 -0.2216498 -1.7023525
0.7049770 0.5839582 -0.1082737
1.7558433 -0.1694659 0.5204117
0.7858621 0.9229709 0.0140568
0.8260520 0.6639781 0.6616827
-0.9622958 0.2785238 -2.4397101
0.6847919 -0.4437428 -0.0410646
-0.8793809 0.4124157 -2.5094717
1.0227387 -0.5499966 -1.1962931
1.3019382 -0.2973557 0.8457722
0.6137230 -1.3965374 0.4767946
1.2126695 -0.0384430 0.2031604
1.0467138 0.1383190 1.9529290
0.8476191 -0.5782485 -0.7631665
0.8977395 0.6327180 0.3753007
0.2022083 -0.5021318 -2.1414621
1.5105234 0.2753160 -1.0185307
1.4032948 0.7822312 -2.9509695
1.7192038 0.9102395 -2.9344687
0.7619631 -0.7273932 0.7505642
0.8133302 -0.5389472 -0.6783036
1.4330927 0.6220952 -1.0428424
1.3362367 0.1374120 1.0307903
1.0112290 0.5419292 0.4811918
1.2343479 -0.1686391 -0.9181767
0.3956119 0.1877627 0.1177247
1.1948012 0.1287898 -0.7943622
-0.1756467 -1.0739614 -2.9245155
0.6850252 -1.6939721 0.1177537
0.4563099 -0.9528238 -1.6907241
1.1624881 0.3867906 0.5751720
0.6182294 -0.4669926 -0.0655379
0.6273606 0.3312618 -0.1302008
0.4966569 0.3533934 0.5702105
0.1873447 -0.1609561 -2.0782542
1.2430290 -0.2518511 0.9622167
0.7206681 -0.5789165 -1.2818667
0.2297569 -0.8144825 -1.1861813
-0.0253208 -0.6325467 -2.7116556
0.2930531 -0.0856417 -1.0662156
1.3308132 0.2072065 -1.5935899
0.6722382 0.1904682 -0.4864968
0.4611046 -0.3518505 -0.1803337
0.6730128 -0.8290079 0.8468429
0.9713712 0.0417477 -0.1718075
0.7597629 -0.4703397 -0.5276389
0.3225142 -0.8986128 -1.2094618
0.3011934 -0.8153197 -1.5002074
0.4271181 -0.2462884 -0.7727690
0.7972168 0.6987867 -0.0726701
0.0921077 -0.1680684 -2.0574462
1.5661403 0.0555223 0.7177371
1.4655992 0.1699480 -0.9124192
0.8175539 0.7181157 -0.2374735
0.7966407 -0.4120268 -0.0702876
0.7097839 0.5055805 0.7049443
1.2934338 0.2606780 0.9140004
1.3848515 0.4551659 -1.1344233
1.6132789 0.2871513 -1.5543046
0.5526045 0.2187645 -1.0853952
1.1918629 0.3973953 -1.1311275
1.4597749 0.8775687 -2.9338741
-0.4056915 0.3548793 -1.6702995
0.4822458 -0.0220595 -0.8280720
0.7265399 1.6609290 1.9043121
1.3401673 0.2506021 -0.7629752
1.3032457 0.5825311 -2.1180093
0.4608926 -0.8828762 0.0683839
1.2523615 -0.2835494 1.5332927
0.6950509 -0.3676451 -0.1159426
0.1920012 -0.4702483 -2.0666239
0.7309389 -1.6617316 0.2957258
1.0641223 0.0393780 1.2221344
0.5249763 0.0276234 -0.7213560
1.0583719 -0.5226434 -1.1879897
1.0125173 0.5154706 0.4723468
-0.5178558 0.4825485 -2.0437253
-0.3228772 0.3434938 -2.0331085
0.5404137 -0.6418914 -1.6530669
1.3136827 0.0365630 0.9903982
1.2953178 0.2712984 1.3012984
1.4890620 -0.2232743 0.6307992
1.1590360 -0.4381463 -1.5654345
0.3388827 -0.2436781 -0.9848989
0.7527954 0.8324103 0.5402604
1.4631984 0.0500729 0.9575128
0.7717807 -0.4746503 -0.5325663
1.8287846 -0.1625973 0.5783641
0.9978824 -0.4097067 0.3803560
0.3873954 0.0653362 -0.4693951
1.3721229 0.6782995 -1.0029243
-0.6219317 0.2150926 -2.0779471
0.7409433 -1.8469980 0.1613681
1.1287252 0.2295977 1.1528260
0.8734642 -0.2255973 0.9158891
1.0476547 0.4413796 0.7162956
0.7912515 0.1886460 0.8916729
0.3236330 -0.5053999 -1.5927492
0.5667379 0.1158281 -0.4861010
0.6319661 -0.5600339 0.1305631
0.6762167 -0.9334139 0.8086343
0.7133158 -0.9049329 -1.4823958
1.2149334 -0.0223921 0.0400637
1.5299691 0.5569001 -2.2664974
0.7278047 -1.5797819 0.2820342
0.7336494 -0.8375713 0.8797620
0.2023562 -0.7116866 -1.6704438
0.5310629 0.0244696 -0.7865493
0.5559554 -0.1113120 -0.5195201
-0.0410151 -0.6497326 -2.3781259
1.0700004 0.0322199 -1.1879185
1.4751339 0.5970610 -2.6970656
0.2535308 -0.3310082 -1.1363924
0.9973357 0.4843014 -0.6607563
0.9853801 -0.6634384 0.7465165
-0.1798590 -0.7248526 -2.9698727
0.7530423 0.9145012 -0.0822210
0.0104730 -0.3545090 -1.5534166
1.3299490 -0.4212116 1.2504425
0.4274314 -1.0180389 -1.5060899
0.6642848 -0.8362853 0.8556453
0.7339445 0.0764300 1.1181448
0.5208400 -0.6535861 0.2662074
1.0684841 -0.5079414 -1.5348710
1.2909485 -0.4623976 1.2727158
0.1801641 -0.4181841 -1.9560268
0.8082819 -0.4171821 -0.4980655
0.2186571 -0.5103506 -1.7395021
0.7216601 -0.3901126 -0.1523247
0.3175015 0.2068073 -0.7167709
1.3673774 0.1388271 1.2757022
0.7692791 0.5590881 0.6356361
0.7444475 -0.7923158 -1.2663116
1.4181890 0.2156830 -1.6410302
1.0844541 0.5167663 -1.1692828
0.7147921 -0.0435940 1.1359667
0.6594693 -0.7390862 -1.4483989
0.6025673 0.6870477 0.4964956
1.3236620 -0.3132807 0.9717480
0.2493960 -0.8059328 -1.4652034
0.4396331 0.1405123 -0.3628081
0.2235025 -0.5378925 0.2130681
0.3751141 -0.4932294 -0.8078628
0.5006645 0.1717411 0.6626913
-2.0095832 0.7667843 -2.7933581
0.0190819 0.3129121 -1.0608277
1.4376769 0.2658494 -1.7616646
0.3568609 0.0527724 -1.0948160
1.3320735 0.4199715 -1.4832712
0.8581963 0.0194241 1.2095985
1.2001257 -0.3919024 -1.2099173
1.0733023 0.0244587 -1.1811876
1.6605951 0.4611098 -1.4195777
0.5413910 0.5366085 0.2716652
1.3889663 0.7945507 -2.7748005
0.5694891 0.4025845 0.4140668
1.0148023 0.4127124 0.6788566
1.1308416 0.4281751 -0.7141519
0.4104290 -0.5163088 -1.8024027
-0.0497037 -0.6489124 -2.8729861
0.3175239 -0.0764012 -1.4084282
0.6362934 -0.0701515 -0.5249705
0.9690557 -0.1948452 1.1238085
1.8956761 0.7632253 -2.9770560
0.6292530 -1.2024211 0.4330733
1.3066307 0.1363762 1.0553691
0.3582217 -0.9364040 0.0399702
0.7749967 -0.0260290 -0.5344760
0.2338824 -0.4656232 0.1436711
0.5121409 0.2257122 -0.4731849
0.2691842 -0.1277316 0.2910866
1.4022558 -0.2329333 1.0151041
-0.5644222 0.2299615 -2.1607859
1.0650151 0.4434112 -1.0135494
1.4598370 0.4973885 -1.4068737
0.6447548 0.2382841 -0.3762081
1.3961002 0.3846270 -2.0314970
0.7534944 0.4502915 0.3445169
-2.2627816 0.8921039 -2.6980166
1.4507550 0.7128266 -2.5169313
0.9124083 -0.6940435 -0.8679864
0.9580444 0.5049475 0.4638118
0.5887098 0.0596970 -0.6085569
0.6876513 0.7295519 -0.3731520
0.5031393 0.3400626 0.7903504
0.4701662 -0.4689731 -1.6631603
-0.1956925 0.3518658 -1.3584322
0.1808936 -0.2968169 0.2747977
0.0705028 -0.9887335 -2.8954337
0.6850209 0.3898702 -0.6916999
0.9071859 -0.4656067 0.1472752
0.6674703 -1.6959982 0.1485029
0.8859999 0.1896910 -0.3640924
0.6180350 -0.0287892 -0.5230849
1.1598977 -0.3952886 -1.4502592
1.3848287 0.0605168 0.9528810
0.8294452 -0.2969408 -0.2928407
0.8207097 -0.3568729 -0.9013391
0.7379324 0.3664889 -0.0428889
1.2891103 0.1312995 1.0303513
0.6986049 -1.4778273 0.3922596
1.0222869 0.6157754 -0.3015506
0.5879847 -0.5706633 -1.5950220
1.4681352 0.1497495 1.2694303
0.9337727 0.6342836 -0.1444712
1.4047897 0.2983334 0.5543111
1.0245789 0.2568163 0.6572271
0.2531343 -0.2869904 -0.9859055
1.0953839 0.5302333 0.2314100
0.1407468 -1.0953392 -1.5089734
0.8546352 0.8281316 -0.6423877
0.1851363 -0.4847449 0.5138918
1.4709998 0.5021377 -1.4064087
0.0107952 -0.5508518 -1.4799877
1.6947711 0.4195907 -1.3958851
-1.4266564 0.5092130 -2.6956725
0.4617946 0.2341933 0.4514432
1.1013093 0.5667856 0.1718187
0.6450305 -1.8244152 0.1872210
-0.2604181 0.4110620 -1.4350564
0.4141046 -0.8145459 -1.0677762
-0.5348306 0.3166569 -1.8689872
0.8863149 0.2570792 -0.3655875
0.3374877 -0.6916243 -0.0601986
0.4706618 -0.6763352 -0.9121678
1.1889063 -0.0501640 1.2818003
0.7808911 0.3890614 -0.7081711
0.5672631 -1.0989230 -1.6841350
0.0286051 -0.8458605 -1.4494246
-1.5768778 0.7580723 -2.6783686
1.0601401 -0.4755133 -1.1361175
0.6763569 -0.5521450 0.9134828
0.1913702 -0.5972255 -1.4888607
0.7641594 -0.0218418 -0.5321981
0.9359888 0.6416265 0.4049146
0.2974185 -0.2564578 0.5967017
1.5724818 -0.2152379 0.7334107
0.5822951 -0.4684375 0.6457959
1.1402460 0.1920849 0.1045100
1.3110121 0.4664798 -1.2390494
1.1306428 0.3267278 0.3510736
0.7319491 -0.5909486 0.6373770
0.8287138 0.4239246 -0.6288497
0.7890886 0.7994456 0.3554183
0.3435075 0.4739076 -1.0821290
0.1234724 -1.0909579 -1.6139348
0.7275159 1.9540379 2.1061616
1.5008068 0.0899349 0.8255091
0.8098215 0.7817538 0.3498217
1.0660073 -0.5204371 -1.1970973
0.9585926 0.7670770 -0.8933952
1.4608679 0.5265479 -0.9695147
0.1668334 -0.6451792 -1.3070939
0.4330757 -0.1782208 -0.9153004
0.7485846 -1.2570996 0.4511828
0.0737997 -0.9915519 -2.8961339
0.2691920 -0.0305050 0.3282008
1.1372515 -0.0956214 1.2911396
0.8987582 0.5227942 -0.8239648
0.7027755 -0.0625971 -0.5247797
1.2921584 0.4405145 -1.2968571
0.6826335 0.8114397 -0.2100525
0.3192643 -0.3539048 -0.8447081
-0.7265531 0.3443592 -2.0704899
-0.8244362 0.2586267 -2.2451179
0.4339197 -0.3540305 -0.1901684
0.9875877 -0.2239946 0.1643793
0.8229718 -0.5537153 -0.6186471
1.5582516 -0.0768016 0.5261938
0.9120904 -0.2332935 -0.0048615
1.1073396 -0.1090723 0.0319186
-0.1748876 -1.0829537 -2.9334412
0.8846018 0.8040904 -0.2231462
0.8994050 0.2814898 -0.3144170
0.7441596 -0.3009971 0.6390225
0.5146804 0.2992060 0.3455344
-0.2812481 0.2895119 -1.9620876
0.5840183 0.3379385 0.5295437
-0.1395732 -0.7549896 -2.7881184
0.1142380 -0.4635886 0.3251029
0.3598773 0.0808170 -0.3186816
-2.0089190 0.7739699 -2.6551769
1.5555258 0.4133660 -1.1662257
0.8327069 0.8050423 -0.2011948
0.5558859 0.4923789 0.5555556
-0.0566510 -0.4206378 -1.6223125
-0.4439368 0.4930395 -1.9313804
1.1170133 -0.1866142 -0.7357284
1.1775986 -0.0477744 -0.0218650
1.3334503 0.1802694 1.3574255
-2.0700033 1.2371254 -2.6245933
1.2689580 0.3880405 -1.7549052
0.3311269 -1.1144310 -1.4873384
0.6245703 0.2712467 0.9689606
0.1968964 -0.4662987 -2.0675569
1.5135595 0.6048714 -2.9051402
0.8959265 -0.4976904 -1.2486225
1.2502706 -0.3292650 1.0551075
0.7001867 0.8065795 0.5890821
1.1439354 0.0649405 1.1596320
0.7563685 0.6236057 0.6411963
0.8054973 0.0155216 -0.9912786
0.8451208 -0.6527883 0.3610100
0.8578345 0.1615366 0.9578644
0.0693331 -0.3992922 -2.2772806
0.7113510 2.3487833 2.2783957
1.0002351 0.8349311 -1.2575700
0.0128977 0.1560582 -1.2243961
0.5021934 -0.6653169 -1.7146436
0.5617039 -0.9779370 -1.4022712
1.7458732 0.3813796 -1.4758832
0.3936688 -0.3187875 -1.1833477
1.2925099 -0.1451339 -1.0281162
1.2212253 -0.3013009 1.5294265
-0.1226290 0.2934102 -1.7705137
1.1610432 -0.4511128 -1.3846903
1.2814018 -0.2007500 -1.1028528
0.3923945 -1.0038978 0.3213911
-0.1947135 0.5292874 -1.5134634
0.1789790 -0.1844045 -1.3033576
0.1389325 -0.4924930 -1.1933831
1.5442845 0.5492521 -1.1035920
0.9058218 -0.4336162 0.1104382
0.6823276 -0.2707769 0.8994007
0.7366770 -0.4534702 -1.1467532
0.5718959 0.2451487 -0.4295948
0.9518115 -0.4173424 0.5777220
1.2633110 0.5266300 -2.0319541
-2.0651517 1.2415547 -2.6808391
-0.7484507 0.4476674 -2.1888790
0.2042142 -0.7009531 -1.2734890
0.4459028 -0.3518427 -0.1102758
1.2846320 -0.2032593 1.0960399
0.6928613 -0.9083619 -1.6600020
0.0834354 -0.2146586 -1.5535160
0.7308537 0.1736674 1.1815987
0.7205399 0.6733324 0.3066680
1.2371701 0.0602480 0.3323041
0.8882697 -0.2748947 0.2419795
0.7346274 -0.5322497 0.8294100
-2.4057293 1.2753500 -2.6567540
0.8403338 -0.3120522 0.3178398
1.4741127 0.5074697 -2.3923662
0.6794767 2.2419114 2.2360046
0.7206969 -0.6105717 0.8991625
1.4222183 -0.2013846 1.3051717
0.7310498 -0.4191283 -1.1690602
-0.2979722 0.2633538 -1.9498504
0.9362741 0.6998035 0.1297663
0.3656230 0.0209219 -0.7179551
0.7483516 -0.8220518 0.7547199
0.3394270 -0.4939216 -1.0020108
0.6673521 1.8790499 2.0416358
0.1336470 -0.7333652 -1.6240659
1.4103729 -0.1828138 1.3869605
0.3115584 -0.9846631 -1.4101256
1.4715546 0.1016741 1.3293648
0.4271889 -0.2754904 -0.7597085
-2.3302953 0.9685208 -2.6554010
1.3421605 -0.0773168 1.1243632
0.9706653 0.3092622 0.5168895
0.0679941 -0.2660572 -1.7505704
0.5716424 -0.8010439 -1.6552932
1.0679471 -0.5212913 -1.3666502
0.6735112 0.2717212 1.2166998
0.5477335 0.2221469 -0.4095515
0.9616553 -0.4432905 0.1987596
1.3281633 0.4740971 -1.2788888
1.3470399 0.1416443 1.2827743
1.6905936 0.7734462 -2.9855750
0.9125537 0.8176988 -0.4020288
0.2217355 -0.8117685 0.1734692
0.9908926 -0.5411406 -1.3877389
0.6572614 -1.2176000 0.5272587
0.6856188 1.9519742 2.2259116
0.7236001 -0.5948137 -1.2844814
0.2914620 -0.8418011 -1.2769430
1.2809141 0.2411498 1.0586160
0.8019320 -0.4815267 0.0666418
1.1052691 -0.4323756 1.1586118
0.4487735 -0.0003537 -0.3810953
1.2827958 0.1568697 -0.6348274
0.9210395 0.7563035 -1.0848029
-1.8267876 0.8587173 -2.6477435
0.1059231 -0.9926993 -2.9688122
1.1996844 -0.2836770 0.8972330
0.7835881 0.3767297 -1.0668033
0.1292546 0.2268308 -0.9478615
1.2922962 -0.1061083 0.6076239
1.1948807 -0.3697511 -1.3494608
0.8271663 -0.6793159 -1.4240205
0.9754190 -0.0118683 -0.1301820
0.9439929 -0.3116611 -0.9829455
1.4263463 0.5484729 -1.6721393
1.3485731 0.3846132 -2.1499596
1.4519217 0.5378578 -1.3396629
0.2597609 0.0322890 0.1365683
1.4485309 -0.2047305 0.9861998
0.3676763 -0.4243133 -0.9254983
1.4891400 -0.2060464 0.9993263
0.8935101 0.2509142 -0.9732252
0.6699198 0.2700258 -0.9542115
-1.6909326 0.6972700 -2.6874962
-0.3316023 0.2175710 -1.7779938
0.7321274 -1.2974950 0.4687811
1.6143340 0.4447362 -1.6002096
0.9230431 -0.0364036 1.2037741
1.0456369 0.2393092 -0.5013977
0.8583512 -0.7553861 -1.0477791
0.7479080 0.9633392 -0.0604472
0.8532080 -0.2891520 -0.1763614
1.0928048 0.3080972 -0.6320179
-0.0363716 -0.5544077 -0.0307135
-1.9464064 1.1848621 -2.7415390
1.4932475 0.5803785 -1.0362327
1.0031940 0.1929500 -0.4876816
0.3041221 0.1174529 0.0137745
1.0486939 -0.0065853 -0.3871737
-0.6681170 0.2342196 -2.2783878
-1.2451171 0.5322661 -2.5072680
0.2796050 -0.5997661 -1.5517390
-1.7936772 0.8981115 -2.8078980
0.9886120 -0.3132758 2.0706470
0.0995512 -0.4248172 -1.2185031
0.3536313 -0.3921923 -1.0514704
0.3519572 -1.0389644 0.2617039
-0.2010371 -0.5734655 -2.6258750
0.0009066 -0.6800693 -1.4424598
0.4631008 -0.2759682 -0.6201754
0.6967956 0.6411538 0.1566167
0.2161687 -0.3135053 -1.0621428
0.6234930 0.5831029 0.2904756
1.8813356 0.5839880 -2.9186506
0.5023475 -1.1721387 0.3669080
0.5285258 0.5211913 0.6084985
1.6562262 -0.1704026 0.5757498
0.7240781 2.0674224 2.1631076
0.3346294 -0.2771510 -0.1597152
0.9375689 -0.2298555 -0.1471192
-0.1520608 -0.6278746 -2.5642767
0.8705400 -0.0613271 1.2576747
1.3078617 -0.0671294 1.1401120
1.1843904 -0.0540659 0.4457224
0.3422595 -0.4355872 -1.2367381
1.0386020 0.3722288 0.4701804
-0.0439522 -0.4633963 -2.2855487
1.2229792 0.1242999 0.9158952
1.0747753 -0.5613446 0.1661639
0.1450832 -0.5569656 -0.1116684
0.2321490 0.3290553 -0.6693221
-0.6850850 0.4534943 -2.1217268
0.4093087 -0.3978210 -0.2437223
0.6704403 1.6206808 1.8870213
1.0754364 0.6209334 0.2030297
0.8811126 0.2929324 0.6480823
0.3685875 -0.1004546 -0.6346049
-0.0587469 -0.6181129 -2.9466462
1.0933951 -0.4863214 -1.2418542
-0.0973780 0.3152333 -1.7546061
0.7146189 -1.1330913 0.5010413
1.4617555 0.8028752 -2.6892695
0.9880760 0.7202450 -0.2736198
0.3675746 0.0397702 -0.6132891
-1.5871466 0.7223185 -2.6392713
0.0156607 -1.0210602 -2.8963366
0.2522047 -0.3614050 0.5542048
-0.0939592 -0.5387063 -2.4274812
0.9370379 0.1254476 -0.3485949
0.7415751 -1.7255156 0.2652554
0.4983638 0.9035687 -0.0810318
1.1170245 -0.2331132 1.6652716
1.4914773 0.1080924 0.9935574
0.9182755 0.2392080 -0.1060587
0.8508756 0.7396429 -0.7229195
1.4020289 0.1216698 0.4187177
0.2667612 -0.2533025 0.5359094
0.9082482 0.3651683 0.6121796
0.5187223 -1.0519408 -1.6912344
0.1074616 -0.5281675 -1.3521992
0.1111887 -1.0005751 -1.5645324
1.2671893 0.1028564 0.7300743
1.2383267 -0.1875038 1.1142529
0.6218430 0.4226290 0.5816039
1.0831865 -0.5478758 -1.4717557
1.3717816 -0.0365091 0.5777197
1.5040189 0.3126654 0.7780227
0.3418182 -0.4752708 -1.7637569
1.4769981 0.5342233 -1.7477956
1.2064235 0.4251205 -0.9701511
1.5962486 0.1551797 1.1226596
0.7154527 0.6513903 0.0206069
0.8101567 -0.6059919 -0.8018203
0.7580846 0.7071912 0.1270179
1.5244110 -0.2012506 0.9572938
1.8318691 0.8232266 -2.9069293
1.0197893 -0.1840011 0.2158603
0.7240326 1.2045156 1.7301848
1.4759109 0.0903771 0.7593406
0.6232163 0.8845584 -0.2637132
0.7117466 -1.6939265 0.1219215
0.3019156 -0.0858939 0.5966575
1.3712041 0.6795791 -2.8375087
0.3432943 -0.2298317 -0.2914618
0.2674362 -0.7384453 -0.0932605
1.2333342 -0.2939129 -1.1151108
1.2179728 0.5907534 -0.8205396
0.5200120 0.0714137 -0.5861851
0.5621872 0.3531468 0.5748899
1.6847955 -0.0201996 0.7877885
1.1920813 -0.0702194 1.2481300
-2.0871291 0.9576231 -2.5351663
0.8503407 -0.6613279 -1.4280347
0.9829755 0.6806695 0.0052445
0.0359156 0.1461102 -1.3438330
0.6652728 -0.0470074 -0.5249066
-1.9834303 1.0956464 -2.8664689
1.2172670 -0.2804878 0.9563161
1.3296444 0.1483442 -0.7882521
0.6631751 0.2350129 -0.3866617
0.6870819 0.6978706 0.6187616
0.3354341 0.0803369 -0.1157113
1.5067967 0.1568109 -1.0524569
-0.4431255 0.4681611 -1.6431499
-0.1138145 -0.5756047 -2.4651139
0.6930619 0.8122316 -0.3447782
0.7380255 0.3125220 -0.5003709
1.2377906 0.0122843 -0.6359904
0.8167501 -0.6910959 0.3288363
0.4395210 -0.0452520 -0.4279213
1.2228318 -0.2034354 1.1095011
0.9279664 -0.0655834 -1.0148580
1.1105464 0.0043731 1.2007498
0.4833054 -0.4356179 -0.1421861
1.2308846 0.2671613 -1.5990576
0.6680099 -0.1585056 -0.4657774
0.3811211 0.0336022 -0.4331779
1.0206316 -0.3156538 1.9843079
0.3799373 -0.4284369 -0.9002386
0.6246762 0.6607799 0.1106966
-0.7806610 0.4327210 -2.1796482
0.3567084 -0.1889881 -0.5803172
0.2250362 0.1842587 -0.8429164
0.7174505 0.7141643 0.3807484
0.5212163 0.0840697 -1.0561302
1.2549168 0.1203185 0.5219445
1.0701666 -0.2935026 0.9148573
0.9668432 0.3979507 -0.5839245
0.2769843 -0.5459930 -1.0015968
0.9178360 0.5036386 -0.1765864
0.0001375 -0.6517033 -2.2015328
0.1667048 -0.6829376 0.1298054
0.8407201 0.5104442 -1.0612322
1.5382655 -0.1569542 0.9768160
0.2868424 -0.2107301 -0.1262289
1.5068258 0.4948620 -1.3349943
-0.7296979 0.2652064 -2.1215289
0.8499956 0.4081601 -0.6704980
0.0558838 -0.7970921 -1.4052023
0.3582312 -0.6477528 -1.0271587
-2.1807332 1.2373579 -2.5962141
0.6778869 0.4423074 0.7404587
0.4374546 -0.8354057 0.2060670
0.4071722 -0.8125016 0.2210338
0.6979070 -0.6254543 -1.5516118
1.2118059 0.1684894 1.5943223
-0.1763614 0.5365953 -1.5763592
0.3540171 -0.0940995 -0.5812032
1.0213946 0.2458496 0.1310561
1.2082598 0.1039929 0.7810629
0.2488724 -0.0108767 0.1319592
1.4152710 0.4024465 -2.1281769
0.9172320 0.1081402 -1.0970027
1.2832168 -0.3144715 0.8885691
1.6534063 0.8637189 -2.9945979
0.3043762 -0.0333765 -0.2039099
0.3149676 -0.0743636 -1.2726024
-2.4998856 1.2606242 -2.6893611
0.9470979 0.5721914 0.3973428
0.7112478 -0.3214109 0.6992819
1.2445781 0.4906870 -1.9885497
1.1275909 -0.4329668 -1.2604637
-0.6969194 0.4236791 -2.0720387
0.5401707 -1.0798016 -1.6239605
1.1321670 0.4909311 0.2711802
0.9795017 0.1194948 -0.1034971
0.5865639 -0.4866353 -0.5318956
0.2859967 -0.2207939 0.6413931
1.3991340 0.0530403 -1.1188774
0.2065798 -0.2650256 -1.1782784
1.3194892 0.7416727 -2.7539697
0.3439378 -0.2891988 -0.9359732
0.0801425 0.1552249 -1.0574267
0.1100854 -0.2515099 -1.4243089
1.3975904 0.5433394 -1.7658027
0.1632907 -0.7799402 0.0842374
1.3343235 0.4394302 -2.3280220
0.7223135 -1.1880984 0.5302821
0.7492914 -0.8267536 -1.3997957
1.6257250 -0.0099289 0.5946831
1.0648965 -0.4875526 -1.4804118
0.2824100 -0.7041683 -1.3583969
0.5726788 -0.0621707 -0.5184402
1.1833581 0.2382150 -0.6580167
1.2337211 0.2292455 1.0040573
-1.0234312 0.4309690 -2.3675692
0.6719475 0.3455910 1.2534297
0.6691563 -0.2977815 1.0101750
1.3195208 -0.2452843 -1.3108515
0.5608442 -0.9005706 -1.6566209
1.3018720 0.4754758 -0.9949846
0.9161453 -0.5187884 0.0832750
0.7401644 -0.9533739 0.5789003
0.7563548 -0.7997907 -1.4922863
0.3467952 -0.2550517 0.0527115
0.1754265 0.2504738 -1.4443537
-0.8651677 0.4366079 -2.2620718
1.2534837 -0.3206422 1.3973018
0.4959027 -0.9811074 -1.3244696
0.2604466 -0.7120322 -1.9074001
0.5748071 0.5274952 0.6138756
0.4444205 0.1561299 -0.5100595
0.7187979 0.0754554 1.0556372
1.4052054 -0.0988674 0.5713279
0.9043355 -0.5925856 -0.7422332
1.3313938 0.4045475 -1.9947622
-0.1498124 0.4991712 -1.3372412
-0.0846050 0.2169507 -1.2959812
0.0705363 0.1222151 -1.1887203
0.0830931 -0.4787010 -1.2627900
0.7074031 0.9590483 1.5441769
0.0155903 0.4999772 -1.2595142
0.9158416 -0.1579104 0.6334355
0.5795256 0.1890366 -0.5665031
0.5504714 -0.9449682 -1.5912758
0.1494640 -0.6581853 0.1164662
0.7568889 0.4626730 0.9775824
1.1101391 0.1538213 0.0135436
0.8879461 0.5428868 -1.0175067
0.2631896 -0.5163711 0.5789993
0.7576434 -0.8075913 0.6829057
0.7712809 -1.2480570 0.4131415
0.2965321 -0.7380697 -1.3390008
0.1896603 -0.7136772 -0.0886405
0.9487326 -0.6771908 -0.9057071
1.0875829 -0.4480494 1.1426047
1.0280201 -0.1835711 0.0221219
-0.0856474 -0.3919647 -1.9224687
0.9029759 0.7555907 0.2308627
0.6013548 0.6832001 0.4655943
-0.1876295 -1.0023230 -2.8782177
0.5002313 -0.6187817 -1.7175399
0.2753999 -0.1313162 -1.0305349
1.4234774 0.1815936 -1.6079774
1.5810455 0.2307865 -1.1071063
1.5599540 -0.3533312 1.1668878
0.7182047 -0.3580720 0.8536587
0.0910130 -0.6853500 -0.1801797
0.8439841 -0.6713275 -0.9190184
1.3818047 -0.0758858 0.5789495
0.4508333 0.5010020 0.4331536
1.1186916 0.4815826 -0.7161723
0.7065312 -0.4749191 -0.4885708
0.5384001 -1.0520923 -1.5617179
1.0783694 -0.0675762 -1.0003895
0.7414483 -0.7905390 -1.4496182
0.6724939 -1.3489534 0.4487005
1.0862244 -0.4030876 1.1549664
0.4505440 0.0594491 -0.5409955
1.6523107 0.6121558 -2.9663527
1.4335994 0.6119453 -2.8099785
0.6710076 1.5044951 1.8647144
0.3848485 -0.0915330 -1.5495431
0.2771513 -0.1775777 0.4578145
1.0261399 -0.1983185 0.0374982
0.9215944 -0.7014768 -0.9918909
1.0038639 0.5314113 -0.0254202
1.3861767 0.1916797 -1.6983564
1.6054733 -0.0268448 0.8790210
1.0398083 0.0237132 -0.3698316
0.7366897 0.7379935 -0.5063638
1.2807649 -0.2235400 -1.1214709
-0.1890974 -0.7431736 -1.7169255
0.4856193 -0.5817901 -1.7759577
0.9661895 -0.6556981 0.5123271
0.3867138 0.1264504 -0.6232023
0.2503918 0.1407375 -1.2743999
0.7073010 -0.8674138 -1.5821558
0.3012980 -0.7887273 -1.3953977
1.3270873 -0.2332756 -1.4156621
1.0580922 0.0753317 0.3765826
0.3579228 -0.6585935 0.4578966
0.6857809 0.0913379 -0.8552538
0.4566523 0.4175006 -1.0624298
0.6899565 2.1020365 2.2893429
1.0058441 -0.4765229 0.0568308
0.6457302 0.5588048 0.8447539
-0.9297671 0.3439305 -2.5398488
0.5342720 0.5432376 0.1080086
-0.4481758 0.4222403 -1.7306248
-0.0755068 0.4800490 -1.2200195
0.5276769 0.0415080 -0.6254137
0.8523755 0.4410703 -1.0077074
-0.0310363 -0.4422874 -1.5149462
0.7538930 -0.7811314 -1.2888563
0.4486912 -0.3639487 -1.2975093
-0.6181288 0.4083985 -1.9487513
0.9856816 0.2461387 0.1145650
-0.4901948 0.4730424 -1.7839819
1.0118670 0.0231989 0.6571916
1.3072443 -0.1471743 0.1258506
1.4589207 0.1076212 0.7557002
0.9286545 -0.0976911 0.6951010
0.3342151 -0.1313805 -1.2598776
0.0542675 0.5239316 -1.3238499
1.2223017 -0.2529757 1.4850140
1.0376062 0.6142231 -1.1151496
0.8442429 0.5828800 0.4109456
0.5392653 0.0178441 -0.6100081
1.9769491 0.6104864 -2.9539642
0.2809000 -0.8207938 -1.4396666
0.5370319 0.0705118 0.7252648
0.9594052 0.6817237 -0.5180725
0.6167029 0.6490986 0.4058313
0.6759879 -1.5305946 0.3585750
0.2485653 -0.5919868 -1.0612768
0.9686491 0.1070199 -0.2715356
1.4890015 -0.3173148 1.1405996
0.5855228 0.2623494 0.7684865
1.2708684 0.3429984 -0.7183604
0.6738765 1.2708026 1.7668434
0.4856611 -0.7049823 0.1715649
1.3698896 0.0704115 0.2560256
1.7388262 0.3989704 -1.4477108
0.7946609 0.4356556 -0.0591023
0.1812751 -0.2946840 0.2762258
1.5730611 0.3018489 -1.0888638
-0.1779421 -0.5059391 -1.8804251
1.3631257 0.1419515 -1.6436858
0.2911868 -0.2959388 -0.9062458
1.0829563 0.6418694 -1.1040055
0.5003541 -0.2810835 -0.6239505
-0.1024909 -0.7140805 -2.7879848
0.7043622 -0.4998571 -0.5037100
1.0478947 -0.3588957 0.2549365
0.5382682 -0.5002614 -0.0719590
0.3248331 0.4719414 -1.0455439
0.8479484 0.2833090 -0.4940989
0.6926180 0.4372808 0.7268908
0.4630439 0.1125401 -0.3944709
0.3920610 0.0053340 -0.8047749
0.7624179 -1.3927824 0.4618890
1.4521623 0.0244208 0.9987829
0.7033971 -0.3468721 1.0377203
0.6611410 -1.3088698 0.4032946
0.7182196 1.7570455 2.0972390
0.5047129 -0.8323138 -1.1961551
1.0379599 -0.1824570 -0.9155717
0.6837662 1.3756391 1.8751664
0.3592342 0.3375899 -1.2776146
1.3488926 0.0201574 0.1766158
0.3754823 0.1076513 -1.1717356
-0.0531023 -0.6992719 -2.6752520
1.0725520 0.2290283 -1.2192500
1.1296021 0.2817727 1.1349458
0.3603409 -1.1566608 -1.5677557
0.9021342 -0.3146075 -0.5618466
0.7537649 0.4571770 0.3470226
0.2384444 -0.1167992 -1.3760067
1.7499359 0.3669392 -1.4113630
1.0152847 0.1444017 0.7884381
-0.6405298 0.2956659 -1.9971182
0.6913707 0.5205547 -0.0057006
0.8922877 0.7677578 -0.8430990
1.0836425 -0.1910205 0.1131529
0.7014651 0.0848456 1.0908215
1.1390204 0.0206311 1.3045607
0.5731477 -1.2613260 0.4794960
1.0978823 -0.1626626 -0.5839787
0.4778008 -1.0696412 -1.5242513
0.5167822 -0.5110483 -0.8621719
1.0463353 -0.2888290 -0.7207314
0.9414907 -0.5581557 -1.4006177
0.7835770 -0.3909814 -0.4390343
1.1730839 -0.4936599 -1.5008485
1.3433567 0.4856537 -2.3971419
0.9731704 -0.2423433 -0.5688004
0.4670432 -0.4714392 -0.8209658
0.8071244 -0.4498942 -1.0336998
1.2879343 0.4383035 -1.7041998
0.9601829 0.6853598 -1.1285542
0.0634737 0.1302065 -1.2500405
1.4104627 0.2688528 -0.8995717
0.4254105 0.4674160 0.5168514
0.6469146 0.8835139 -0.2791244
0.8645194 -0.0717986 1.2595720
1.0183414 0.5624158 -1.2441052
0.9895728 0.4464842 0.0475442
0.3170428 -0.0383114 -0.8994648
1.2070388 -0.0217929 -0.9439472
0.8842475 -0.5762792 -1.3288692
0.6671101 0.3094121 -0.7453410
1.4065037 -0.2077810 1.2603551
1.1327434 -0.4552359 -1.5521551
1.3409092 -0.0794823 0.1606983
0.3064189 -0.0739789 0.4215343
1.2042557 -0.3070003 0.9213802
0.5075800 -0.4651547 -1.5279113
0.3387162 -0.5934206 -1.9374951
1.2841933 0.1552163 -1.5477294
1.1787093 -0.1685732 -0.8225214
0.7082775 1.8069345 1.9707131
-2.2421834 1.2500062 -2.6794868
1.2957288 -0.1354415 -1.0613393
0.4712657 -0.1959073 -1.0885739
-0.3079301 0.4275221 -1.9952017
0.5314867 0.5050287 0.2663290
-0.1525224 0.2301203 -1.4109030
-2.1552606 1.1309034 -2.9007432
0.7378209 0.4597928 0.9655424
0.9502395 -0.5354526 0.4183919
-0.1932654 -0.7673513 -2.8109050
1.0873756 0.3082391 -0.8740441
-0.0750863 -0.3482602 -1.9868970
0.2457600 -0.7264028 0.2195801
0.2115434 -0.7673846 -1.6283226
0.0882660 -0.6011549 -2.1028960
0.2206158 -0.7300560 0.1923208
1.0097845 0.2655927 -0.8085006
0.4959541 0.4959262 0.3971688
-0.8324503 0.2390982 -2.2940602
1.3470180 0.5104328 -1.6446178
0.6958491 -0.1124062 -0.5261343
0.4931957 0.2061913 -0.0619075
1.0047988 0.6908303 -0.2733019
0.9912117 -0.4586000 -0.9131612
1.0800154 0.0985442 0.3247107
1.3708997 0.2098772 0.5277352
-0.2521480 -0.5995665 -2.8613453
-1.0496421 0.3551712 -2.5874388
-0.0621639 -0.3586048 -1.7050440
1.5359373 -0.2296397 0.9517702
0.4650448 -0.0018085 -0.7115100
-0.1819422 0.5377705 -1.5993491
1.3875588 0.1488726 0.4033722
0.6965879 -0.4416411 -0.1344406
1.3480434 0.1985904 -0.7564582
-1.7969981 1.0216308 -2.8027885
0.0459315 -0.6539956 -2.1604922
0.3619087 -0.7676414 -1.1445416
0.3435760 -0.1665719 -0.4859579
0.5736466 -0.7631813 -1.0230527
0.1964380 -0.2831712 -1.3442972
0.7207921 0.4982283 -0.0624405
1.2864300 0.5471357 -1.6163646
0.4681008 -0.1360739 0.7342318
0.9960319 0.0930982 -0.0610289
0.7241325 0.4451983 0.3412845
0.6546074 0.5662460 0.1188012
1.0533203 0.0151111 -0.3907041
1.1436814 -0.3683195 -1.3443841
0.7171592 -0.4066518 -0.3464545
0.4287096 -0.4477779 -0.1289157
0.5269882 0.4500127 0.6775678
0.7755072 -0.8969176 0.6099641
0.6496630 -0.5831409 -1.4957654
-0.3659391 0.4715940 -1.5721308
-2.5440061 1.1562088 -2.6360700
-0.6627122 0.3168994 -2.0120649
1.2996960 -0.0533818 0.1436415
0.6146674 0.4772947 0.2867226
1.0845631 -0.0575977 1.2411886
0.6959348 0.1832425 -0.9073358
0.2554964 -0.1266414 -1.1269931
0.6824080 0.7207414 0.5025497
0.8418415 0.0206996 1.1773187
-2.3112159 1.0660069 -2.5245535
1.4106005 0.1372343 -1.6007804
0.7973757 -0.5523933 -1.1183265
-0.5808868 0.3519660 -2.2845004
0.8279518 -0.5645533 -0.9687785
-1.0325022 0.3229967 -2.4207339
0.7177263 -0.4247739 0.1373784
-0.2308902 -0.6554347 -1.8044490
-0.1018480 -0.5795747 -2.4215262
1.2514939 0.0958033 0.7831302
0.2877046 -0.4241070 0.0507571
0.3678692 0.0256628 -0.7827582
1.1891744 0.4061420 -0.9012522
0.3230637 -0.6283113 -1.0619897
0.3422083 0.0908755 -0.1298140
0.3775993 -1.1484817 -1.5667890
1.0693158 0.0539873 -0.4387311
0.3199454 -0.9571890 0.1789198
0.9317489 -0.4134051 0.5200250
0.4704522 -1.0130039 -1.5632051
1.0554780 0.0695864 0.3852624
1.0865269 0.4680728 0.1937541
0.3264157 -0.7641813 -1.8393731
1.0229599 -0.2053615 -0.9277110
0.4247223 0.1833351 0.3810800
1.4389340 0.1000951 -1.3705398
1.1295077 0.1376541 0.8306900
1.4912435 -0.2457347 0.6831057
1.0519831 -0.3466445 -0.8018324
1.3630065 0.0688054 0.6955415
0.8562905 0.2686613 -0.5148946
1.3066633 -0.0286370 1.1266695
-0.5625601 0.4866275 -1.7913603
0.3517978 -0.8733248 -1.4881637
1.1325860 -0.2717021 0.8041975
0.6785320 -0.4876032 0.9299732
0.6570598 0.6591861 0.4281779
0.5998415 -0.0367396 -0.5280194
0.4176532 0.1721047 0.4410440
0.3003980 -0.7001371 -1.4819157
0.7319266 -0.6676491 0.6357689
0.3131964 -0.5334569 -1.2583588
0.6216275 -0.8179653 -1.2816263
1.4008446 0.2342192 -1.6882602
0.5829395 -1.2532957 0.3104151
0.6735165 -0.4604764 0.7406719
1.2934971 -0.3625863 0.9177603
1.2464801 0.1579864 0.9344258
0.8764607 -0.3696322 -0.4806477
1.0183005 0.5685023 0.3769614
1.0088878 -0.2366325 1.2215325
-0.0845856 -0.4058478 -1.7094436
0.7032615 -0.7170565 -1.3133165
0.3005702 -0.1507582 -1.5154512
0.4045456 -0.3996449 -0.0333907
1.4835905 -0.1791482 1.0878705
1.1457349 0.0972637 0.5446962
0.2329552 -0.8017628 -0.0522438
0.7769323 -0.4216063 -0.3537219
0.3070144 -0.2091048 0.0531746
0.6936631 -0.4397173 0.8202584
1.5050381 0.5276215 -1.2618338
1.0729997 0.5122928 -1.3559320
0.8183779 0.4978464 -0.1424968
0.6990326 0.0231078 -0.7111914
1.0271875 0.3043875 -1.1149960
-2.0426204 1.2322638 -2.6277132
0.7634800 0.7333953 -0.5555612
1.2226506 -0.3615095 -1.2896180
0.1649309 -1.0543907 -2.9562886
1.0415956 0.1278424 -0.4332013
1.2650982 0.1127430 1.1643730
0.5682537 -0.6777323 0.1878412
0.4701052 -0.4098585 -0.0895847
0.0995244 -0.6683510 -2.1815665
0.8357171 0.9553034 0.7513958
0.6089048 -0.0087064 -0.7347163
-0.0505881 -0.9654744 -1.6418629
1.3488567 0.2686126 -1.7843363
0.8856302 -0.3630763 -0.4800808
1.3049660 0.4568254 -2.3271563
-0.0782997 0.5283283 -1.3625419
0.8117359 -0.2081050 0.5017136
0.7030365 -0.5415352 -1.2647755
1.2810886 0.3305206 -1.4280283
0.8390038 -0.1113682 -0.4483734
0.8867208 0.3641466 0.0716301
0.5564939 0.2567998 0.7583114
0.0232904 -0.9941547 -1.5998006
0.6484340 0.6418111 0.0751281
0.9077133 -0.5392358 -1.0418303
1.2138280 0.4455953 -1.9377793
1.3168086 0.2872803 -1.7503936
1.0907021 0.6600216 0.5338121
-0.1998481 -0.6984905 -1.7049863
0.4313715 -0.8805538 -1.2541389
0.6725004 -1.5386819 0.3008453
0.2446033 -0.4758200 -1.7895311
0.8819251 0.6899728 -0.0464940
0.7107621 0.1199847 -0.8858783
0.6971570 -0.4646075 0.2535577
0.9294662 0.0846830 -0.3754887
-0.1377964 -0.4949578 -0.1702854
1.6431584 0.8065032 -2.8578069
0.2388661 -0.6816785 -0.0608939
0.6577888 -0.8868079 -1.5219706
1.1218846 0.6256039 -1.3394090
1.4848647 0.7638210 -2.9704435
-2.3421948 1.0917001 -2.5297320
0.6870309 0.5971512 -0.0841162
0.0740087 0.3436962 -0.9781197
1.2415437 0.1286865 0.8645211
-0.1619128 0.5293166 -1.7429121
0.1202706 -0.6688520 -2.2715771
1.2950685 0.4186227 -0.9536063
0.4577008 0.3374043 0.4798660
0.2098115 -0.5538439 -1.6893399
1.0400059 0.0273169 -0.3709107
0.0049394 -0.6047068 -1.5128231
0.3704947 -0.8680108 -1.4097823
0.3131989 -0.1124369 0.6210748
0.6878874 0.6867421 0.5011261
1.0703566 -0.0681415 -0.0428694
0.7222915 -0.5852836 0.2964133
0.6341147 0.6843054 0.4258294
0.4598087 -0.4747913 -0.0693301
0.5863950 0.5466696 0.1951879
0.8586016 0.2878135 -0.9251370
1.0545213 0.0263415 0.7234865
0.7555471 -0.3085896 0.6351624
0.7456412 -1.2646198 0.4300806
1.6429056 0.2224305 -1.3597560
0.6966064 0.5872878 1.4995708
-0.1153738 -0.6287621 -2.4828491
0.2638528 -0.4941877 -1.0118486
-2.3694243 1.0034513 -2.6932855
-0.7193634 0.4561262 -2.2862661
0.9177560 -0.6330721 0.5224224
0.8763817 -0.5966412 -0.8053976
0.4239501 -1.1056198 -1.6978686
-1.8679296 0.7711179 -2.7299743
0.8330222 0.7849546 -0.7456609
0.7122474 0.8392198 1.5914935
-0.1063027 -0.5829341 -2.4358265
0.5880095 -1.0733263 -1.6487983
0.5559264 0.0567689 -0.5328385
1.1980102 0.5211986 -1.0493903
-2.2269709 1.0628766 -2.5079594
0.6659641 -0.6967471 -1.4387665
0.4311039 0.1189744 -1.1562974
-1.8843056 0.8473595 -2.8337135
0.8263623 0.3700152 -0.5916454
0.0481039 -0.2641930 -1.8665886
0.2092474 -1.0256815 -1.4895759
1.0880926 -0.4904799 -1.1552688
0.2159735 -1.1593337 -1.5593220
1.0670764 0.1499340 1.0468328
0.4267724 -1.2194748 0.2450100
0.4171016 -0.8915432 -1.4265037
1.4955994 0.1635278 -0.9012060
0.6377482 0.9091983 -0.2538604
-1.8057269 0.9275985 -2.6515110
0.6011960 -0.6777053 -1.6221145
0.4093826 -0.4955034 -0.7773809
0.5753714 -0.4144457 0.6989365
0.8768023 -0.3189420 -0.9148150
0.8869330 0.7313209 -0.7440659
0.0135600 0.2531937 -1.1124154
0.8802377 -0.6819894 -1.5627847
1.1160163 -0.3225997 1.6782585
0.6825092 0.7467120 1.5333099
1.1761386 0.1315372 -0.7820446
1.5044701 0.0284882 0.9841847
1.3402488 0.0329452 0.9922979
0.9099982 0.7556037 0.4670699
1.4898657 -0.2743345 0.8387316
0.8632912 -0.3792982 -0.4682620
0.7462267 -0.1461421 -0.4574721
0.2269202 0.1715786 -0.8530016
0.6620649 -0.2370476 0.9647161
0.1949132 -0.7264077 -1.7492214
0.7039413 -1.0106300 0.6804763
0.8691863 -0.1692146 0.6685141
0.7861442 -0.5709684 0.1814757
0.9102535 0.7727451 -1.0800445
0.6744856 1.1778607 1.7217346
1.9180708 0.7444188 -2.8877003
-0.0458156 0.2094144 -1.5143460
0.3026284 -0.0494421 -0.3110784
1.1732681 -0.3172806 1.0088621
-1.8799770 1.0929532 -2.5713003
1.2040952 0.1199734 0.0517035
0.8127663 0.0873893 -0.9949208
0.0358979 0.3764505 -0.9905874
0.9075583 0.8684976 -0.8736913
1.0233204 -0.1542511 0.7364084
1.1456101 -0.5215613 -1.6088576
0.3107340 0.0277765 -0.9913680
0.6947935 0.6841319 -0.2644520
0.8740951 -0.1199620 -0.5772240
1.0683805 0.1369348 0.6495221
0.1848542 -0.5868405 -2.1792450
-0.5447242 0.4690177 -1.9753554
-0.6911923 0.2734277 -2.0692801
0.6945556 0.3105572 -0.2302040
0.2002470 -0.3358828 -1.0852962
0.4180897 0.0052609 -0.9972350
1.1887337 0.0250968 0.2122268
0.8153200 -0.5259995 0.1221434
0.7791327 -0.7696910 -1.3367249
0.4483321 -0.1353398 -0.6159080
0.5613694 0.4473982 0.8031102
1.2802958 0.1989160 0.8488106
1.2796782 0.1066382 0.7234626
0.2892805 -0.1594186 -1.2888772
1.1302097 -0.2157572 -1.0750272
0.9528612 0.6707278 -0.4982994
0.0232283 -0.6708146 -1.5138004
0.3117287 0.2584936 -0.6521326
0.9177740 -0.3142683 0.3433141
1.4333004 0.3681759 -0.8587416
0.2941346 -0.0847519 -1.5707254
0.5675219 0.2701558 0.7072633
0.0485990 0.2951967 -1.5536475
1.4734379 0.3062749 0.6189653
0.6063862 0.2674815 -0.0741693
0.9141205 0.7287248 -0.7668508
0.8469757 -0.6742567 -1.4518709
-0.0902101 -0.8924302 -1.6778121
-1.2107608 0.3863567 -2.6056976
1.0281200 -0.1465354 0.4729446
0.8332135 0.8256364 -0.7334465
0.1317436 -0.5146537 -1.3189595
0.4264456 0.1241303 -0.3020961
1.1720335 -0.0342917 -0.6838033
1.3873919 0.1882786 -1.6866263
-1.3818513 0.6040940 -2.5788856
0.6003715 -0.4343843 -0.0672854
0.3952752 0.0664430 -0.6913219
0.0387542 -0.1968722 -1.9178787
0.9718094 -0.7099033 0.7881142
0.1676499 -1.0709651 -2.9895413
1.0335919 -0.2674326 0.1461823
0.8178613 0.6648448 0.1448207
1.0081469 -0.3851708 -0.7770883
1.5069704 0.4186112 -1.0551412
1.5039716 0.6280858 -2.7799716
0.8728591 0.6032577 0.3862056
0.6619614 -1.0381727 0.5543247
1.4700187 0.4951063 -0.9648185
1.2698550 -0.3167031 0.8200281
0.7024100 -0.9741766 -1.6423434
1.3015071 0.4925500 -1.8298856
-0.0242320 0.4910510 -1.2294469
1.0075996 -0.2762179 2.0199604
-0.0069417 -0.2956742 -1.6565664
0.2394062 -0.5034763 -2.0579088
0.6748362 2.1565566 2.1735888
1.0024170 0.8451876 -0.9207780
1.5013885 0.2941835 0.7716126
0.5556694 0.2498578 0.7797008
0.4871728 -1.1630973 -1.7376882
0.1541682 -0.3981352 -1.1354556
-0.2686781 -0.6132681 -2.9104335
1.4286596 0.8319991 -2.8040149
1.0756701 0.3564011 -0.9129900
1.0210278 -0.0250326 -0.3111608
0.2775334 -0.7887337 -1.6386226
1.2831599 -0.3650587 1.1119131
-1.6089023 0.6795183 -2.6444497
0.5863884 0.3080161 -0.5930275
0.6916417 0.4337925 0.7053943
0.7262593 0.9526023 0.5859449
0.8649511 0.7912937 -0.1041894
0.4347807 -0.0556339 -0.6081578
-0.3010137 0.2819425 -1.9774516
-0.7409566 0.3712992 -2.4200757
1.3845055 0.1014974 0.8780412
0.2812490 -0.5223501 -0.9876478
1.5242743 0.3181237 -1.7014488
-0.8767239 0.2995065 -2.2739491
0.6633126 -0.5657341 0.3505906
1.1813393 0.2298992 0.1836806
0.8318409 -0.3994040 -0.3233641
0.8416654 0.4111564 -0.6181172
0.1921773 -0.5330697 -2.2163527
0.9363328 -0.3365918 0.3854704
1.2890763 0.3211671 -0.6775386
-0.2538897 -0.5880666 -2.7966003
1.2619962 0.2024173 0.9366578
0.4027321 -0.4213572 -1.7351153
0.2179308 -1.0116225 -1.3780726
0.6611170 0.8082738 -0.1770253
0.6881821 1.5883403 2.0074215
0.4388843 -0.2872219 0.7842584
0.7333781 0.0004716 1.0888422
0.7337220 -0.4242719 -0.5748581
0.5858780 -0.9793366 -1.4306903
0.8975118 0.2394103 0.7345877
-0.7650701 0.4367115 -2.1434665
-0.1416392 -0.8091514 -2.9763434
1.3843774 -0.3306133 0.7450194
0.5661448 0.5788280 0.2419514
0.0697463 -0.2557960 -1.8284622
0.9218310 -0.4599563 0.1502764
-0.0738537 -0.4978307 -2.7197449
0.4224856 -0.8111486 -1.1670903
0.9104084 -0.2206609 0.0135595
1.2580403 -0.2729332 -1.3520155
0.3438200 -0.6726461 0.1797910
0.3143410 -1.1366844 -1.6319515
0.7489010 -0.5779307 0.6698837
0.9643465 0.7394170 -0.7881424
1.1619437 -0.3692192 -1.1265417
1.0181466 -0.1372600 0.3077871
0.6868351 -0.3699504 0.7939008
0.2379494 -0.6623924 -1.5877339
0.2656975 -0.0959193 -1.6856142
0.6726727 0.0686115 -0.6636772
1.4550099 0.3014001 1.2594398
0.5987449 0.3009912 -0.2107384
0.0592305 -0.2148816 -1.6267083
1.5482594 0.3047532 -1.0448674
-2.1144753 0.7863515 -2.6757545
0.9496064 -0.3359808 -0.4860591
1.3719946 0.7541529 -2.8494735
-0.2238970 0.4886598 -1.3695420
-0.1951727 -0.9453142 -2.8683755
-0.0360862 -0.4526266 -2.2777426
0.9622959 0.2382431 0.5796398
0.5273929 -0.5835971 0.0716769
1.0712433 -0.4387145 -1.3732281
0.6608447 -1.0690269 0.5620323
0.3309074 -0.6220259 -1.0451998
-0.2518485 -0.6703050 -2.9770358
1.1665283 0.3843668 -1.1438007
1.2324517 0.6959580 -0.9680389
0.6774425 0.5434831 0.8201572
0.6891121 -0.4401273 0.6884143
1.6727338 -0.0885484 0.5749593
-1.5127833 0.5480538 -2.6726921
1.2282450 -0.2612423 1.5555524
0.4734069 0.1924229 0.1030728
0.2186479 -0.1955383 -1.5050781
1.1136218 -0.1246817 -0.4548097
0.5232124 -1.1061721 -1.6611073
-0.2800646 -0.7638118 -2.8272943
0.1673459 -0.4214124 0.1895661
0.7244613 0.8628861 1.5445524
0.6345498 -0.6063498 -1.5438253
0.7779638 -0.4931852 -0.5653850
-0.4270182 0.4494953 -2.0923340
1.2584553 0.0971664 0.7929258
-0.0733059 0.2108869 -1.5392889
1.4085279 0.1084886 0.8902817
0.5362774 -0.4127392 -1.4303197
0.9714937 -0.3079769 -0.5324972
1.0842646 -0.4826387 -1.2514278
-0.2302372 -0.8026731 -2.9792876
1.1386120 0.1352085 0.2822060
0.1901143 -1.0367051 -1.4218720
1.0225160 -0.5593045 0.1457164
0.5792475 0.3669590 0.0311793
0.5544051 0.6213186 0.1421182
1.4065055 -0.0446988 0.5728181
0.5651429 -0.5114072 -0.8561382
0.5841892 -0.5625694 0.2345840
0.8913382 -0.0500373 -1.0235541
0.3971103 -0.3535354 -0.0997607
0.7168465 -0.1680800 0.9665542
-1.8831905 0.8277960 -2.8235083
0.7437754 0.9531329 -0.0707518
1.1709871 -0.1726238 0.6962243
1.2060789 -0.3372011 -1.3992606
0.7569094 -0.7517585 0.7505878
0.9330342 0.8776741 -0.9222478
0.6243408 -1.0186694 -1.8467060
0.9686428 0.2677147 -0.8112437
0.4597488 -1.0205140 -1.5651485
0.4810551 0.4534729 0.3814633
0.6159817 -1.3032446 0.5421901
0.3598378 -0.4465701 -1.2909157
0.8818373 0.7586001 -0.8059675
-0.1892221 0.4801971 -1.1916640
1.4608556 -0.3073116 1.0565073
1.6339370 -0.0380636 0.7357669
0.5579220 -0.4382584 -0.1083177
0.1664447 -0.6199152 -1.1896913
0.3878330 0.0142619 -0.7788447
-0.0029641 0.3128440 -1.1135157
0.3251509 0.1472057 -1.2540294
0.9662176 0.1444505 0.7505278
1.2830848 -0.1000817 0.1535620
0.5253896 0.0332048 -0.7784717
-2.1016819 1.2133152 -2.8278630
0.1415513 -0.5626679 0.3055373
1.3499914 0.0509422 -1.1917493
-0.1800582 -0.6373959 -1.7818578
0.6650451 -1.3162305 0.4404878
0.7203766 1.1817954 1.7384336
0.7120603 0.6012558 1.4752356
0.2905363 -0.7070703 -1.3363824
0.7536040 -0.1793156 -0.9629748
1.3302419 0.4217629 -0.9593756
0.5210618 0.0268343 -0.7836572
1.1605844 0.2709733 -1.3268143
1.2784431 0.5263746 -0.8271813
0.5950549 0.3558446 0.6207440
-0.2223361 0.5216072 -1.8080350
1.3376410 0.5226703 -1.7590234
0.6633828 -0.9267075 -1.6459563
0.2992772 -0.0510575 -0.2120298
0.7913678 -0.2197631 -0.9408644
0.9577853 -0.5135131 -1.3239068
0.1644511 -0.2913261 -1.2321705
1.3401362 0.4420046 -1.5008900
1.1976180 -0.0155859 -0.9123338
-2.0336149 1.1253628 -2.8529375
1.3045347 0.2656909 -0.7884012
1.4426987 0.0677021 0.6741449
1.1749629 -0.3935086 -1.2396750
0.6712052 0.2958657 1.2478007
1.3552366 0.0485802 -1.1558343
1.2714014 -0.1868139 0.6751577
0.8439230 0.1645811 0.9475241
-0.0088746 -0.4382222 -1.6612772
0.1811591 -0.2071331 -1.7252057
0.5951907 0.0592302 -0.5165009
0.4423779 0.1126724 -0.6096513
-2.0529289 1.0292919 -2.5401590
1.6263818 -0.0127520 0.5650925
1.2067528 0.5221798 -1.0450233
0.8365186 -0.5696353 -1.2091050
0.6228414 -0.5372770 -0.8075615
1.5524880 -0.2235019 0.6823840
1.4279873 0.7450931 -2.9723287
0.2872869 -0.2623616 0.5777794
1.4932457 -0.0231905 1.1156962
-0.2208574 -0.5953026 -1.8041084
0.4743932 -0.7163975 0.3209114
1.0959623 -0.2789484 1.6157680
1.7467157 0.3495978 -1.4449750
0.0694201 -0.5555904 -1.3094701
1.1109086 -0.4157735 -1.0687205
0.9456576 -0.3389622 0.2694528
0.5647299 -0.7498421 -1.0067474
0.2037338 -0.5161672 -1.2162504
0.6515818 0.2256397 -0.9332690
0.9114316 0.3127246 0.5872137
0.4683281 -0.1102211 -0.9139785
0.4589370 -0.1336283 -0.9290183
-0.4565272 0.2957928 -1.7870185
-0.9120765 0.3944120 -2.2625136
0.1770046 -0.8100513 -0.0864462
0.9079975 -0.2142449 0.7855898
1.0566336 -0.3029013 1.9108458
0.9625079 0.6438855 -0.3152010
-0.2102091 0.4190605 -1.8982292
1.3649154 0.2308102 -0.7804139
-1.1979532 0.4277821 -2.4872406
1.5056195 -0.2977565 1.1305810
0.6899712 1.7037209 2.1057177
0.8781093 0.4505967 -1.0523735
0.4723279 -0.4689954 0.0003601
0.7514018 -0.8120335 -1.3651979
0.4433724 -0.0066026 -0.3785924
1.2776979 0.3140656 -0.8882422
0.8435491 0.3693468 -1.0371864
1.6683350 0.3806032 -1.2351528
0.0329358 -0.9434382 -1.4480300
0.3963282 -0.7182869 0.3531504
1.0319712 -0.5250038 -1.3966852
0.9305995 0.6646516 -0.1696037
0.6715019 1.2806083 1.7610446
0.1692908 -0.5669684 -1.2844677
1.3362389 0.5720599 -2.6943564
0.1058032 0.1757325 -1.0116593
0.7186160 1.5673786 1.8533106
0.6841573 -1.0465513 -1.8352370
0.9875249 -0.2709772 0.9057576
0.6624456 0.0810175 -0.6288764
0.8778536 0.3882825 -1.2242613
0.7530492 -0.9450706 -1.7219000
-2.2339678 1.2507850 -2.6955180
0.7018736 0.3860137 -0.9497522
0.2205108 -0.5466715 0.0786030
1.2814358 0.2439918 0.8856297
0.4524522 -0.2161600 -0.7194498
1.0892576 -0.5009351 -1.1896535
1.0899355 0.6574535 -0.8216230
1.1195290 -0.1532254 -0.6106154
0.9088643 0.0506107 -0.4422737
0.1471796 -0.5353929 -1.7982934
1.2812787 0.0482873 -0.6954189
0.9420367 -0.6732813 -1.5615243
0.0286889 0.4523831 -1.6125168
1.2450737 0.0048476 -1.1002066
0.7715424 0.1912202 -0.4801794
-0.2089504 0.4400063 -1.3463602
0.3735847 -0.4905827 -1.6199635
-0.0560949 0.2396218 -1.2371866
1.1342813 -0.2203749 -1.0950215
0.8182760 0.9049445 -0.1236697
1.3521342 0.0502455 -1.2004393
1.2419326 0.1971097 0.5960925
-0.0280261 -0.6810583 -2.4678197
1.1873015 -0.3892063 1.0810087
1.1577854 0.1477362 0.9634782
1.3275701 0.5702689 -1.0021966
0.6996041 0.2882263 -0.2779312
0.9706771 0.6593777 -0.1895760
1.3875173 0.6522914 -2.9266889
0.6438373 0.6943905 0.2327930
0.7256437 -0.1488027 -0.4983960
-1.4610455 0.5313371 -2.6228404
1.3919289 0.5440983 -1.3146969
0.0031757 -0.7327090 -0.0802355
0.4731277 -1.0783385 -1.7039524
1.0152951 0.5754627 0.2566037
0.1946511 -0.1998647 -1.7846943
0.9689271 0.4928808 -0.1067316
1.2064067 -0.4527220 -1.6063733
-2.3226852 1.1305307 -2.7364843
1.2324976 0.0750236 0.7369216
-0.1174195 -0.4561131 -2.7476280
1.1867901 -0.2156519 1.1265490
0.6584835 -0.5573456 -1.4612886
0.8210559 0.8256181 -1.2797160
0.7390195 -0.5642994 0.2797856
-1.3598313 0.6204568 -2.5938380
1.4995558 0.5927560 -2.1514108
0.7116612 -0.0277646 1.1587551
-2.6628947 1.2955484 -2.5647821
1.4883987 -0.0472774 1.0116985
0.7258966 2.0049913 2.1361611
1.4502209 0.5801927 -2.6443274
1.4086978 0.2179229 1.2510511
1.4205446 0.4654310 -1.1499189
-1.8642551 0.7754894 -2.7374899
1.8010843 0.6490093 -2.9652736
0.8171964 -0.1751836 0.7683731
0.7283155 1.5854919 1.8709779
0.1755894 -0.5838192 -2.2485363
1.3487130 0.0516495 0.2402195
0.5565425 0.2863043 0.7018101
1.5357450 0.4134641 -1.0327709
0.0619535 -0.7293012 0.0642765
-0.0051967 -0.6523920 -2.6048024
0.1453386 -0.2582560 -1.5058634
0.7106187 0.1796766 1.2652512
0.8151434 -0.1885643 1.2240124
0.2830758 -0.0836045 -1.7771546
-0.0424557 -0.7766013 -1.6544352
0.6629775 0.3630424 0.7097384
-1.5954927 0.6788470 -2.7701929
0.9293103 -0.4282037 0.3907498
0.6334400 -0.9497198 0.6812873
1.4644486 -0.2528481 1.2534214
0.1226980 0.3758108 -0.8005273
1.1133351 -0.0457983 -0.7930233
-0.2658308 0.2139274 -1.7350073
0.4548074 0.2551403 0.4918018
0.7704144 0.8869003 -0.2037403
0.3748547 -0.1815311 -0.7099125
-0.4563026 0.2523026 -1.8310478
0.9837668 0.3664612 -0.5637924
0.4897691 -0.0083970 -0.8164865
0.2448026 -0.1821271 -1.5031421
0.8729417 0.0934843 1.1278467
0.4168935 -1.1130944 0.3110728
1.3139952 0.4899912 -1.5842810
1.6016122 -0.0737495 0.8828740
0.2224241 -0.9746097 -1.3432992
0.5492021 -0.4800717 -0.8268578
0.5254718 -0.6503054 0.2595148
0.7313635 -1.3097360 0.4236125
1.4569337 -0.3034874 1.2986995
0.6707223 1.7138374 1.9474776
0.5868649 -0.3176603 -0.6375309
1.3124076 -0.3707252 1.4027290
0.5851632 0.1953198 -0.6067660
0.8444498 0.4644967 -0.9591240
0.6987247 1.2806247 1.8664823
0.6894516 -0.1295359 -0.5262671
1.1533526 -0.2670163 0.7922505
0.6463291 -0.3880136 -0.2115104
0.2395544 -0.6580166 -1.9525950
-0.1422046 0.3978090 -1.2847513
1.5461349 -0.0284426 0.9776809
1.2975701 -0.2892713 1.4438568
0.8514324 0.8969636 -1.1107559
1.6859859 -0.0457120 0.5021098
1.0774704 -0.0850363 -0.8445277
0.7121207 0.8627738 0.6088967
0.6051180 0.3529206 0.7626075
0.9611979 -0.4725539 0.2322627
0.9473436 -0.3445948 0.4932068
0.2071381 0.0673889 -1.0807512
0.7386184 0.3804790 -0.6417764
0.7662942 0.8086281 -0.5238357
0.1935703 -0.1540132 -1.3431929
0.7039475 1.6282305 1.8825724
1.2514178 -0.1867568 -1.0123122
1.3310108 0.6452900 -2.2898250
0.7456576 0.3289410 0.6155199
0.8820881 -0.3896841 -0.5029511
1.2810196 -0.1671176 1.0947533
0.7236816 1.6530881 1.9677274
1.4987441 0.1281515 1.0777532
1.5204955 0.5902014 -2.2008049
0.0697333 -0.6417211 -1.4389780
0.0712662 -0.5294267 0.0519465
0.7711754 -0.5968660 -1.1439179
0.3242281 -0.1538302 0.6601120
1.0199593 0.1269377 -1.2037518
0.8877295 -0.6014134 0.1951459
0.2106457 -0.8322819 -0.0369902
0.6910872 -0.4032947 -0.1277635
-0.7462775 0.4520561 -2.2234585
0.9842325 0.5711089 -0.9135513
-0.5958262 0.2267982 -2.1817992
0.8521751 -0.4175868 -0.4769133
0.3472632 -0.8782282 0.0030194
1.0042241 0.1403564 0.7666155
-0.0830279 -0.3581739 -1.7553800
0.3451252 -0.1942726 -0.4671973
0.6706018 0.9743621 1.5713501
-0.6499256 0.4319893 -2.0247211
1.0078801 -0.5566836 -1.4016678
0.8900896 -0.5497457 0.0815084
1.5030824 0.5384021 -2.3637524
0.0131884 -0.7260894 -1.4434329
0.7349893 -0.0011445 1.0780901
1.2792338 0.1159552 1.3689901
1.4343599 0.6791734 -1.0671867
0.1912804 -0.5305005 -1.7292376
0.8872731 -0.7345955 -1.0376679
0.6599348 -0.5476434 0.7006971
0.5010300 0.3732677 0.0684627
1.0750881 0.5811808 -1.1352649
0.4934750 0.3907063 -0.8687454
1.1922454 0.0652542 0.2103121
-0.6563259 0.4043258 -2.0015171
0.2827057 -0.6644499 -1.0228940
0.5511963 -0.3623372 -0.3163617
0.3884854 0.3468154 -0.7464102
0.7903640 0.8743313 0.6516539
0.2197035 -0.4243822 0.5608523
0.6202590 0.8321849 -0.2113075
0.9316503 0.6042987 -0.2976726
1.4279804 0.5129623 -1.9246792
1.4084985 0.4452480 -1.1139547
-2.0231094 0.9753922 -2.5089805
0.9324903 0.6316361 -0.4275930
-2.2446980 0.8817413 -2.7530558
0.3977605 -0.3522072 -0.7309971
1.5445838 0.4839810 -1.6813678
0.7779540 0.8382390 0.6647364
1.2735727 0.0292876 0.3236781
0.8356708 -0.3515704 0.0133516
0.3733228 0.4617119 -1.0441499
0.2658848 -0.1826584 -1.2467794
0.1359026 -0.5976720 -1.6540805
0.8741192 -0.2401986 -0.3349851
0.7907489 -0.3957863 -0.3687950
1.2339344 0.4312326 -0.9764450
0.4410895 -0.3632060 0.0283991
0.0863808 0.2997726 -1.5250622
0.8794098 0.8810422 -1.0122072
0.6845245 0.0605886 1.1986641
0.3240872 0.2756070 -0.6482360
0.9635743 -0.2899402 -0.9823838
-0.0085033 -0.7587640 -2.9741454
1.1586239 -0.3672853 1.1252323
1.4250292 0.0016157 1.2282400
-1.9772505 1.0601807 -2.5281765
0.4189886 -0.4116744 -1.3609358
0.0102990 -0.9071563 -1.4702437
0.4871764 -0.0378771 -0.5506710
0.3421272 0.0835246 -0.1457022
1.4551703 0.1034469 1.2499731
1.4904697 0.5305496 -1.7331345
-0.3174408 0.5106780 -1.4450518
-0.9172804 0.3274792 -2.2990260
1.0053169 -0.0001677 -0.2624926
0.9631991 0.2724128 -0.8183125
0.5090258 -0.9545678 -1.4901167
0.8355102 -0.2002242 0.9157510
0.5622578 0.5733169 0.1243838
1.1265613 0.1988504 0.2912496
0.1297022 -0.4372469 -1.1804217
0.2854563 0.0430067 -1.0572722
0.1816371 -0.5697960 0.4575242
1.1620688 -0.4740402 -1.6260200
0.2138021 -0.4157149 0.1381755
1.8533520 -0.1383891 0.5563545
1.0355815 0.6122755 -1.0953379
0.8222417 0.0020454 -1.0030358
0.4820317 -0.3854590 -1.3669822
1.0913179 -0.0683467 -0.9574707
1.4891186 0.1189281 1.1808705
1.5465597 0.6885961 -2.7896583
1.0063585 0.6025639 -0.8247459
1.1287405 -0.4765601 1.1737086
0.6428792 0.3006593 -0.8952862
0.9505343 -0.4120203 0.1162529
1.5237858 0.4858331 -1.4304181
1.0103986 -0.1182043 -0.8233354
0.7157193 0.7183214 1.5120337
1.1779248 -0.0296986 -0.9229056
0.3803071 0.0510761 -0.4717459
0.1902213 -0.4027857 0.1798937
0.3633888 0.4187321 -1.2311356
1.1792417 0.4498497 -1.0137525
-2.2101614 1.2326633 -2.7284076
1.3838644 0.1301015 1.2867789
1.3820381 0.4552459 -1.1345490
0.7092736 -0.7153489 0.9057243
0.1539882 -0.5537037 0.2814709
0.4735878 0.0885199 -0.5659571
0.8263592 -0.4453279 -1.0507308
-1.7293413 0.7937947 -2.7839408
1.6425818 0.7317672 -2.8268237
0.7154929 -0.4151863 0.0555144
0.9003701 -0.1661264 1.1649742
1.0989764 0.4462748 0.2019147
0.8625624 -0.5863312 -1.2874974
0.6566770 -0.9197680 -1.6150666
0.4533238 -1.0684745 -1.6691912
0.2635153 -0.8128942 -1.1626509
-2.4274478 1.1015542 -2.7161109
1.4340262 0.3822879 -1.9186829
1.3021619 -0.0491525 0.1480240
0.9200150 -0.6954627 0.4706854
1.3789097 0.4921791 -1.4892120
0.9180613 -0.4845315 -0.8841554
1.7219810 0.3783505 -1.3723021
0.1783846 -0.1226412 -1.9426888
0.3213636 -0.8348111 -1.4910195
-1.1520101 0.3610590 -2.4937377
0.6491807 -0.7606301 0.6696321
0.4657865 -1.1216471 -1.6343981
0.4439059 0.4047298 0.4943220
-0.0510012 -0.4802907 -1.4741333
0.6809612 -0.8382034 -1.2308840
1.2967414 0.2167569 -1.6955609
0.5100409 0.3289128 0.7169747
1.2012948 -0.1583930 0.6811183
0.7117991 0.3124239 -0.4886339
0.9327184 -0.4419402 -0.5729183
0.7303087 0.7098233 -0.4941328
1.5590892 -0.2625249 0.8516830
-0.1099130 -0.5442557 -1.7754347
0.4584531 -0.3162690 -0.7592812
1.7626033 -0.0802571 0.5502979
0.9251579 0.1781552 -1.0936378
0.3499068 -0.0734868 -0.4055216
0.5730926 -0.0309207 -0.6669339
0.9577214 0.7028993 -1.1561972
1.6853565 0.4447180 -1.4833766
1.1371634 0.6495315 -1.2142001
0.6225476 -0.3069814 0.6835599
0.7199749 -0.7792634 0.8016640
1.1057841 0.6061243 -1.2124146
1.4191296 -0.3297926 1.2909123
0.9981787 0.1239027 -0.2937030
0.6548640 -1.6552055 0.2708767
1.0175514 0.4633056 0.1242014
1.2726204 0.0642924 0.7195173
-2.2470958 0.9358469 -2.5792453
1.4313643 0.1073493 -1.4964161
-0.4061258 0.2539945 -1.7622143
0.7090140 0.9250253 1.6558787
0.1475780 -0.2372586 -1.5515053
0.8201667 -0.3888030 -0.4541124
0.7635126 -0.3684759 -0.9265577
0.4378231 -0.3142652 -0.7497350
1.1078185 0.0497681 1.2433631
-0.6873978 0.2984667 -2.0483463
0.6834621 -1.4159991 0.3579476
0.3547986 -0.5166534 -1.3919953
0.5865314 -0.4912352 -1.5838174
-0.4583214 0.2421307 -2.0879457
1.2845886 -0.4529980 1.2895207
0.7228786 -0.4013633 -0.0320458
1.3437600 0.0766279 -0.9283860
1.3347143 -0.2666658 0.6880977
0.2873105 0.3295847 -0.6835933
0.5657689 0.0089100 -0.5910473
0.5303689 -1.3475586 0.3734175
1.7846663 0.6281045 -2.8454149
0.4215258 -0.3304586 -0.7826793
0.6152423 -0.4644512 -0.7474731
0.7235920 0.4093035 1.3083276
1.4940560 0.0794655 1.2225474
0.7241784 0.3921282 -1.0668979
0.6971049 0.8534914 1.6407286
0.1613747 -0.1833351 -2.0608521
-0.0463190 -0.6898132 -2.7430487
0.7018273 0.3566061 -1.0060893
1.9920635 0.7566020 -2.9455163
0.8551661 -0.5806008 -1.0930263
0.6890250 0.1848808 -0.4137829
0.7494172 -0.5231315 -1.0862505
0.2851055 -0.7233278 0.2882109
-0.1660246 0.4484992 -1.2968385
1.2954383 0.1129790 0.9905078
-0.2356361 -0.5584531 -2.7304876
1.8872719 0.6384524 -2.9693112
0.6955752 0.7301106 -0.4427687
0.2594548 0.0743202 -0.8864759
-0.1404471 -1.1149189 -2.9708803
1.5172620 0.5018709 -2.1985879
1.1016115 -0.4649704 -1.2526096
0.2273978 -0.0282346 0.1169677
1.3289059 0.2932006 -1.7816380
-1.0807551 0.3548611 -2.5887690
0.8277952 0.6156521 -0.4950603
0.0463077 -0.2620106 -1.8934642
1.4869120 0.5739902 -1.0849420
1.0541471 -0.5221341 -1.1771863
1.4302762 0.0275045 1.3777024
0.2139285 0.4925229 -1.3161392
-0.6402677 0.3644715 -2.3369391
1.1557164 -0.0218937 -0.8644036
0.4533147 -1.0931358 -1.7089823
0.8350076 0.6898891 0.0508746
0.3920577 -0.2591268 -0.6037596
0.6951892 0.2423754 1.1745282
0.0698203 -0.3433779 -1.5957508
1.4215297 -0.1814530 1.2236362
-0.0378229 -1.0775018 -2.9373837
1.1396244 0.3061256 -1.2565420
0.7344795 0.6815578 -0.1095060
0.1896856 0.2418886 -0.8496434
0.7191181 0.1892240 -0.4222537
1.3720747 0.1968372 -1.7002003
0.3385515 -1.0470998 0.2216329
0.6322532 0.0328186 -0.7455890
0.7107467 -0.3827916 -0.1208071
0.0068165 -1.0386086 -2.9770539
0.6280233 0.6740726 0.3349989
0.4876300 0.3038411 0.7228595
0.7187096 1.6328448 1.9877007
0.6462320 0.3301223 0.8508592
1.0287141 0.7149416 -1.1343492
0.1821909 -1.0010219 -1.4018002
1.3750209 0.5298821 -1.9482549
0.5251802 -0.6054288 -0.8463802
-0.3712103 0.5045956 -1.6211172
0.7599842 -0.4938160 -0.7784718
1.3210528 -0.3008856 -1.5346344
0.9501881 0.2559473 0.0238369
1.4295874 0.1818746 -0.9592513
0.5768195 -0.4341378 -0.4783607
-0.0643237 -0.4837852 -2.6583879
0.3840887 0.0568422 -0.3888454
1.3503699 0.1227426 0.9947907
0.3862981 -0.2072380 -0.8478880
0.9335697 -0.2884248 -0.9419178
0.1325516 0.3096631 -0.9091230
0.7841501 -1.2945892 0.3926367
0.9439322 -0.6764214 0.4696594
0.5956872 0.5710128 0.8538282
1.3355986 0.3545656 -1.8910912
0.3674820 -0.5066153 0.0701051
0.9464862 0.6802235 0.0061733
0.5390975 -0.9428312 -1.6464386
0.3100080 -0.2722116 -1.0361224
0.8645212 0.5294570 0.6242410
0.4282816 -0.2707372 0.7822368
0.1691383 -0.1463349 -1.5826321
0.2520401 -0.7696041 -1.6803337
1.3517084 0.0435371 1.0884310
-0.0440214 0.1792836 -1.4180065
0.2337082 -1.1406114 -1.6346961
0.5543986 -0.0082907 -0.7472585
1.1540319 -0.3054562 1.5865526
0.9102097 0.2679989 -0.5210903
0.4436177 -0.4159536 -0.1786156
1.3548371 0.1562392 -1.4787323
-2.2069564 1.1164958 -2.5276508
1.2845453 0.1412037 0.8717825
0.7746226 0.4689493 -0.1016634
0.4068926 -0.4001991 -1.3149955
0.6113142 0.7057214 0.8863580
0.0790811 -0.3880472 -2.2340751
1.1591058 0.3693835 0.6773338
1.3718379 0.5642684 -1.6921548
1.0187954 0.2786693 0.4952141
0.1254150 -0.3841826 -2.1827042
1.6473246 -0.1891739 0.6481413
1.2123475 0.7313290 -0.9710063
1.0453560 -0.1593718 0.1640925
-2.2175505 1.2634140 -2.6079977
0.9249762 0.0241511 1.1974685
0.5695103 -0.4949966 -0.5428942
-0.9322779 0.4762232 -2.4178829
0.8287924 -0.6213053 -1.1629930
0.8896631 -0.2594206 -0.2327383
0.5339918 0.6146388 0.1491989
-1.5866939 0.6097773 -2.7088871
0.9122345 0.5474405 -0.2048314
1.3324851 0.5510502 -1.4710754
0.2781877 -0.6745102 0.3619484
1.1589924 -0.0923477 -0.9914421
0.5698461 -0.3673486 -0.2432226
1.0276809 0.7143951 -1.1353269
1.2120270 -0.1328463 0.6721293
1.3936458 0.3644600 -0.9132816
-1.8678657 0.8280589 -2.8161159
-0.0840060 0.4519967 -1.1217726
1.6963130 0.3128912 -1.2591031
0.6868496 -1.3942230 0.4619885
1.0202656 -0.1600836 0.4476614
1.1612133 0.3681944 -0.7297320
0.5080309 -0.4623608 -0.8022231
0.2767356 -0.6187873 -1.1363635
0.4445666 -0.0799451 -0.5978394
-0.2332787 0.3169570 -1.9288695
1.4474272 -0.2201216 1.2585317
1.1310281 -0.2982832 0.9159777
-2.4395611 1.0687898 -2.6875775
0.5284582 0.2989998 -1.0939087
1.8432573 0.6680082 -2.9659622
0.6685786 1.3054346 1.7476345
1.5993608 0.0215214 0.6682513
1.3010492 0.6343113 -2.5409584
0.9954740 0.0624518 -0.2150784
0.6400186 -0.9471915 -1.3937893
0.8331867 -0.4728972 0.3495909
1.1996099 0.6762924 -0.9188228
1.2448751 -0.4038126 1.0883620
0.2377853 -0.9915345 -1.3452998
1.4805394 -0.1041306 1.0387491
0.7086601 0.9253750 -0.1903117
0.7699891 0.6247650 0.2312835
0.5535888 0.3674616 -0.8537339
0.7668365 -0.5065046 0.1631830
0.0512138 0.1341741 -1.1975455
1.1964954 0.4184422 -0.9546926
1.2928897 -0.1633140 0.1205932
0.0303544 -0.5096998 0.0452677
0.3134507 -1.1918359 -1.6072700
0.9380586 0.5095539 -0.7358592
0.3935009 0.3925618 -0.8563019
1.0414989 0.1336670 0.5108947
1.0351316 -0.6263735 0.3878869
0.7629080 -0.4331708 0.2905587
1.3285706 -0.0550396 0.5868217
0.0362434 -0.3789309 -2.0844193
0.3431952 -0.1510565 -0.5926514
0.8583747 0.2493917 -0.2941141
-0.2504558 0.5180630 -1.5444460
-0.0934273 -0.8858610 -2.8429337
0.4764777 -0.8817890 -1.3087513
0.7538923 -0.4247068 0.0670015
0.7191688 0.6713389 -0.0145507
1.3148419 0.0176351 0.6129147
0.1147207 -0.6090869 -1.2634188
-0.0037484 -0.7434410 -2.9650612
1.1449785 0.1336479 0.2514620
1.6340669 0.4369135 -1.3345302
1.0095254 0.2246813 -1.1672349
-0.2085590 0.5090442 -1.4051931
0.0145970 -0.8423474 -1.6046914
0.7230035 -0.6366010 0.9531918
-0.4209004 0.3725534 -2.1239681
0.9208127 -0.3630479 -1.0448368
0.7319320 0.7913182 0.5425853
0.6782069 -0.0223252 1.1432049
0.8600302 0.8624049 -1.2376766
0.9689097 -0.4098727 0.4791118
-2.2776387 1.2801987 -2.6259518
0.9669599 -0.1550950 -0.1480126
-1.1696798 0.3858106 -2.6225910
0.7599243 0.3972130 -0.8000553
-0.1995296 -0.5829062 -1.7211480
0.9365195 0.4985269 -1.1821909
0.6151427 -0.3266913 0.6871158
0.2569578 -0.1249809 -0.0690292
-2.2506566 1.1804737 -2.7593651
1.4366838 0.4373633 -2.3068030
0.9547944 0.8337474 -1.2967542
0.1286319 -0.4150535 -1.3124088
0.5071664 -0.7794673 -1.0426798
0.7861729 0.2272033 -0.3646756
1.4718211 0.6505554 -2.3492503
1.0232207 -0.2806078 0.9719127
0.4235093 -0.9248960 -1.7059277
-2.2892110 1.1306281 -2.7556930
1.2259263 0.1468482 -1.3749936
0.2855233 -0.9593396 -1.2871916
0.6404258 0.2656342 -0.3215630
0.3035462 0.4497022 -1.2762247
0.2324086 -1.1870619 -1.6447052
0.2797893 -0.7769955 -0.0708938
-0.9002940 0.4685136 -2.3878877
0.9554282 -0.4084867 0.0795806
1.3308431 0.6470589 -2.4632213
0.7234650 -0.4194135 0.5462068
1.5061980 0.6123018 -1.0658479
1.5113740 0.0618554 0.8984376
1.4287317 0.2844676 -0.8335485
1.1994227 -0.3267781 0.8104357
0.7477749 -0.2306649 -1.0033655
0.5134838 0.0488090 -0.6365329
0.4532456 -0.7724844 -1.1199558
0.5407131 -1.1254241 -1.7987690
1.4336348 0.2701384 0.2218973
0.1225220 -0.5365075 0.4200673
0.3951720 -0.0345065 -1.2068046
0.5089096 0.1367990 -1.1144439
0.8515411 -0.0698621 -0.4540499
0.6298785 -0.4440509 -0.1332758
0.9522449 -0.1196494 0.7117410
0.7149593 -0.3316140 0.7741405
-0.1560704 -0.4393673 -1.8923467
-0.7311185 0.4338508 -2.1126919
0.4867728 -0.5556751 0.5751027
1.0100305 0.7390491 -0.5779322
0.9140011 0.3488862 -0.1135826
0.7116337 -1.5201507 0.3015719
0.4451557 -0.7434105 -1.1149839
0.6627838 -1.6163210 0.3006632
0.9735809 0.1885705 -0.2888365
-1.3520993 0.4611930 -2.6691425
-0.1651726 -0.6029422 -2.9678841
-1.6477298 0.7674472 -2.7747293
0.1833058 -0.6653993 -0.0086170
0.0732982 -0.6329647 -2.4179702
0.8445258 0.0214189 -1.0271091
0.7862546 -0.3082246 -0.3396912
0.2487723 0.0565464 -0.9350446
0.4387128 0.1225563 -0.4209179
0.4578714 -0.5424365 -1.6041980
1.7149243 -0.0523466 0.5989704
0.7198830 0.8687110 1.5010858
1.3575554 0.2768116 -0.7352653
1.1545638 0.6313826 -1.2721945
0.7973224 0.4702390 -0.9335597
1.0180333 0.8466913 -0.3849514
0.6945809 1.6376617 2.0976181
-0.1121411 -0.5872138 -2.4568536
0.8941946 -0.0442045 1.1984110
0.5476409 -0.6231722 0.0644415
0.5334380 -1.1385021 -1.7249401
0.4464086 -0.0072765 -0.3872375
0.1031187 -1.0864203 -1.6292192
1.4595506 0.5270479 -2.0751472
0.9897563 0.7619042 -0.6773939
0.5677778 0.5493062 0.4901898
0.9361172 -0.3430243 0.4320256
1.2543215 -0.1320796 1.1707554
0.8849372 0.3261518 -0.5557086
0.7383866 -0.7448918 0.8721780
0.7438699 -0.0758770 0.9863227
-0.0817800 0.2091971 -1.5413098
0.3444647 0.2135529 -1.2996074
0.6312395 -0.4254732 -0.4433185
-0.2443173 0.5157073 -1.5243186
0.2784953 -0.2921873 -1.1151973
0.8680593 0.5538546 0.6240553
1.4471831 0.0993184 1.2193468
0.2320874 -0.0312979 0.1528753
0.7254362 -0.7254006 0.8812005
0.7831549 0.4465780 0.5753899
0.5466686 -0.4679625 0.6261573
0.7987919 0.8176889 -0.1925051
0.3700841 -0.3138745 -0.9497089
0.9046723 0.7525570 -0.1991757
0.6682055 0.6203021 -0.0025002
0.0916093 0.3314194 -0.9687597
0.3323783 -0.0732060 -1.4833826
1.2015371 0.7173955 -1.1778476
0.8740712 0.7206801 0.7477535
0.3242741 -0.5558696 -1.2023939
-0.1402540 -0.6812649 -1.7146713
0.6798766 1.1589632 1.7424284
1.3000201 0.5774780 -0.8998527
0.3712389 0.1501262 0.2299753
0.5589374 0.0354246 -0.8389826
0.5106961 0.1873872 -0.3903697
0.9477158 -0.5994324 0.2736824
1.5882354 0.1837347 -1.4068693
1.4837697 -0.0878444 0.5418095
0.5013366 -0.4625685 -0.1234798
-2.4499531 1.1042423 -2.5886402
0.2734273 0.0130610 0.1267636
-0.8034421 0.4559798 -2.3213933
1.3218220 -0.1675824 0.1523807
0.9373418 0.2878370 0.0321629
1.5444363 -0.1354919 0.5399927
-0.1549820 -0.7945818 -1.7048410
0.5083077 -0.5425265 -1.6916038
0.7176241 -0.2475033 1.0574261
1.1439180 -0.0449866 1.3247650
0.4886836 -0.2513099 -0.5703199
0.8590280 0.8558225 -0.7950906
0.7340271 0.5031663 0.3445166
1.2317139 -0.1756551 -1.0825086
0.9199458 0.0704399 -1.1042473
0.7733811 0.4529262 -1.0319279
1.6745852 0.3125717 -1.5478154
-0.6238463 0.2457745 -2.0165243
0.3009993 0.2994795 -0.6936691
0.9964092 0.0377426 0.7076247
1.4282918 0.5747499 -1.4874244
0.4424209 -0.8688800 -1.7461625
0.9201510 0.7811411 -1.1543912
0.4141975 -0.2783951 0.7710242
0.7118443 -1.5952228 0.2581636
1.1736963 0.1161423 0.7994550
0.8950641 -0.3730310 -0.3605187
-0.0041084 -0.3451540 -1.5976627
0.7991850 0.2913537 -1.1529949
0.0789206 -0.9480329 -1.4199859
0.8342429 -0.5428386 -0.6073192
-0.8204145 0.2334678 -2.3182137
0.9026552 -0.7220584 0.6820933
0.4810985 -0.3382432 -0.5909495
1.6431562 -0.1110336 0.8442886
1.7363770 0.3332378 -1.4073097
0.4525746 -0.2950773 -0.7077349
1.4477398 0.1623478 0.4104678
0.6836637 -0.7045819 0.6410090
0.4738604 0.3823334 0.3103020
1.3217191 0.6393811 -2.7767322
0.4408389 -0.2556055 -0.2341124
1.5464597 0.6052821 -2.8986049
0.2366905 -0.9433753 0.0338947
1.3597801 0.5749280 -2.6092298
1.0142998 0.3449079 -0.5497574
1.0320259 0.0598316 0.4624231
1.1327802 -0.4896772 -1.4301581
0.7298711 -0.4940960 0.2386366
0.3449122 -0.8658534 -1.6962295
0.9264382 -0.5732333 -1.2458135
0.5483233 0.2696029 -0.6312163
0.5847799 -0.0382740 0.7751647
0.8593268 -0.3652048 -0.4481410
0.4832702 0.1638217 -0.3775268
1.3047400 -0.3172875 -1.3712256
1.1961353 0.7406412 -0.9939334
0.5495149 -0.9368238 -1.6385410
0.1090336 -0.8120392 -1.4332774
-0.1012375 -0.5244720 -0.0834773
0.2568977 0.0675864 0.1340422
0.5753753 -0.6123908 -1.6987835
1.0004662 0.5973831 0.2355911
0.5887831 -0.3923976 -0.1690568
0.1372858 -0.7220737 -1.6139969
0.4654853 0.1363150 0.6530935
0.4349266 0.3299050 -1.1986048
0.3736243 0.2565801 -0.6357533
0.2031798 -0.1725871 -1.9454334
0.3281537 -0.1592853 0.6753148
0.7432540 0.7928121 -0.2474335
0.8712631 -0.5203153 0.0673743
-0.2100704 -0.5485238 -2.7827206
0.3711294 -0.2764706 -0.8796746
-0.7767323 0.4254913 -2.4288313
0.7246109 0.5068952 1.3532403
0.3484115 -0.9039581 0.0297626
1.0761138 -0.1437111 1.2602178
0.7358109 0.2368484 0.7851660
0.9462433 -0.6539201 -0.8608522
1.3344691 0.0824986 0.1506610
0.0447041 -0.9038578 -2.9678156
1.3865906 0.6478009 -2.2224081
0.3754149 -0.3550731 -0.8713657
0.9828009 0.5843202 0.5158876
0.3717737 0.2989113 -0.7033599
0.2111571 0.2777709 -0.7994912
0.7283112 1.2444782 1.7009007
0.6331561 0.2812454 0.9685479
0.4617503 -0.4627870 -0.0988894
-2.3042822 1.1384748 -2.7498882
1.0379655 -0.0718610 0.3951256
0.6890028 0.3952185 1.3744255
0.4991465 0.2151585 -0.4758258
-2.5200627 1.2527686 -2.5637157
0.8022649 0.6085749 -0.4007089
0.7211546 -0.4611743 -0.7042542
-0.1296482 0.2202780 -1.3821712
0.4679108 -0.8812749 -1.3162906
-1.1771821 0.4761721 -2.4554036
1.3289920 0.1438674 0.7144225
0.1165096 -0.8743519 -1.3291583
0.5713150 -0.0543829 -0.9464315
0.4400820 -0.0403212 -0.4220232
0.4297777 -0.4343156 -0.0100082
0.3665842 -0.8211008 0.2518086
1.4738228 -0.2579609 0.8862462
0.0678003 0.4995647 -1.2527105
0.3932243 -0.0646726 -1.4159437
0.5965930 -1.0472052 -1.8447051
1.2420537 0.4799243 -2.2437248
1.0399555 0.6653228 -0.2115439
0.7377360 0.3611336 -1.1017058
0.7772117 -0.3786756 0.4609534
0.8571108 0.6969292 0.2300866
0.3722480 -0.0638813 0.6729516
0.7217246 0.9726856 1.6177741
0.6220734 0.3506537 -0.7212896
-0.5824592 0.3332385 -1.9152377
1.0023712 -0.5199345 -1.1189020
0.2210031 0.4581397 -1.3723619
0.6722095 0.7816627 1.4617338
0.4828163 0.2609845 0.6690370
0.7600452 0.3414489 -0.6018754
1.1466496 -0.2571099 -0.8782594
0.9920793 0.1178851 -0.2147023
0.7662815 0.0759791 1.0490419
0.3636028 -0.2396020 0.7271639
0.3112679 -0.0796378 -0.3224038
0.4086836 0.3527661 -0.7479900
1.1023375 0.1743239 0.3526487
1.0760663 -0.2836379 -0.7704835
1.2026848 0.1040612 0.1861998
1.0016627 -0.3113470 0.0817390
0.5784053 -0.0370132 -0.6734998
-1.4749833 0.5969889 -2.5957839
0.8592615 -0.5244095 0.2818151
1.4778202 0.5402359 -1.6714088
1.3477052 0.3935631 -1.0090531
1.0735804 0.3418910 -1.0972551
-1.1076159 0.3391174 -2.5418177
0.2338356 -0.4962540 -1.7264906
0.3301418 -0.5357094 -0.9113789
-0.1935768 -0.5681315 -1.7363440
1.1531197 0.1012147 -0.5627272
1.0339087 0.6109209 -0.9595471
0.5497018 -1.0839071 -1.8013905
0.2053579 0.3816035 -0.8212435
0.3889569 -0.6927617 0.0075564
1.2983998 -0.1891748 -1.1244416
0.2784135 -0.4866886 -1.6628529
0.8515059 0.8577385 -0.3094480
0.0500628 -0.4289013 -1.3072073
1.1653525 0.0314002 0.7104723
0.3659552 0.0928695 -0.1906679
0.8355033 0.8985886 -1.2118723
0.4577021 -0.8020518 -1.0561453
0.8456501 0.0856821 1.1375031
0.8720219 0.2752675 0.7328737
1.0290645 0.1694120 0.0697941
0.7435165 0.3909571 -0.7075282
0.0172812 0.4564214 -1.1564379
1.7133839 0.3051867 -1.4935160
1.0012376 0.1740829 0.6120653
1.4881116 0.4925416 -2.3364921
0.6470907 0.3065142 -0.8884177
0.5405799 0.8694131 -0.1391945
0.5323725 -0.0245132 0.7394723
1.4192903 0.1135432 -1.4989388
0.0736656 -0.6968142 -1.3447052
0.6838229 2.0175977 2.2267244
0.8171889 0.0562671 -0.5058704
0.8044590 0.4260593 -1.0969367
0.6504315 -0.3251686 0.9629166
0.1944779 -0.4978993 -1.8259153
1.1640048 -0.4386455 -1.2180331
1.5793494 0.8998654 -2.9370811
0.9462375 0.6367587 0.4148685
-2.1113598 0.8380218 -2.7814112
0.5225111 0.3434291 -0.7480510
0.8764982 0.7395042 0.0407699
0.5617589 -0.1581663 -0.4778714
1.1849062 0.3728470 -1.0102823
-0.0576293 -0.6150449 -1.4957314
1.4467599 -0.2700336 0.7418480
0.6717921 1.4894971 1.8630539
0.3196979 0.0620479 -0.1790646
0.5614418 -0.5785841 0.0519340
1.1953810 0.2649921 -0.6967189
-1.6471652 0.7903695 -2.6736171
0.9935780 -0.1059491 1.1905078
0.1186411 -0.2336798 -1.8172852
0.7264469 -0.8691973 -1.5653207
-0.1207430 0.2116186 -1.5771421
0.6781659 -0.8484954 -1.2476705
0.5436305 0.5658004 0.1558167
1.8316317 -0.0421333 0.5850248
0.0493127 -0.9552214 -2.8751862
0.3550011 -0.5042439 -1.5858146
0.4076836 -0.3988342 0.6855474
1.3628219 0.2525716 1.2738125
0.3304625 -0.9810254 0.0776475
0.7699195 0.2611677 -0.3148176
0.3859723 -0.4829307 -0.7854468
0.2958514 -0.0323461 -0.1868272
0.3016121 -0.4600779 -1.7514968
-1.9922574 0.8791718 -2.5180488
0.7135107 1.6246510 2.0179851
1.2622398 0.1262469 1.1838833
0.4312425 -0.6274664 -0.8891262
1.4251645 0.1729192 -1.5266811
1.4082162 -0.0840077 1.1021369
1.3950278 -0.3123886 1.1671339
0.0539255 -0.3532645 -1.6218344
1.4956257 0.2229849 1.1968493
-0.2671639 0.3326293 -1.9733664
0.3247485 -0.4859650 -1.0281035
0.8236843 -0.4185917 -1.0151396
0.8416572 -0.1766669 0.6560383
0.5494989 -0.0724025 0.7381463
0.4107249 0.0808053 -1.1176754
0.0018903 0.5353081 -1.3660187
0.8067221 0.4886051 -0.1319772
0.7601648 0.9001321 -0.1026018
1.4217634 0.2468154 0.6654025
0.8864737 0.8858989 -1.2243098
0.8738268 0.7892963 -1.0765542
0.4488792 0.2041638 -1.1979215
1.3420423 -0.1298960 0.5796608
0.3592621 0.2116897 -1.2865926
0.5325781 -0.4169609 -0.4462096
0.3732675 0.1321241 -0.0977745
1.4532790 -0.2722076 0.9396366
1.2637062 0.6132711 -1.0559430
0.2715941 -0.8085521 -1.4994198
1.4451228 0.8246750 -2.7562785
1.4778849 -0.0175924 1.1386093
0.6622442 -0.2615458 0.9175882
0.5052016 0.3452831 0.7481165
0.1849567 -0.5836184 -1.5644385
1.4897417 -0.3148014 1.0270379
0.5828676 0.8176370 -0.0862876
0.3145363 -0.0775612 -1.3339174
-2.1545315 1.0694867 -2.8483779
1.0236270 0.0994816 -0.1528094
1.2822381 0.0232869 -1.0813093
-1.1232760 0.3397723 -2.5201185
1.2825217 0.5846400 -2.3252938
0.9130039 0.2028192 1.1837224
-0.1530297 0.5281003 -1.4480209
-1.8026199 0.8817521 -2.6645110
1.0027496 0.5033863 0.0914982
1.1644212 0.1247158 0.1344861
1.4551637 0.3873294 -1.8810072
0.5179717 -0.3864891 0.7227035
0.6246570 -0.3519525 0.6690834
0.5987594 0.0193356 -0.5821021
1.3655156 0.4799024 -1.2136046
0.8315046 -0.6283293 -1.1923873
0.4325817 -0.2650500 -0.7512408
0.2803723 -0.5443206 -1.4796468
0.6221541 0.1418412 -0.5734291
1.1782399 -0.4942574 -1.5126173
0.1425130 0.4824041 -1.1353617
0.3207628 -0.7094347 0.3020175
1.2175857 0.4913064 -1.5168248
0.8125806 0.2661789 -0.5606727
0.8536342 0.2732123 -1.2445282
0.6059403 0.3157626 -0.7864699
-1.9587590 1.1975083 -2.6475480
0.8934087 0.7388132 -1.3516424
0.3821188 -0.9993792 0.2948701
0.6736383 -1.4181230 0.4119166
0.7250204 0.8799800 1.5487115
0.7631481 0.7700047 -0.5536077
0.1050878 -0.9182615 -1.4672518
1.0512824 0.0477396 0.3694153
0.8152593 0.3162669 -0.3061935
0.2021844 -0.1978611 -1.7323171
0.5905416 -0.8023384 -1.6391171
0.1621293 -0.7587063 0.1340302
0.8636960 0.1730117 -0.3972146
0.4655619 -0.2930095 -0.6947689
0.3573274 -0.1590449 -0.5531420
0.2972905 -0.0614953 0.5168054
1.5772768 0.4903287 -1.1002667
1.4521662 0.3277305 -0.9947226
-0.3721053 0.2465451 -2.0053647
0.2771461 -1.0370579 -1.3798491
-1.3466314 0.4486831 -2.6465034
1.2452525 0.3732162 -1.9344233
1.5072012 0.5667808 -2.3775082
0.8554100 0.8029413 -1.3177123
0.3394235 -0.8355525 -0.0396060
0.3681317 -0.5049518 -1.4478786
0.9130197 -0.2680816 -0.8771713
1.6225506 0.7852114 -2.8380563
1.5168765 0.4854662 -1.4270169
0.3109235 -0.1438225 -0.2772594
1.4616927 0.4990038 -1.2934028
0.1740015 -0.5842658 -2.2620773
1.1223401 -0.1840475 -1.0204568
0.2870784 -0.0914101 -1.3064144
1.8031658 -0.1523613 0.5129310
0.6609013 0.0259704 -0.5101074
1.1779279 -0.0656537 1.2814802
1.2553196 0.1728019 0.2588142
-2.0983212 0.8498642 -2.5585575
-0.1114321 -0.4709159 -1.6969496
0.1206570 -1.0287297 -1.5767957
0.5880824 -1.3247653 0.2822897
0.3315277 -0.5570449 0.0070566
1.4514918 0.2762904 0.6631480
0.4831579 -0.5129409 0.6192828
0.6838986 -0.7891334 -1.3100581
0.2275322 -0.5358886 0.0783521
0.9302468 0.7780470 -1.3338659
0.2062057 -0.1271098 -1.6238531
-1.1860222 0.4048577 -2.6453085
0.8812088 0.4294294 -0.6261995
0.2087987 -0.1102262 -1.9133335
1.4989623 0.4725355 -1.0637243
-0.3281163 0.2290738 -1.8825400
0.6945189 -0.7654703 0.9436801
1.0162520 0.1199208 0.7463309
0.2948470 0.1130005 0.1157646
1.0907028 0.5208040 -1.3032804
0.9821815 0.2553804 -0.1277716
0.9122096 -0.4746801 0.1659777
0.5612163 -0.8281965 -1.6754634
1.3656578 0.2769046 -1.8110775
0.5252695 0.1031278 -0.4231380
1.3016068 -0.2982489 1.4408042
1.7592329 0.8272445 -2.9712338
0.8414428 -0.5433002 -0.6130320
-0.9596839 0.4382969 -2.5537009
1.1293271 0.3190654 0.3580787
0.1727138 -0.1097743 -2.0659823
0.5281985 0.0239298 -0.6323199
0.3734920 -0.4237641 0.6471310
1.2955486 0.3992588 -0.9221898
0.4296144 0.2080613 -1.2203796
0.7804705 0.4178856 0.5245085
-0.0845376 -0.9866819 -2.9274662
0.3465058 -0.3155930 0.6532255
0.2384607 -0.8360618 -1.3071827
0.5592842 0.5008703 0.5436319
0.6813075 1.6848422 2.0688946
0.4209264 -0.7577642 0.1238121
0.7509357 -0.6012087 0.6600469
0.7468761 -0.4099644 -0.6623283
0.5136799 0.3037516 0.2249140
0.6792898 0.0573212 -0.5688354
1.2768464 0.2778292 -0.8044754
1.2614559 0.0696817 0.0724327
0.7418633 -0.7365186 -1.3151056
1.3939927 0.7167668 -2.9307866
0.4994163 -0.4009207 0.6957967
-0.0772989 0.5363673 -1.4156847
0.5621645 -0.9016985 -1.6543162
1.3122903 0.5752074 -2.4835272
0.6921596 0.9611169 -0.1790873
-0.1884463 0.2198935 -1.6791674
1.1248111 0.1366113 1.5974103
0.7397137 -0.7490652 -1.3526324
0.3406183 -0.0226686 0.6053256
0.0553125 0.2902187 -1.0316098
0.6138819 -0.4108263 -0.5550656
0.6866153 0.4068907 0.6869717
0.3833162 -1.0986581 0.1704776
0.7781417 0.9079840 0.6952334
1.0324582 0.1471867 0.0453747
0.6246247 -0.3937747 -0.2072759
0.4186768 -0.9853625 0.2893599
0.7910331 0.6895208 -0.0170791
0.2111122 -0.8032938 -0.0632612
0.8719331 0.3383829 -0.5647279
0.6989768 2.1699326 2.1647189
0.9729759 -0.5156737 0.3302212
0.2047356 -0.6795279 -1.9055417
-1.0696920 0.5012103 -2.5992999
1.3857728 0.0891464 -0.9701348
0.9085857 0.3745019 -0.9899639
0.7149711 0.0079478 -0.6969532
-1.0144680 0.3533173 -2.3773332
0.5650818 -0.7491590 -1.6476679
1.1330843 -0.2222807 1.6657497
1.2241672 0.4731976 -1.9850298
0.6824100 2.1113219 2.1165528
0.4752717 -0.4519390 -0.0039328
0.2269335 -0.0690000 0.1047879
0.6363643 -0.0375677 -0.9185829
0.6958246 0.4603043 0.7295294
1.1127832 -0.3620953 -1.2765247
0.4737923 0.3407097 -0.7355676
0.3085259 -0.3162721 0.6077708
1.0911003 -0.3394130 1.8237200
0.1941290 0.1855632 -0.8951188
0.6044017 0.0132443 -0.5770759
-0.1972958 -0.5831937 -2.6209478
1.3590734 -0.0187659 0.2308930
1.0070050 0.5234355 -0.7329261
1.2252139 0.3219390 -1.3681244
1.3894476 0.4490909 -1.4081569
0.6331295 -0.9328057 -1.3594733
-0.0019377 -0.2260561 -2.0227671
-0.1617089 -0.5947554 -2.5607028
0.8825454 0.2015933 -0.3494644
0.7248268 0.3314639 1.2715998
0.1534218 -0.3759898 0.3140911
-0.3020627 0.2365243 -1.8906295
1.3801908 -0.0051751 0.2087937
0.4212300 -0.3921320 -0.0775237
0.0712356 -0.5301757 0.2975112
-0.0913954 -1.1356347 -2.9200072
-0.2303269 -0.6183630 -1.7695705
0.2944624 0.4306443 -0.9566647
0.1378170 -0.6058117 -0.1126629
1.3736471 0.7000183 -1.0187418
0.6700866 1.0143710 1.5949296
1.7045348 0.3694203 -1.5457909
0.7687694 0.6872884 -0.0387791
0.6843033 1.3848341 1.8835541
1.1382039 -0.2556725 1.0368022
0.2595495 -0.2740356 -0.9790426
0.7935594 0.7074028 -0.2243477
1.1648916 -0.3987984 0.9557166
0.9908838 -0.4597997 0.1423129
0.6431550 0.1044514 -0.6292768
-2.1825395 1.0304356 -2.5057361
-1.0800644 0.5109304 -2.5994475
1.3024960 0.1694800 0.8302706
1.2184157 0.3480906 -0.9277621
0.4674906 -0.4337345 -0.7916283
0.8320616 0.8330995 -1.1067244
-0.2321048 0.5119933 -1.8361791
-0.7979286 0.4590540 -2.4020100
-2.3716764 1.2416828 -2.5935707
-1.0218236 0.4579909 -2.5899165
0.7000915 -1.8817613 0.2174264
1.0649985 -0.1457969 0.2190432
-0.4229198 0.2624767 -2.0851307
0.6414040 -0.6794268 0.7237836
0.6803050 0.4051977 0.0069423
1.5030708 0.6129448 -2.3293507
0.6731241 -0.7886917 -1.2740701
1.0684190 -0.4913755 -1.2588400
1.2863512 0.1540378 -0.8445230
0.2869636 -0.0928008 -1.9541299
1.2716601 0.3222947 -1.7045033
0.9872177 -0.1777261 0.2666716
0.3186083 -0.1482468 -1.0918982
0.3107761 -0.0316350 -0.2159773
1.6906852 0.2724143 -1.4259236
0.2326131 -0.6091607 -1.5384216
-2.1367095 1.2090577 -2.7978270
0.6508096 0.0924203 -0.7502583
0.3523122 0.0435556 0.5549128
0.4538807 -0.4168302 -1.3886293
1.2932730 -0.2922452 0.8007246
-2.3074741 0.9271681 -2.8038876
0.3032288 0.2567095 -0.6589509
1.1304041 -0.1769487 0.1484653
1.1932796 0.6338670 -0.8336501
0.7131342 -1.2232500 0.5254768
0.9755588 0.0620040 -0.1286377
1.2617092 0.4912227 -1.5443196
0.8923861 -0.3737101 -0.4938209
1.0801344 -0.5663748 -1.4971818
1.2465062 0.2554328 -1.6289659
0.6302731 -0.8280863 0.6138491
0.7015955 -0.8328494 0.5284069
0.1907692 -0.9987304 -1.3914484
0.6549278 0.8231271 -0.3254264
1.2961525 0.4088717 -1.8937978
0.5666935 0.4774206 0.7085401
0.7136464 2.0356820 2.2323658
0.1935287 0.0840205 -0.9855083
-0.0286103 -0.6198995 -2.2109275
0.3573027 -0.8322211 -0.0152852
0.8854709 -0.5425827 0.3122177
0.5593075 -0.3325189 -0.1701502
0.1961284 -0.1294501 -2.1702743
0.3568707 -0.4080766 -1.2447691
-0.0814568 0.2094097 -1.3028312
1.4309658 0.5616696 -1.3937325
0.5930492 -0.6099067 -1.6078478
0.9378630 0.5619996 -1.0202748
0.9227909 -0.3386134 -0.4822690
1.2438579 0.1056097 0.8154653
0.7761444 0.5693617 0.5962234
0.5015321 0.2595686 0.2272409
1.2234900 0.3928569 -0.8514552
0.4028818 -0.5106034 0.0524291
1.5070083 0.5252234 -1.7059821
-0.6427017 0.4641086 -2.1435308
0.3949654 -0.2872325 -1.1358029
0.1016809 0.2353261 -1.4698479
0.6404032 -0.8026659 0.7525424
0.9801818 0.5669076 0.3667322
-0.3107050 0.4195863 -1.5167904
0.3951254 -0.9270908 -1.5670638
0.1071578 -0.6535674 -1.3877349
0.5748540 -1.4064620 0.3958703
1.3715135 0.1344897 -1.6600561
0.4118044 -1.0671694 0.1337469
1.0668148 0.5765161 -1.3027623
-0.0784404 -0.6446698 -2.4425945
0.9566427 -0.2411019 0.0350700
1.0074736 -0.4640902 -1.3056943
1.4824907 -0.1238697 0.5498959
1.1092176 0.1388916 1.7265671
1.2138038 -0.1195781 0.2344589
-1.9336445 0.8123648 -2.5948613
0.7369038 -0.2390040 0.9911782
0.3760906 0.1043584 0.4893233
1.1853365 0.1691247 -0.6280571
1.3052629 0.4245189 -1.0659224
0.4425766 -1.0345851 -1.3979040
0.1168191 -0.5757088 -2.4039111
1.0264277 0.0460611 1.1899904
1.3593673 0.1146854 0.7665334
0.8768353 -0.5099627 0.3180098
0.0036166 0.2471268 -1.1389219
0.0584637 -0.3312523 -1.6342188
0.9690546 0.7487348 -0.5706512
1.3916030 0.8231210 -2.8420374
0.7087955 -0.4769744 0.4525135
0.6901338 -0.7289244 0.8947765
-0.0659485 0.3575689 -1.7338160
0.6851932 -1.1867763 0.5383434
0.0107944 -0.4405119 -2.1124828
1.8823186 0.8439550 -2.9009330
-1.3229394 0.6189821 -2.6886706
0.1199711 -0.4342840 -1.1916223
0.0086709 -1.0645021 -2.9701390
0.9617034 0.6135772 0.2947403
0.4963287 0.3207775 0.8601668
1.5452363 -0.2218192 0.7608336
0.5014346 0.5578595 0.6236122
0.2507946 0.4412707 -0.9747338
0.7940400 -0.3571041 -0.3163438
0.8651983 0.5584323 -0.2155520
0.7480673 0.6101850 -0.2141444
-0.1037059 -1.1271313 -2.9697390
-0.3767552 0.4513331 -2.0448451
0.7334563 -0.1131508 -0.5316169
0.5881308 -1.0708625 -1.6418356
1.1290154 -0.0898341 -0.6457742
1.7545719 -0.1604620 0.5967464
0.9974963 0.4492314 -1.2243421
1.6531363 -0.1676259 0.5608183
1.2154313 0.1640876 1.5942725
0.9767587 0.7079420 -0.5462314
1.0927767 -0.2945766 -0.8091458
0.3821953 0.4498110 -0.9921030
1.7607002 0.7192349 -2.8588157
0.5512376 -0.4537645 -1.6173960
0.6763945 -0.3606466 -0.3524911
-0.0528925 -0.5375039 -1.4587015
1.0011054 -0.1415704 1.2646782
-0.1302562 -0.4912564 -2.5540652
0.2452421 -0.1325452 0.1005225
1.2553020 0.3359943 -0.7046056
0.8452072 -0.3118580 0.3928437
1.3912172 0.5989698 -1.0170143
0.6943001 -0.3221457 -0.3822259
1.0260594 -0.4337265 0.1871360
0.8153115 0.7216143 -1.2740884
0.9184800 -0.5428743 0.1021732
0.6133522 0.2631682 -0.0962040
0.9214691 0.2778021 0.5919008
0.8198114 -0.6377240 -1.1963125
0.9209821 0.2259375 -0.2715912
0.9087675 -0.7058899 0.6515268
0.2782821 -0.2968915 -1.1055089
0.8527558 -0.2626251 0.3178343
0.7246307 -1.3101953 0.4777398
0.9691856 0.1434784 -0.2240089
0.5132335 0.3291661 0.8405796
0.3425630 0.2918377 -0.6501836
1.1929580 0.1122225 -0.0252524
1.1356217 0.6213691 -1.1510564
0.2285218 -0.2415567 0.3347573
1.0623379 0.4420153 -1.0049193
1.2315327 0.6009909 -0.8531339
1.0159020 0.0779409 -1.1918014
0.8259532 0.2866416 -0.9740965
0.8345484 -0.2812340 0.4161798
0.3268685 -0.1605860 -0.3255881
-0.6160977 0.2455554 -2.0088067
1.9911534 0.8647953 -2.9907160
0.4405333 0.0544084 -0.6280823
-0.0025904 -0.2667972 -2.0621486
-0.4023519 0.4987200 -1.6458557
1.6499271 0.4133067 -1.3054594
0.2293077 -0.5528445 0.5189133
1.0036117 0.5414073 -0.7717428
-1.5034446 0.6287333 -2.7626827
1.4757817 0.5251509 -1.4622573
0.4044726 -1.1740059 -1.7172129
-1.9422501 0.8746001 -2.8706040
1.2588100 -0.3631550 1.0588810
0.5997416 -0.5143852 0.5747792
0.9208105 0.6191990 -0.2759417
0.4097996 -0.1635367 -0.7823534
0.9034321 -0.4275087 -1.1202459
0.2832628 -0.1413184 -1.7678664
0.3788051 -0.0777212 -1.0881485
0.6998439 0.6631236 -0.2468422
0.7194017 1.5048950 1.9057529
-0.0710417 -0.7202470 -2.8238537
0.5550119 -0.4093481 -0.1397190
0.8416159 -0.3076764 0.3646888
0.9530982 0.8308796 -0.6562565
1.2247704 0.3507107 -0.9316874
1.2849430 0.0270248 -0.6900700
-0.1829441 -0.5972438 -2.5993152
0.6684793 1.4152883 1.8055350
1.3111072 0.5869355 -2.7335985
0.2798087 -0.2695901 -1.1640460
1.0355662 -0.4439883 -0.9627553
0.1928610 -0.5369497 -1.5780720
0.6124235 0.6641070 0.8725124
0.1464882 -0.3299912 -1.4296464
0.2151323 -0.7004775 0.1835566
-2.3846769 1.2660078 -2.6163733
1.2639556 -0.1877479 -1.0329633
1.7049069 0.2921854 -1.4851377
0.8433470 0.3217444 0.5323576
0.9669774 -0.4373271 -1.2344432
1.0645251 0.1802633 -0.4777261
0.5583475 0.3470604 -0.9784579
1.0812458 -0.0887744 -0.8534835
0.4716117 0.2363074 -0.5405306
1.2332579 -0.1225176 -0.9798940
1.3680019 0.5102274 -0.9752274
0.6575038 -0.2133569 0.9964811
-0.1719510 0.4536851 -1.8448930
0.6998618 -0.3491885 -0.3214013
0.7143919 -0.4660943 0.3700847
0.0782241 -0.6095727 -2.1172676
0.3666193 -0.0941509 -1.6278679
0.2244904 -0.0881148 0.1304433
0.7433735 -0.3365387 -0.7903970
0.1939210 -0.3116542 -1.1327301
1.0150051 0.2850243 0.6910512
1.4530908 0.6302416 -1.0412142
0.6975776 1.1425282 1.6380800
1.4133178 -0.1586158 0.5849316
1.4779505 0.1085250 1.0337229
0.6492711 -0.8646318 -1.3860259
0.2854439 -0.0987126 -1.0587077
1.0850407 0.6855203 0.5445528
0.0161674 -0.4490074 -1.3601110
0.5046874 -0.4680074 -1.6453590
1.3568149 0.0954710 0.7221369
1.3818127 0.5957905 -1.5422238
0.9640666 -0.2637233 0.9271306
0.0308594 -0.2001318 -1.9648501
0.6719738 0.3570229 1.2680351
0.5508612 -0.5208957 -0.8634930
1.2555476 -0.2655549 -1.3267260
0.4817809 -0.9524695 -1.2444552
1.0941385 -0.2974372 0.9220034
0.6213316 -0.9895662 -1.7588784
0.4426855 0.3463871 -1.1835638
1.5083798 0.6384411 -2.4733596
0.8449423 -0.3794026 0.0350714
0.7692497 -0.3151777 -0.3013407
1.0329305 0.1570639 1.0277922
0.0536720 -0.9239185 -1.5147738
-0.1442835 -0.7467605 -2.7753139
0.7106201 1.5362488 1.9726164
-0.0581649 -0.8391144 -1.7086709
0.2333462 -0.8291180 0.0278633
-0.0397255 -0.5420655 -1.5483361
1.2824018 0.4062969 -0.7495489
1.4518220 0.4014196 -1.0135050
0.4589256 0.1922607 0.1361230
0.6815704 -0.8403122 0.8087869
-0.0993498 -0.3158406 -1.8566483
1.4790167 0.2387948 -1.6331407
0.6781048 -0.2301764 -0.5149674
-0.3681006 0.4789842 -2.0022814
0.3260100 0.4503760 -0.9839520
0.8227309 -0.1968688 -0.9199571
-0.4761941 0.4320336 -2.1497486
0.4767174 -0.1655610 -1.0502446
1.2445545 0.0316712 0.3568448
0.6494781 0.5085347 0.4400759
-0.2996366 -0.7744662 -2.8958843
0.6130102 -0.4990734 -1.5070488
0.2777842 0.0217845 0.4437691
0.6090366 -0.8993439 -1.4186596
-2.3711703 0.9831301 -2.6056750
0.1028209 -0.4276178 -1.3765759
0.7079589 2.4160392 2.3226454
0.9940407 0.0879037 -0.1581443
0.4715261 -0.5558975 -0.8109131
0.1259191 -0.2835214 -1.5220966
1.1998203 0.1018833 0.0025620
0.9356256 0.6533833 -1.2512515
0.7574336 0.3544315 -0.6102784
-0.0054694 -0.4467534 -1.6424470
0.4599194 -0.5186174 -1.5502044
0.6523736 0.8283161 -0.3151374
1.4779949 0.5481309 -1.4159384
1.4699260 0.1199940 1.2705696
1.3721520 0.7941492 -2.8106782
1.4108907 0.1580730 0.5104622
1.1388152 -0.1156533 -0.5753576
0.1068160 -1.0390755 -2.9595294
1.2789154 0.3971276 -1.8929490
0.9820557 0.1328435 1.2556082
-0.7196553 0.3268369 -2.4067321
0.4207022 -0.2673917 -0.7807148
1.0531126 -0.0806878 0.4574513
0.7474970 -1.2648022 0.4363013
-0.2130154 0.3079116 -1.9003305
1.1807230 0.1128841 0.1063422
0.2497120 -0.2054523 -1.0956050
1.2030793 -0.2989717 0.7529763
1.0488219 -0.1374825 1.3172102
0.6376777 -0.7174938 -1.5431787
0.7069215 -0.3653869 -0.2990458
0.2991079 0.1163273 0.0667971
0.7922636 0.8128758 -0.6343534
0.0003363 -1.0703075 -2.9704311
-1.8299170 1.0943762 -2.6731384
1.3487281 0.2319185 -1.7864228
0.0163052 -0.9252029 -1.6273671
0.9842222 0.6480523 -0.3413873
0.3638989 -0.0592166 -1.4263388
0.6803728 0.7222735 1.5103797
0.6910030 -0.7407547 -1.2148172
0.4877232 -0.2980731 -0.7061865
-0.7202443 0.3340205 -2.0681028
0.6733555 0.7216631 -0.2059663
0.7517110 0.4586163 -0.9565263
0.2693464 -0.1714131 -1.3393152
1.4257376 0.2470340 -0.9117102
0.1246908 0.1768716 -1.3814445
1.0623572 -0.3436443 -0.8126356
0.0927942 -0.3722621 -2.1848795
0.5205816 0.1867077 -0.5728443
0.1550442 -0.7712330 -0.0872267
0.6497171 0.9682906 -0.1042075
-2.3349619 0.9847691 -2.5776589
0.4726795 0.1792770 -0.1555580
1.1148721 0.3901444 -0.7211618
1.1894845 0.1082533 0.7873757
1.3823979 0.4826053 -2.4121795
0.2895704 -0.7747816 -1.1995939
1.3458784 0.6239126 -2.1632569
1.0075827 0.4446202 0.7165550
0.6965777 0.9860907 -0.1593868
0.4868687 0.2746477 0.6047806
1.3611640 0.2139788 0.2573518
0.9455191 -0.1392998 -0.1324496
1.3039156 0.2326555 1.1475476
1.2907838 -0.2678554 0.7162968
0.8630722 -0.2150901 0.9010749
1.3683592 -0.3400497 1.3455967
0.3234774 -0.1265360 -1.6376624
1.2727758 -0.1804647 -1.0978242
0.3530352 0.3140866 -0.7308148
1.1225680 0.3774580 0.3547578
0.4465291 -0.5410395 -1.6611177
0.2201522 -0.2047514 -1.3780429
-0.0696959 -0.5470724 -2.7458215
0.8318516 -0.4827439 -1.1258250
0.9306791 -0.7189318 0.6775814
1.2673352 0.0617036 1.0111464
0.5996427 0.3098443 -0.1657605
0.7565458 -0.7299740 -1.1502917
0.6956876 1.4122646 1.7756284
0.8825845 -0.6718161 -0.9298814
0.9254600 0.6834145 -0.1398455
0.8570256 -0.3818732 -0.5724157
1.7313104 -0.1510085 0.5770438
0.6113399 0.0084862 -0.7414480
0.7141323 -0.6109487 0.9877438
0.9117086 -0.4587502 -1.1919898
1.5183501 0.4649605 -1.0113926
0.8629631 -0.5791636 -1.2165092
1.4077628 0.0525639 -1.2132604
1.4455395 -0.2119608 1.2647970
0.9670236 -0.1900391 0.0277615
0.6711375 0.8936421 1.5440553
1.3932071 -0.1108781 1.0941948
1.1305280 -0.0238580 1.2905521
0.2254889 -0.8289922 -0.0797506
0.1316416 -0.1925006 -1.4699848
0.8089637 0.8275229 -0.3127915
-0.0587514 -0.4706962 -2.4480546
0.3900465 -0.4802223 -0.9004373
0.7289563 -0.3950609 -0.1497954
1.5019679 0.2331873 -0.9822980
0.2917928 -0.2327353 -0.9233469
1.4406079 0.0200138 0.6268013
0.9873335 -0.0783850 -0.2780058
1.4314717 0.6804452 -2.9740658
0.0300177 -1.1145450 -2.9649179
-2.0620863 0.7929943 -2.7575483
1.2388654 0.4350615 -0.9804501
-2.0351734 1.1606538 -2.5717044
1.3975683 -0.0671901 1.0923711
-1.5857104 0.7316497 -2.6441970
0.8133812 0.0603894 -0.4919733
1.4469032 -0.2713315 0.8281357
1.0124372 0.5710644 -1.1963832
0.2487618 0.3213994 -0.6492692
-0.0082192 -0.5886578 -1.4243376
0.1184789 -1.0053687 -2.9652231
0.3634948 -0.7211682 -1.1745028
0.9550443 0.3961858 -0.5822281
0.2396963 -0.9232475 -1.3839314
-0.0088441 -0.7254661 -1.5852243
0.8460177 0.4757270 -0.1229676
1.3281201 0.7348957 -1.0555662
1.5286869 -0.2145435 1.0266391
0.7736924 -0.4724678 -0.5742788
1.4011821 0.1294389 0.4530941
1.6664878 -0.0198510 0.6832438
1.0773603 0.1383436 0.3684295
1.0085706 0.0407886 -0.2715151
1.2812486 0.3451650 -0.9222727
0.6469516 0.6233485 0.8520885
0.6779384 1.6527737 2.0090148
0.9492507 -0.5649359 -1.1177779
0.2668159 -0.9481773 0.0403714
-1.1297513 0.4367671 -2.4368131
1.2625991 0.0058910 -0.6550994
1.2717863 0.0100056 -1.0164264
-0.6122724 0.2304796 -2.2166002
0.9935149 0.7131732 0.1802076
1.3415910 0.5065734 -1.5701813
0.6624383 -0.3990810 -0.5664387
0.7346990 -0.4386173 -0.6643748
0.8618814 0.3095017 0.6466324
1.0053108 0.6037362 -1.0227337
1.0233427 0.2364241 0.1272945
0.6538760 0.7039436 0.5963383
0.9184175 0.0506047 -0.4261129
0.0767570 -0.7114312 -0.1614291
0.3447998 -0.3986275 -1.1279337
0.0505574 -0.9197332 -1.5244836
1.4140640 0.6785896 -1.0317487
0.0006706 -0.6426987 -2.5963535
1.3601791 0.1577350 1.3754346
0.6890296 1.0406353 1.7223973
0.8407351 0.8253738 -0.6427620
-0.0831293 -0.6676413 -1.5466162
0.7294056 1.4442861 1.8034742
0.5922199 0.0638110 -0.5180222
1.0054188 0.6234269 0.1541656
0.4547343 0.2426707 0.4557476
-0.0308378 -0.6237175 -2.2429850
0.3864284 -0.4368091 -0.8890291
1.1953118 0.1765033 1.0739466
-1.8708665 1.0312403 -2.8890450
-0.1272077 -0.4602835 -1.7516953
0.4612808 -0.2763687 -0.7564017
0.8650992 -0.4260190 -0.5679309
0.7862922 0.2977383 -0.3778098
0.6303625 0.1895259 -0.9452469
1.2473179 0.3154376 -1.3955618
0.5581124 -0.5747091 -0.8273783
1.0164887 0.5043664 -0.6855153
0.7103660 -1.3621678 0.5053539
-1.5362017 0.6324704 -2.6165502
-1.0717142 0.4932041 -2.4452548
1.5861970 0.1733600 1.1550567
1.2307100 0.4117673 -1.2644892
0.7866794 -0.3314035 -0.8203149
0.1171991 -1.0798758 -1.6129885
0.6686680 0.0740055 -0.7202604
1.2943305 -0.2112040 -1.2514865
-0.0312158 -0.6258262 -0.0099803
1.4647093 0.8382943 -2.7643437
0.5475856 0.4912856 0.5018992
0.3506839 0.1863230 -0.6737289
1.0042223 -0.4680875 -1.3092916
-0.4379522 0.2275115 -2.0146399
1.3441172 0.7447161 -2.6662459
0.7982132 -0.6507484 -1.2171263
-0.0911992 -0.5627524 -2.8384438
0.0198319 -0.6705163 -0.2591871
-1.9933760 0.8031962 -2.5915382
0.6360726 -0.3112525 -1.2468150
0.4827413 -0.1812188 -0.6771097
1.4959922 0.0541945 1.0203309
0.2608823 -0.6764482 0.2184053
-0.1889273 -0.6032838 -1.6651750
0.5580531 0.0915597 -1.0156873
0.9326670 0.4321988 -0.9908110
0.4748244 -0.0487109 -0.8570589
-0.2660986 0.3496178 -1.4823818
0.6812279 -0.4746016 -1.2730924
0.5596454 -0.3004378 -0.5994942
0.9365678 0.8859908 -1.1290414
0.5728470 0.1281550 -1.0316808
0.8847256 0.9042430 -1.1539617
0.7644644 0.4640609 0.6590385
0.6948972 0.3336079 1.3606271
0.5281156 0.1089929 -0.4196716
0.0828210 -0.4430923 -2.3659081
1.5378736 -0.2741409 0.9810233
1.2483735 -0.2614367 0.9941217
1.2786429 0.0347991 -0.6824499
-2.1906526 1.0719200 -2.4988351
-0.2080466 -0.5755226 -2.8530314
0.1835479 -0.3440977 -1.2980118
0.0820974 -0.4735322 -1.3573409
0.3863500 0.1221894 -1.1878953
0.1112030 -0.1826838 -1.5681293
0.8587257 0.8288789 -0.7790098
0.9229127 0.2982137 -0.8750358
0.6139144 -0.8491398 -1.4995779
0.3033086 -0.9248854 0.0975759
0.6737952 -1.2913802 0.4763982
1.3033000 0.5693572 -1.6086736
1.0993840 0.6428586 -1.2465839
1.5466650 -0.0523690 0.9629896
1.0502839 -0.0854468 -0.8731938
1.4674777 -0.4568512 1.1859483
-0.0089751 -0.4089828 -2.2773485
0.5040429 0.2629346 0.6318351
0.2583371 -0.6076704 0.2168942
0.3515288 -0.2744531 -0.9215487
1.3903387 0.5739642 -1.5582334
0.4728030 -0.4191118 -0.0309675
1.2798491 -0.2719586 1.4181195
0.4371834 -0.7544396 -1.0881164
0.6862214 0.6044521 0.9787984
0.2458205 -0.4169581 -1.1185111
0.4683407 0.1806457 0.6147231
-2.5833757 1.2704281 -2.5655363
0.6109676 0.0808098 0.7897726
0.9433743 0.0686488 -0.3652536
1.2999842 0.0649947 0.6983862
1.3161646 0.5500697 -1.4772577
0.4813556 0.2112573 0.4772428
0.9514479 0.8832970 -1.1948236
1.0080699 -0.1029317 -0.0841920
1.0043108 0.1613984 1.1632166
0.5295783 0.4662199 0.3072462
0.6980652 0.7629282 0.3006765
0.9346948 -0.3961431 0.3548929
1.4343032 0.5351492 -2.0322309
0.1407109 -0.4355338 0.2264866
0.9902399 -0.0915652 -0.2927503
-0.2307577 0.5142966 -1.4935461
1.2268410 -0.2900043 -1.1480600
-1.2828209 0.4572338 -2.5364838
0.3605532 -0.8891849 0.0156743
1.4732342 -0.2153493 1.2270361
0.6229475 0.2496503 -0.7014119
0.6303505 -0.8322318 0.5996430
0.3408654 -0.2243289 -0.2925108
0.7482198 0.6766071 -0.1621201
1.5899516 0.3015913 -1.5866222
0.1983003 0.0703676 -1.0758587
0.9700711 -0.0628263 -0.6340785
0.7302218 -0.5732001 0.3184744
1.1100798 -0.3130955 1.6819215
0.6860543 0.6619499 0.8202381
0.7214331 1.8100892 1.9750286
0.9615203 -0.1492371 -0.1791803
0.0576776 -0.1871403 -1.9996504
1.1805397 -0.1703245 1.1776398
0.6592041 -0.9864642 0.6866968
0.9098517 -0.7213526 0.6696517
1.0595514 0.3379882 -1.0631895
1.2391310 -0.0171674 -0.0037294
0.7854404 -0.9270530 0.6450430
0.9680072 -0.6569960 -0.9307652
1.2336253 0.0825673 0.3844709
0.7357908 -0.4542834 0.2102580
0.4815555 0.2215370 0.1813941
0.6470733 -0.5949851 0.8041342
0.5554496 -0.2681242 -0.5495057
1.1823031 0.0145429 1.1862851
1.5996548 -0.0062820 0.6062640
0.7553186 0.4655970 -0.0848644
0.7703735 0.4001766 -0.7701945
0.2931184 -0.9139158 0.1017720
0.1144256 -0.1716087 -1.6243551
1.0443530 0.4144815 -0.9471685
0.2224292 -0.1260777 -1.3793564
0.5042289 0.6359210 0.1060366
1.0192367 0.2791141 0.7443264
1.4752656 0.5509547 -1.5727425
0.6900620 -1.6694639 0.3077425
0.7465951 -0.3383772 0.6054478
0.8490016 -0.4124920 -0.6821847
0.7251745 -1.3790927 0.3783473
0.4868899 -0.0446457 -0.8787698
0.6872499 -0.4688746 0.7877424
0.7773672 0.3734877 -0.0953958
-0.5301798 0.4730972 -1.9682144
0.6697481 -1.8408277 0.2763335
1.1113974 -0.3135942 -0.8711504
-0.1314229 -0.4865922 -1.9177697
0.9846672 -0.3929460 -0.7720044
0.7251865 1.4079646 1.8286804
0.9201872 0.0014067 1.2203984
1.2587243 -0.1383440 0.1553243
0.7275434 0.2970913 -0.4401962
0.4369067 -0.9921083 0.0911068
0.6789311 1.0055950 1.6537317
0.3557769 -0.9107670 -1.3064312
0.0821712 -0.2448312 -2.0577826
0.3549660 -0.0530870 -1.2228310
0.5323975 -0.5958686 0.0610612
0.6807181 0.5695925 0.0002413
-0.0049262 0.5386123 -1.5375531
-2.2903256 1.2603559 -2.6953485
0.2987837 -0.8614222 -0.0127199
0.5036191 -0.8659872 -1.1386987
1.4097379 0.5899184 -1.5755885
-0.0541650 -0.5028889 -2.6429734
0.7195451 1.2915200 1.7164576
0.6543471 -0.0664426 0.8570052
0.7379485 0.4569853 0.2395080
-2.1312833 1.2598743 -2.6426826
1.0190647 -0.4920114 0.0917741
0.6727885 0.6415045 0.1621739
0.5515834 -1.3408291 0.4086939
0.3689702 -0.6954368 0.4153759
0.4229089 -0.0191932 -1.1433058
0.7206008 -0.4408068 -0.2644986
-0.6575339 0.4058691 -2.3341975
-0.2082628 0.3208652 -1.9031405
-0.5865614 0.3690068 -1.9129161
0.5809991 0.1466454 -0.4297020
1.4813302 0.1524514 -1.5647968
0.7371442 -0.8440131 0.5700206
0.8915737 0.3534649 -1.1475936
0.9197452 0.1712201 -0.3376292
-0.0412823 -0.9555141 -2.8414562
0.7110385 2.3529239 2.2802312
0.5784757 -1.0254130 -1.7161372
0.4667332 -0.5824391 0.5509436
1.8309306 0.7892777 -2.9058721
1.1146811 0.0270700 -1.1968724
1.5747586 0.4308495 -1.2069808
-0.5139684 0.4830374 -2.0340500
1.3720638 0.1415066 1.3588928
0.2085095 0.2914022 -1.4350510
1.4027480 0.5161708 -1.5337071
0.4949763 0.3614170 -1.0899489
0.5324370 0.0751968 -0.5217770
0.6681697 1.8184427 2.0595336
1.1366718 -0.2846134 1.7130359
-0.7148428 0.4562125 -2.2936130
0.7893764 -0.4549395 -0.4148053
0.8696144 0.5483703 0.5966812
1.3831898 0.1678908 -0.7016334
0.3572827 -0.1063499 -0.7445797
1.0538529 -0.5235013 -1.3437802
0.7166963 0.6587243 1.3927916
0.7754301 0.4405589 0.6073319
-2.2699268 1.1915845 -2.7510896
-0.1804585 -0.7332827 -1.7795552
0.5823759 -0.2726236 -1.2449250
1.6099415 0.1863256 1.1715964
-2.3756058 0.9923765 -2.5989966
1.2091507 -0.1809611 0.1071143
0.6717441 -0.4102741 -0.1849805
0.6127599 -0.5375475 0.4959756
0.4426260 -0.8407494 -1.1083481
1.1822367 -0.3729935 -1.4388094
0.9220237 -0.4812307 -1.2601568
0.1772537 -0.2150388 -1.2737824
0.8628730 0.6782474 0.2289676
1.4912604 -0.1945702 1.1770135
0.7675164 0.3009542 -0.2404165
1.3440067 0.6801790 -2.7916794
0.0023113 -0.4796141 -1.5612688
0.6965002 0.6597495 0.0297532
0.7836193 -0.6692584 -1.1232725
0.8286997 0.6738940 0.1971662
1.2983999 0.2871062 -1.6832826
0.1366737 -0.2049822 -2.0488999
0.9334199 -0.4940597 0.4501407
0.2174375 -0.3031133 -1.2708808
0.6529851 0.5886078 0.2329794
1.1167055 0.6792430 0.5661617
0.7216380 -0.1462124 -0.4619044
1.4677308 -0.1563042 1.0090446
0.6001134 0.1403675 0.7229781
1.5792195 -0.3530188 1.1738257
0.7260014 -0.4238525 -0.9277473
0.5061800 -0.5677719 0.5301127
0.6615688 0.3507853 0.8810809
0.6993227 1.7231309 2.1212385
0.3147500 -0.2114641 -0.1867478
0.3982574 -0.6483530 0.1622380
0.2945899 -0.4449998 0.5955503
0.3520963 0.0742983 -1.1291162
0.7735204 0.4542677 -0.8866031
0.5640904 0.3420271 -0.9749585
1.0639448 0.0735096 -0.4186355
1.4574772 0.1141363 -1.4058501
0.6729015 -0.7937124 -1.3602909
1.4695966 0.3968112 -1.0702548
1.1910344 -0.0117003 -0.5518103
0.6754830 -1.6935267 0.1395073
-1.8872808 0.9200155 -2.5885458
0.2351448 0.3849535 -0.8649861
0.6688750 -0.4770040 -0.3507225
1.4295423 -0.2367511 0.9201460
0.6001036 -0.1624577 -0.5134442
-1.1203690 0.3466116 -2.5584354
1.5299417 0.1328593 -1.2281822
0.3887335 -1.0569638 -1.5376748
0.1497817 -0.2273377 -1.5799094
0.8691503 0.3728641 0.4984644
0.8451526 -0.3340764 0.2645122
0.6562744 -1.8206850 0.2557347
0.3517540 -0.3937466 -1.2094526
-0.3273723 0.4872453 -1.4488140
1.0973566 -0.3134628 -1.2074484
0.6661878 -0.8113058 -1.3435010
-0.1499112 -0.4168724 -1.9351008
1.4669195 0.1153059 1.3256902
-0.0051714 -0.7431435 -0.0692548
1.4334871 -0.3013698 0.8761251
0.6527399 0.7031373 -0.1823322
1.0568936 -0.2281923 1.1155474
0.4412751 -1.2159115 0.2234140
0.6945267 0.3516301 -0.6441479
1.3175101 0.5846571 -1.0142969
0.0589491 -0.3985915 -1.3419263
0.4039826 -1.0620210 -1.5755801
0.9738300 -0.2628575 0.8901788
1.3721064 0.0822102 0.3231133
0.3895717 -0.5579151 0.0698606
0.8591066 -0.4470083 -0.5449336
1.2665712 0.7480298 -1.1544620
0.5380172 0.0851717 -0.6447376
1.1184431 0.1035074 1.6194352
0.6731544 -0.4687573 -1.2885519
-2.0333149 1.1348072 -2.8513849
0.8461738 -0.1408271 1.1108636
0.4996760 -0.4376488 -0.5719193
1.2977839 0.5654733 -2.0710716
0.9499108 -0.1700643 -0.1709370
1.0444484 0.6019421 -1.2040409
1.2372426 0.1025710 0.4648070
-0.2818787 -0.6363738 -2.8207843
0.8812465 -0.5693294 -0.7578217
-2.2211592 1.0489581 -2.8120735
1.2298306 0.6069237 -0.8643862
1.5562617 0.2937676 -1.0195465
0.7581224 -0.3933936 -0.8872358
0.4395475 -0.3811572 -0.7932105
0.1268152 -0.2132782 -2.0528634
1.0267664 -0.3592374 0.1237229
0.3345886 -0.8637452 -0.0101645
0.6666317 0.2426462 0.7163171
0.6716824 1.1511637 1.6508225
0.5402004 -0.5533766 0.4890707
0.7157106 -0.4102832 -0.8715259
-0.9863126 0.3351934 -2.3612726
0.6950504 -0.3563789 0.7320189
0.8742329 0.4469308 -0.8013564
1.3561494 0.0371951 1.0142471
0.3838753 -0.0329946 -0.8363033
0.9482608 -0.6256906 0.4953395
1.3073686 0.0420936 -1.1204230
0.1354996 -0.2967235 -1.4873458
1.3374830 -0.1339749 0.5805643
0.7246335 -0.6041967 -1.1988741
-0.2309122 0.2968231 -1.9121575
0.1034281 0.3726774 -0.9274883
1.2393200 0.0100333 1.1511924
0.4646294 0.1824203 -0.0825410
0.8225785 0.3314628 -1.2168484
1.4584306 0.1765631 -1.5408933
0.0191477 -0.2116856 -2.0197985
1.3622464 0.4609109 -1.4606158
1.3872790 0.1827039 -1.5574301
0.9824792 0.8246438 -0.7297990
1.0247682 -0.3585586 0.1310090
-0.9924486 0.3212461 -2.5329392
-0.1085436 -0.8724714 -2.9881942
0.6587135 0.7339348 -0.3025227
1.0203687 0.1361262 -0.1435146
-1.2543046 0.4669902 -2.5103757
0.8352391 -0.3630792 -0.9299588
0.7756359 0.6839997 0.0529357
0.5822080 -0.4111623 -0.3971880
1.1690902 -0.4125767 -1.3748857
1.2462566 -0.4112155 1.0927368
1.4778454 -0.2670135 1.1930954
0.2179360 0.2076603 -1.3807324
0.9077179 0.3278413 -0.1008623
1.0075786 0.4335347 -0.6320884
0.9968253 -0.2435634 -0.5386483
0.7866400 0.1362302 1.1197900
0.7965401 -0.6475150 -1.2126393
0.7581924 0.6454708 0.1641193
1.4957217 -0.1357604 1.2296345
0.3328075 -0.5421218 -1.5389882
0.6055081 -0.3983330 -0.6072625
0.9821249 -0.0895021 1.2091444
0.7208071 -0.0094666 1.1446356
-0.1287937 -0.3735959 -1.8590773
0.7421821 -1.3348203 0.5264139
0.9504712 -0.3280648 0.4845930
0.9969771 0.6230483 -0.4166424
-0.3190997 0.4422053 -1.9969525
0.2436621 -0.7205413 -1.8762211
0.9145333 0.5180715 -0.8082468
0.5361049 -1.2147222 0.2645209
1.0709749 0.5219654 -0.7336259
0.5159597 -0.9677996 -1.3184552
0.8991625 -0.5122412 -0.9468749
0.0322959 -0.9240605 -1.5869112
0.6213066 -1.2039026 0.4329701
0.8026801 0.4281826 -0.0476630
1.3990633 0.7155131 -2.5357208
1.1203420 -0.2713802 1.6331459
0.4863552 -0.8060895 -1.0721171
0.3687514 -0.9738750 -1.2907847
1.3943921 0.6141022 -0.9695764
-0.1900201 0.3731791 -1.3291038
0.1106114 -1.1193304 -1.6363033
-0.0514552 -0.6316476 -2.3319349
-1.0531474 0.5215250 -2.5401340
0.4532454 -0.2759627 -0.2078201
-1.2586727 0.6002409 -2.6292970
1.5807055 0.4829665 -1.3659600
0.7283827 1.7895212 1.9899396
0.7026014 -0.2859466 -1.1509206
0.3497410 0.3754688 -0.8142032
1.0312475 -0.1766811 0.0139328
-0.5090210 0.2160647 -1.9627529
0.1555457 -1.1646383 -1.5819359
0.1912448 -0.9545907 -1.3596755
0.5307562 0.2271789 -0.4410876
0.7591501 0.5448484 -0.1460472
0.7774525 0.4164687 0.5753884
0.1221886 0.2132597 -0.9703504
0.6775996 1.0251487 1.6588635
1.4506215 -0.2781222 1.2986084
1.4127830 -0.1016879 0.5700256
0.3826524 0.4589057 -1.0976835
-2.4839046 1.2804661 -2.6527224
0.4931774 -1.1466982 0.3474516
1.3777112 0.5324813 -0.8956620
0.6212996 -0.7170820 -1.5852737
1.4065353 0.4890488 -1.2181196
0.4729149 0.4111244 0.3045181
0.4635476 0.2185389 0.3120126
-2.3167951 1.0606863 -2.7535663
0.5297332 0.3158924 0.7966052
0.9761240 -0.5798696 0.2685056
-1.6401653 0.6533943 -2.7196102
-0.2099058 -0.4467806 -2.6989095
0.1241494 -0.2319485 -1.6803153
1.4856348 0.1268162 1.1867825
0.2119236 -0.6465195 0.4174365
0.7311377 1.9994694 2.0722675
0.7171143 2.1603377 2.2340596
1.3258116 0.3798824 -2.1256819
0.3088294 -0.2339088 -0.0882579
0.9361976 -0.3224328 -1.0033010
0.2416212 -1.1846234 -1.5951148
1.1253796 -0.1691782 -0.4882445
0.8890355 0.7709228 0.1985411
1.4162760 0.5164647 -2.4684899
0.2360875 -0.2222352 -1.1350214
1.4059646 0.2313859 1.2581075
0.6679369 1.7368459 1.9906294
1.3654748 0.5577288 -1.7058727
0.2500714 -0.2679195 -1.2356942
1.3986152 0.5744327 -2.6609235
-0.0058107 0.5435472 -1.4118657
1.5907371 0.3876725 -1.6914183
0.1155633 -0.5422938 -0.1356523
0.7262764 0.7030935 -0.4811027
1.3381671 0.0701951 0.6723824
1.0021640 0.4546961 -1.0061073
1.2984332 0.3562737 -1.4377367
0.8494096 0.9022135 -1.1362722
1.0586553 -0.4458445 -1.0115103
0.0294457 -0.6985001 -0.2757205
1.0751339 -0.4848267 -1.4969085
-0.6569447 0.3784423 -1.9969051
0.6600947 0.8034514 -0.0830342
0.7278308 -0.2408815 -0.5895225
1.4578011 0.3684982 -1.0286039
0.4821587 0.3506663 -0.7621623
0.7158435 0.9544600 -0.1464339
0.7620164 -0.4289319 -0.9511050
1.0845175 -0.5475879 -1.5956466
1.3945937 0.0734866 -1.4145812
0.1157274 -0.6781594 -1.2804525
1.3403137 -0.1045750 1.1221124
0.5688344 -0.5853071 0.3409080
0.3681245 -0.1057442 -1.1614920
0.4941219 -1.0887096 0.2150819
-0.8716650 0.2670062 -2.4257369
0.6761793 0.3009679 1.2811124
0.8624922 0.7881264 -0.0802659
0.2906452 -0.6996136 0.3192267
0.3751138 0.0556854 -0.7245634
0.7426664 0.3772610 -0.7326279
0.1017241 -1.0966095 -1.5478961
0.6904142 0.7479677 0.2130892
-0.5954885 0.2199663 -2.1540127
0.5026708 -0.0769193 -0.9372481
0.5318729 -1.0900687 -1.6390189
1.5122553 0.7367607 -2.6311769
1.1706307 0.3810309 -0.8820632
1.0309352 -0.2712671 0.8488640
1.3652575 0.1301358 -1.5269315
1.0083784 -0.0806674 -0.3527468
1.3067175 0.1879974 -0.7954617
0.7266208 1.6860063 1.9657198
0.6713797 -0.5632575 0.7664303
1.2983727 0.4815719 -1.6517980
0.8419972 -0.0635408 1.1699375
0.5899841 0.2886143 -0.6976868
1.1317259 -0.2291288 1.6514549
-0.0077830 -0.2438301 -2.0575566
0.6997919 0.3345190 1.2270519
0.2547135 -0.1500746 -0.0474025
0.4818062 0.4092160 -1.0130192
1.5817345 0.0599196 0.8370610
1.3813368 0.2963722 -0.7880491
-0.0662658 0.3803349 -1.1599594
0.3970097 -0.7184851 -1.0633405
0.4512421 0.2925677 0.7004005
0.5677148 -0.6301929 0.1339610
1.2750527 -0.2413734 -1.2993337
1.0965756 0.5683760 -1.2100934
1.4590567 -0.2985025 0.8572319
1.0952618 0.1369921 -0.0089776
0.1539446 -0.1743063 -1.4503717
0.7148666 -0.0112641 -0.6859878
-0.1753418 -1.0763497 -2.9640563
1.3529395 0.4858995 -1.3064839
1.0142586 0.1464817 -0.1836776
0.3666852 -0.0687127 -1.5416228
1.1464028 0.3074698 1.1016538
-0.2203659 0.2731155 -1.8750335
0.8745574 0.8386008 -0.6657911
1.4856621 0.4098933 -0.9540243
0.7397987 -1.7883440 0.1252371
1.5736165 0.0228970 0.8833075
0.6527574 -0.8529083 -1.2372057
-0.3008074 -0.7605171 -2.9117672
0.6017262 0.1595872 -0.9915487
-0.0764934 -0.7042085 -2.7863858
1.2832084 -0.2518673 -1.3573011
1.0072296 -0.2977473 -0.5247447
-0.1649955 0.3088394 -1.3434144
-1.9928660 0.8679643 -2.8798244
0.5383275 0.0242894 -0.6112612
1.1957732 -0.1005599 -0.8701370
0.4700303 -0.9548261 -1.6967293
0.7068167 -1.3957298 0.3648403
0.8399304 -0.1093310 1.1297423
-0.2284305 -0.6376946 -2.9689369
0.3131488 -1.0390258 0.2234386
-0.2751526 -0.7181143 -2.7906842
0.6738130 0.2893853 -0.5466793
1.5360885 -0.2551528 0.9417201
0.5161213 -1.1161959 -1.6726590
1.0535140 -0.5541352 0.1387187
0.2548634 -0.6283178 0.4577683
0.7306660 -0.6735089 0.8650603
0.4830313 0.3528208 0.4899396
0.4668531 -0.1151671 -0.9165307
1.0200145 0.4759133 -1.3093866
1.1758910 0.7232680 -1.2171023
1.2016634 -0.1173367 -0.8626043
1.4066237 -0.0068767 1.3786752
-1.2639238 0.5262507 -2.4921470
0.9549574 -0.4714802 0.3002524
0.6741685 -1.3507571 0.4449725
1.1355305 0.1999587 -0.5893208
0.5537956 -0.2472729 0.7346952
-0.1200367 -0.6432750 -2.9736605
1.3596963 -0.3345048 1.3487567
0.8885731 -0.3529523 -0.4519649
0.2824928 -0.6970977 0.2383302
0.6543359 0.2889969 -0.9480926
1.4537926 0.5087442 -1.4404067
1.0191565 -0.2279265 1.2275156
0.6555761 -0.1277273 0.7631882
0.7273107 0.1107053 1.1746969
0.9205863 -0.6240704 -1.5244472
0.3710892 -0.6413720 0.1300402
-1.8305407 0.8092358 -2.6769326
0.1454021 -0.6481141 -1.8436639
0.4922937 0.0122369 -0.7939526
0.7983267 0.4557981 -1.0788593
-0.2735097 0.4675577 -1.4433125
0.6883891 -1.6384994 0.2224191
0.6699284 0.1370907 1.1702421
1.0272557 -0.5039915 -1.4478416
0.9570482 0.6621720 -0.0481839
0.5934090 0.6315421 0.3308466
0.3092157 -0.0917274 0.6671509
1.0749801 -0.0298408 -0.7147463
1.0363572 0.6346376 -0.8571640
0.8127997 -0.1870000 0.8464056
0.8158638 0.4007403 -1.1024741
0.3392154 -0.2458412 -0.0393213
1.5190079 0.8288837 -2.7728198
0.4846459 -0.7527404 -1.1031457
1.3933675 0.3522324 -0.8554238
0.4459887 0.0014998 -0.3705090
1.0503782 0.5433453 0.2708459
1.3897650 0.1957328 -1.5020342
-0.0395508 -0.7930102 -2.9788244
0.4005679 -0.6770999 -1.8377056
0.5125126 -0.3890322 0.7093601
0.4897398 0.0370741 -0.9967124
0.2227293 -0.5926545 0.1724280
0.6060849 -0.0705026 -0.6567422
1.4031045 0.1021440 0.2619290
0.2450818 -0.3197342 0.0976458
1.7967573 0.8512231 -2.9779613
1.1080770 0.6197388 -1.3300911
0.6611813 -0.7298322 -1.1612265
1.0975333 -0.5250548 -1.6367608
1.0752916 -0.2074482 0.1171508
0.8655675 -0.3373642 -0.4411488
0.6615784 -0.4444297 0.9422731
0.3846741 -0.0868092 -1.5366454
-1.1020869 0.4695860 -2.4304745
0.1721803 -0.4046616 -1.8810185
1.9233550 0.6311288 -2.9272032
0.6721037 0.4148795 1.2790573
0.3356527 -0.5338669 -0.9026938
0.0801917 -0.9537975 -2.8702600
0.8558726 0.0567235 -1.0419601
0.7047603 -0.7411610 -1.2833387
-1.3639547 0.4589974 -2.5993245
-2.0921617 0.8240739 -2.5786154
1.6236100 0.8183391 -2.8474963
1.2641743 0.1738145 0.9111844
0.9009724 -0.5687152 -1.3452009
0.8107232 -0.1416950 1.0414019
0.4143924 -1.0238888 -1.3556584
0.1872054 -0.5294980 -2.2416492
0.0491384 0.4462405 -1.1202558
0.2579962 -0.1666948 -1.6670175
1.2186177 0.0191710 0.0004076
-0.1318383 -0.5208359 -2.5218935
0.6482086 -1.2375044 0.5540068
1.4868761 -0.2675159 0.8208144
0.1952730 -0.7639517 -1.5717279
-2.4059508 1.0664862 -2.7182977
-0.3912272 0.4972254 -1.9654393
0.3583625 -0.0614783 -0.5786486
1.0861735 0.4698798 0.3572890
0.3702520 -0.2959955 -1.0444568
1.4448385 0.4246160 -1.0940722
0.7218863 0.7897702 1.5201455
1.6189371 -0.1991501 0.6892446
1.1721087 0.0924725 1.1074140
1.1189497 -0.1412352 0.3533243
0.4731113 0.0182550 -0.6650195
0.2867466 -0.7258744 -1.5458356
-0.9796979 0.4500591 -2.2560363
-0.0681710 -0.5432446 -1.6322356
-1.5220366 0.6876208 -2.6257880
1.1255654 0.0235583 1.2116224
1.3072612 0.0141229 0.0865893
1.3649617 0.6993705 -1.0132049
0.9559481 -0.6322861 0.4603073
0.8904534 0.5199799 -0.9007176
-2.3819606 1.2298090 -2.7190700
0.2284914 -0.7348696 -0.0632421
0.8159546 -0.5192375 0.1349511
0.6988708 -0.2198152 -0.5002603
0.5552570 0.3205397 0.5217816
0.2482128 -0.0943511 -1.8660810
0.1482453 -0.5188960 -2.3489342
0.7139379 0.9736503 1.6606681
0.5815462 0.5466228 0.2264629
0.9769488 0.7429901 -1.0204571
0.5340032 0.5418091 0.1085829
0.3305856 -0.3769906 0.0896806
0.7140996 0.6144002 -0.0881327
1.0570565 0.5738425 0.3653798
-0.2430953 0.5265470 -1.5766935
0.7309653 -1.2163886 0.4769896
0.3478213 0.0082794 -0.9006399
1.0162214 -0.5393481 -1.2436522
0.5301287 -1.2733649 0.3764699
0.2207303 0.0969713 -0.9134440
-0.2462293 0.3087984 -1.4801543
1.1711941 0.1214759 0.1159526
1.1204777 0.1321847 1.0659959
0.7200429 -0.6089262 -1.0899969
0.7757785 0.2851929 -1.1049492
0.9673312 -0.1844145 -0.0278134
1.4208884 0.1118995 0.7483276
0.4502150 0.1919551 0.1170350
0.2696947 0.3311312 -0.6325462
0.8739673 0.8250312 -0.5002546
1.4145850 0.5276390 -2.4874017
1.0431280 -0.5552177 -1.4573087
1.3526510 -0.0750087 0.1470133
0.2391238 -0.8435733 -1.3162792
1.3797797 0.5435104 -1.7722501
1.4349326 0.8290539 -2.9800563
0.5850096 -1.0331924 -1.7777812
0.3847134 -0.7100514 -0.9729145
0.8742586 0.5389019 0.5098177
1.5147556 0.3004109 0.7742782
0.0300815 -0.7956438 -2.8826013
1.1544548 0.5191397 0.3208978
0.2475230 -0.1372393 0.0756065
0.7097210 0.1337999 1.2439181
-0.4958560 0.4674145 -1.8867557
0.6120774 -0.5138724 0.0858695
0.9214046 0.6686052 -0.0723011
1.2651547 0.4168977 -1.8687398
0.9544883 0.5524995 -0.9198653
0.0344178 0.1435796 -1.2118255
1.2902838 0.6071354 -2.6426606
0.3773029 -0.3084154 -0.2518868
0.1460942 -0.4061200 0.2536629
-0.1677087 -0.9633623 -2.9841936
0.4846442 0.2413270 0.1858060
-1.9479585 1.1855433 -2.7443881
0.8305480 0.3047882 0.5702612
0.7952307 -0.3123404 -0.1863181
0.6960686 0.0687635 1.0738858
0.7074208 -0.4603857 -1.2126154
1.4166521 0.6093097 -2.1157980
-1.9099170 1.1423287 -2.5848205
1.5118949 0.1237915 -1.1081563
1.6058609 0.7540749 -2.9707773
1.1670486 -0.2372789 1.0943964
0.3053805 -0.2302950 -1.1125392
-2.1576555 1.2183239 -2.5783584
0.8981490 0.3114360 -0.1827567
1.1912837 0.0204923 0.2269581
1.5260984 0.6637934 -1.0976776
1.4418342 0.1062485 0.7872989
0.0977146 -0.8632246 -1.4429992
-2.2211387 0.9251268 -2.8353376
0.6365567 -1.3402673 0.3256703
1.4798883 0.4462200 -2.1617608
0.7911361 0.0481016 1.1329147
1.3989022 0.6946252 -2.4382823
0.2027690 -1.0820537 -1.5561730
1.3927993 0.0729725 -1.4232205
1.5096345 -0.2245520 0.6326277
0.7280429 0.1185806 1.1570221
0.9927525 0.1910545 -0.2513824
1.0580823 -0.2013628 -0.4690301
0.7714204 -0.3680284 -0.8617352
1.5021439 0.6031361 -2.9252722
1.6166192 -0.0235922 0.8656442
0.4759364 -0.4209802 -0.1106939
0.9784350 0.3176409 0.1493443
1.5669557 0.1552866 -1.2147306
0.8853576 0.8017614 -0.2475325
1.2997081 0.4808094 -1.8322058
0.2195576 -0.0847021 0.1492816
0.6871372 0.8045030 1.5853937
1.4007611 0.6975059 -1.0336374
1.2999918 0.1733925 0.9908098
0.4070343 -0.3827052 -1.2906710
-2.1693006 1.0929923 -2.5356648
-1.5681685 0.7316666 -2.7596104
0.0683484 0.4315815 -1.0322822
0.5118715 0.2397484 0.1447294
0.0943405 0.4637284 -1.5270722
0.6377113 0.5215730 0.2668667
0.3860526 -0.1547264 -0.6216570
0.5191510 0.3196347 0.0392127
0.2620867 -0.9810697 -1.4121202
0.9926104 0.7739459 -0.9791177
0.9853958 -0.2575035 0.0993214
0.1013822 -0.4845455 0.2697279
1.0294627 -0.4526214 -0.9671909
0.6244187 0.2636819 -0.3878635
0.6710439 0.4977516 0.2973520
0.3592249 -0.3837092 -1.2184092
1.2380580 -0.2524617 0.9612409
1.5367059 -0.2408942 0.9323832
0.9071959 -0.2221926 -0.2091335
-1.2225161 0.5278275 -2.6823144
0.6929104 0.1869240 -0.5006577
0.3583975 0.0844721 0.4630556
0.6732514 -0.9995197 0.6223065
0.7080077 0.7672186 1.5765383
-2.1904423 1.1488150 -2.5095768
1.3032752 0.4162074 -1.4750319
1.2594155 0.3791373 -1.3213141
0.0968103 -0.5785026 0.1154208
-1.9127190 1.1699922 -2.7436123
1.5449126 0.0876198 1.0699430
0.7353218 -0.6274849 0.6356881
0.6803526 0.3858417 1.3290921
0.2475580 -0.2264173 0.4578539
0.1746066 -0.5843605 -1.1664498
0.6068402 0.3623566 0.5992738
1.4270804 0.8103494 -2.9764543
1.0284696 -0.0560755 -1.0594329
0.9077926 0.3284396 -0.1551108
1.1229739 0.6806309 -0.8690018
0.3047570 -0.2113997 0.6692621
1.2848862 0.5782060 -0.8576096
-2.1622052 0.8758163 -2.5743394
1.0458755 0.2558051 0.1366125
0.5645993 0.2038502 -1.0699799
1.1378618 0.1018544 0.5363514
-1.2305166 0.4024948 -2.5253913
-0.0344570 0.2026546 -1.2312883
0.3717028 0.1499244 0.2379058
0.2322471 -0.8019896 -1.2663186
0.7632671 0.7865689 -0.2334932
1.5233507 -0.2501358 1.1839436
1.4504826 0.0697667 1.1355735
0.6861128 2.1641231 2.2929213
0.1163136 -0.8131817 -1.4211184
0.1073554 0.5280461 -1.3416442
-0.0837286 -0.4767629 -2.6015859
0.8280863 0.4509333 -1.1128670
0.6937928 0.3667380 -0.6608079
0.6956066 1.5533819 2.0132594
1.9832911 0.8502804 -2.9737449
0.7326938 -0.5008569 -0.5585137
-0.0901734 -1.1353537 -2.9224751
1.2116245 0.3850450 -0.7393473
0.5215490 0.0472314 0.7586311
0.6032479 -0.5122305 0.2283110
1.1547523 0.1164121 1.7224903
0.4260735 -0.3388772 0.0089223
0.9806341 -0.6075473 0.3431698
-0.0083470 -0.9371710 -2.8967240
-0.0911830 -0.5847494 -2.3616817
1.0330352 0.4604934 -1.2946794
0.5520288 -0.6423313 0.1660199
0.7126362 2.2951744 2.2906744
0.7146136 0.6387870 -0.3148252
0.8931487 0.4217214 -1.1832906
1.3856114 0.3276066 -1.8854144
1.1174906 0.0103468 -0.8043103
0.2861991 -0.1029309 -1.9853429
1.2929385 0.2789021 -0.6861511
1.4039810 0.2959054 0.6535833
0.2467958 0.0572005 -0.9370123
0.7257537 0.3461464 1.2592173
0.4150017 0.1034650 -0.5398447
1.0526075 0.0143772 0.4049077
0.6741450 0.5389324 0.0266517
0.4120920 0.0827191 -1.1197652
0.9019723 0.1169749 -0.3987305
-2.2113683 0.8664922 -2.6551869
0.9665634 -0.3992650 -0.7521513
0.0525799 -0.3446235 -1.4649696
1.6288310 0.2224696 -1.2479198
1.1135478 0.0402117 -1.2137964
1.2640849 -0.3640720 -1.4909163
1.2874123 0.2998445 -0.6767192
1.4770952 0.2660909 -0.9218895
0.0701845 -0.5241033 0.3119446
0.5041168 -0.8465375 -1.2222227
1.0322526 0.1080882 1.2225833
1.6660441 -0.0362858 0.5490345
0.4900227 0.3375626 0.7621486
0.8611110 -0.2890221 0.2773070
0.8917847 0.3740980 0.1264874
-0.1424516 -0.7586272 -1.7602139
0.8607880 0.3361878 -0.5672007
0.3988754 0.2148006 -0.5954053
0.3107944 -0.8737172 -1.4193857
0.9989119 0.1270695 -0.3378913
0.7735810 -0.4151318 -0.6583458
1.4658223 0.4867512 -1.0431417
-0.3027978 -0.7377352 -2.8703933
-0.0692646 0.5382026 -1.4346784
0.4810402 -0.9273112 -1.4089023
0.1602767 -0.4808166 0.1492880
0.9161119 0.5970910 -0.2911986
0.1275946 -0.4121069 -1.3255885
0.1625287 -0.5431830 -1.1748546
0.4845015 -1.0412383 0.2016506
0.7388189 -1.3149347 0.5200219
1.1986492 0.0838360 0.0308816
0.8933401 0.7256403 0.5100704
-2.5503511 1.1634289 -2.6336536
1.3683642 0.4633610 -1.1569391
0.1532065 0.2227837 -0.9239419
0.6817391 0.7440154 1.5280832
1.2187654 0.3054506 -0.8480251
0.9748440 0.1501848 -0.0967900
1.1678896 -0.0110830 0.0893940
0.6577913 -1.6361943 0.2819384
0.2275054 -0.5785664 -1.1970574
1.7258786 0.7296880 -2.9742954
0.7337189 -0.3269414 0.9853102
0.1620710 -0.1168289 -2.0635481
0.4616410 -0.6145405 -0.8688382
-0.6028690 0.4228464 -1.9054908
1.0931624 -0.3070474 1.6905720
0.5974865 -0.4704575 0.1091364
1.3011410 0.1493184 0.9239872
1.0712746 -0.2225522 1.1234608
1.0498554 0.2083577 0.5901706
1.1651100 0.2542183 1.0673152
0.3138226 -0.8070093 -1.4054359
0.5532428 -1.1365604 -1.7825282
1.3003649 -0.1561148 0.6071158
1.1876183 0.0800783 -1.2863095
1.0750384 -0.2638358 -0.7546709
0.5380636 -1.2049234 0.2841972
0.6818717 -0.9364698 -1.7354319
-0.1092669 -0.7851966 -1.6381428
0.9162394 -0.7048550 0.7455224
0.3339025 -0.8440773 -1.6892548
1.0774294 0.2878621 -0.6060503
-0.3453866 0.2184001 -1.8087859
1.0627662 -0.2490270 -0.7267841
0.6813610 -0.4366245 -0.0130244
-0.6823405 0.2373728 -2.2979596
0.3735960 -0.4040332 -1.2725601
0.5836342 0.2736121 -0.6676647
0.7807189 -0.7592205 -1.3952318
0.2005064 -0.2750662 0.3124933
0.2255542 -0.9587152 -1.4225502
1.3182724 0.7553149 -1.1065094
0.9099213 -0.5664171 -0.7563069
0.6129804 0.3552445 0.7498436
-1.5724000 0.7715066 -2.7155411
1.1941859 0.6721452 -0.9058721
1.2491210 0.1483168 0.5066040
0.0637441 -0.8636495 -1.5119994
1.2369696 -0.1692382 0.1354632
0.1474528 -0.2070914 -1.3665489
0.9814487 -0.4034666 0.3585568
0.8639793 0.0457146 -1.0489248
1.3716085 0.7289127 -2.8484063
0.6451613 0.5638176 0.0964921
1.4765924 0.3171243 0.7359585
0.1375494 -0.3425302 -1.9639014
1.2127181 -0.3584430 0.9462245
0.4967386 -0.0465837 -0.5280126
0.4523514 0.0421428 -0.6951625
0.3007150 -0.4523800 0.1054159
0.8573604 0.9099973 -1.1493769
1.1678584 0.5190211 0.2943138
0.0291076 -0.5116267 -2.0589626
0.4067935 -0.4844873 -0.8758857
0.4215109 -0.4657948 -1.8331412
-2.3449824 1.2476346 -2.6991167
0.2565300 -0.7877343 -1.5769042
0.8069817 0.3398701 -1.0226283
0.6926968 0.4938182 0.0033484
1.4640368 0.5058762 -2.0481982
1.4388736 0.4799866 -2.3992207
0.5250911 0.5274674 0.5720873
0.2913864 -0.3825391 0.5940158
0.1495976 -0.5031419 -2.3409121
-1.2984229 0.4216945 -2.6253588
0.8686723 0.7903575 -0.1048853
-0.0014120 -0.4278356 -1.4593697
1.1763549 0.0208445 -0.8456815
0.9949272 0.7950112 0.1900196
1.9356277 0.6183277 -2.9207983
0.4852353 0.3253693 0.4978355
0.7538249 0.9320624 -0.0329484
1.2685301 -0.2476633 -1.2769922
1.2159120 -0.3336111 -1.1987187
1.5410850 0.8129056 -2.7977555
0.7146172 0.1412837 1.1196924
0.7428309 -0.3431390 -0.8000457
0.3841314 0.4520460 -1.1256688
1.0619742 0.6804167 0.5101934
1.4764580 0.1561832 -1.0243069
-0.8544282 0.2426382 -2.3597269
1.5223942 -0.2338393 1.1878533
0.0642562 -0.6007180 -2.4697721
1.4653174 -0.0110751 0.9822390
0.8911242 -0.2499645 -0.3677508
1.0701855 -0.2238919 -1.0147789
-0.1398722 -0.3854453 -1.9499493
0.7365615 -0.5627702 -1.0536703
0.9662772 0.4289392 0.0025869
0.5020109 0.2424872 0.2773303
0.4977841 -1.1073025 -1.6451802
-0.0105782 -0.4957328 -1.5568761
0.9950684 0.3084520 0.5256890
1.0388250 0.3211243 -0.5341309
1.2235765 0.2193430 -1.3860594
-2.0871189 1.1746336 -2.8848059
0.8972143 -0.1624008 1.1587291
0.7066858 -1.0288576 -1.8350083
0.2993667 -0.9423859 0.2280142
-0.0735020 0.5135550 -1.6822922
0.0612406 0.4557389 -1.1351141
-1.7046826 0.7064803 -2.7325785
1.4944762 0.8633563 -2.8090551
0.5165249 -1.3717791 0.2924181
0.9931436 0.5910127 0.0550494
-0.3111661 -0.6806934 -2.8871624
1.4235206 0.3935782 -0.9816398
0.4426448 0.0561397 -0.6193878
0.8062690 0.0011874 1.3433144
-0.1680567 -0.7958522 -1.7510400
1.7727962 -0.0823429 0.5371593
0.7031604 -0.4588158 -1.2221156
0.2328864 -0.3048051 0.1127225
1.2168645 0.3306570 -0.7094341
0.1884293 -0.3339104 -1.1170280
1.2319664 -0.3724869 0.8692250
0.7160512 2.2122869 2.2504811
0.8325760 0.6130856 -0.4177735
1.5077479 0.8045669 -2.7212260
0.0946026 -0.5670990 -2.0236275
1.6821802 -0.0184076 0.7819512
1.1893957 -0.2828268 0.9367564
1.4895574 0.6269932 -2.2949042
0.2650843 0.0636203 0.3352385
-0.2757127 0.3284035 -1.9804672
0.9152634 -0.3540099 0.5730326
0.9748674 0.7300458 -0.6563208
1.1535712 -0.5145357 -1.6568338
0.6849543 0.5431548 0.4834888
1.2948463 0.1252092 0.1754749
1.0881259 0.5045813 -1.1449618
-0.1349836 -0.5069836 -1.6956353
0.7213699 0.3824934 -0.9673501
0.4112887 -0.6416085 -0.9859867
-0.3746177 0.4982344 -1.9523592
1.4385585 -0.4598743 1.2173581
0.7222157 0.1113287 1.1968297
0.5873262 -0.3986409 -0.1318801
1.2006691 -0.0384939 0.6754808
0.1303351 -0.8132559 -1.2940123
0.5049302 0.4000547 -0.9468007
0.5470118 -0.6993280 0.3219192
0.9982589 0.2807547 -0.1378858
0.0665923 -0.2912102 -1.6628263
0.5597535 -0.5320277 -1.5908307
0.9226395 -0.4274701 -1.1481467
0.1120504 -0.5258947 -1.2460089
0.4281800 -0.0869169 -1.2798067
0.9091027 -0.5850347 -1.2372998
1.1194659 0.2238112 1.8243458
0.3355505 -1.1698680 -1.5774978
1.0550448 -0.2974017 -1.1104823
0.6958904 0.4216916 0.0210835
1.1314389 0.1404666 1.7372307
1.2141904 -0.3946410 -1.5084090
0.5532848 0.2272522 -0.3703783
0.0819252 -0.1843947 -1.8019171
1.2305170 -0.3644122 1.0334096
0.5812604 0.4943789 0.2017567
0.9876887 0.1166946 0.7213361
0.6812024 0.5234976 0.2149094
0.5934072 0.6157297 0.2564249
0.6215019 0.3432169 0.8238829
0.7178362 1.3249835 1.8281525
1.3344914 -0.2717119 0.6912060
1.0980334 -0.1702459 -0.4731602
1.4049287 0.5007320 -0.9049575
0.3595034 -0.7068405 -1.0791720
0.2255088 -0.5458401 0.1031008
1.5741752 0.4694336 -1.5551676
0.7355245 -0.8667209 -1.4633453
0.9992597 -0.1521440 -0.0524851
1.4611278 0.1034345 1.2656239
1.2110389 -0.4396015 -1.6042768
0.4576516 -0.1344992 -0.9172456
1.4957575 -0.2508824 0.7430631
0.8461559 -0.7041276 -0.8757830
0.6721814 -0.6796201 0.9390179
1.6650088 0.4377688 -1.3720657
0.6802397 0.8301245 -0.2966947
-0.0230125 0.5375069 -1.3857765
1.0688417 -0.3845511 1.8214564
1.0833416 -0.4179680 -1.3467604
0.7443022 -0.7825358 -1.4449036
0.7140067 0.3929441 0.9194638
-0.0474672 -0.4857212 -1.4582275
-0.2018573 -0.8741887 -2.8492458
1.3277614 0.0111761 -0.7222317
0.5140960 0.1027189 0.7209501
0.5112035 -0.5941700 -0.8392543
0.5922732 -0.4064853 -0.6684936
1.1653628 -0.3245300 1.0334541
-1.5160813 0.7152473 -2.7421806
0.7177200 -1.0264904 -1.8730193
1.2738765 -0.3297351 0.8194097
1.6731926 -0.0207571 0.6004303
0.8232916 -0.5036087 0.1370702
0.7027038 -0.7594652 -1.1098680
0.9896624 -0.4146017 0.4908544
1.0054158 -0.1719922 0.4793003
0.5213159 -0.4452271 -1.5664779
0.7010843 0.3286358 0.6069918
0.7611825 0.9284579 0.0176151
0.3190995 -0.5901490 -1.2101910
-1.2227889 0.5815974 -2.6047025
0.7626461 -0.4209512 0.3789165
0.4681629 0.4049252 -0.9018025
0.1692996 -0.7205991 -0.0173049
1.4506146 0.5590417 -1.3147774
0.9787245 0.1603381 1.1497816
0.3897879 0.0872438 0.5804032
1.4141142 0.0012808 1.0165330
1.1591396 0.1261099 0.1544892
0.7641357 -1.2820723 0.5261612
0.8414722 -0.4233318 -1.0355332
1.0988297 -0.0547854 0.0357065
1.1227752 0.1898106 0.1997673
0.0674533 0.2601675 -1.5093682
0.7323532 0.8336663 0.6382870
1.6120747 0.8912977 -2.9636114
0.4694153 -0.4836312 -0.0411622
0.1815432 -0.3430807 -1.1217351
-0.2559123 -0.5916883 -2.8134961
0.6863022 -1.1726477 0.4802735
1.2522435 -0.2012852 -1.1840868
0.8360031 0.3609418 -0.5832065
1.0948169 0.1930875 1.6772785
0.9969036 -0.0694427 -0.3307725
0.6674511 1.8484856 2.0601280
1.0038153 0.2900335 -0.8623624
0.7182529 -0.4121707 -0.6115425
0.7862847 0.2003186 0.8757488
0.3936345 -0.4484197 -1.4109800
0.3584570 -0.5733652 -1.1157579
0.5870200 0.8119192 -0.0077312
0.6563368 0.5748355 0.8517053
1.3390218 0.6550905 -2.3206143
-2.4564908 1.1873658 -2.6845329
1.1489769 0.0327570 0.3310913
0.8612232 -0.2541049 -0.0331565
0.3379316 -0.2825410 -0.8037164
1.4760147 0.0689598 1.0199894
0.7155651 2.2733982 2.2596834
0.8534506 0.6744527 0.2922467
1.3287079 0.1503266 0.9136202
1.0779423 0.5575745 -0.7456657
0.2454424 -0.4865641 -2.0300672
0.9133936 0.5553582 -1.0518445
0.6388552 0.4708775 0.3077931
0.7722828 -0.3989110 -0.4796016
0.0959866 -0.5824787 -0.1351113
-0.1752127 0.4572328 -1.2019447
1.1476753 0.6918494 -1.2502807
0.7716313 0.3045215 0.8099885
1.0151273 0.8076079 -1.2237719
1.2343360 -0.1949030 -0.9370548
0.7240356 -0.6209866 -1.2319822
0.3948007 0.1827457 -0.0564641
0.9312941 0.0906343 -0.3783379
1.7200959 -0.1381080 0.5634071
1.3020242 -0.3248184 0.9120548
0.4970780 0.4098043 0.1264594
0.5901834 0.3417186 -0.8449135
0.4993936 -0.0539455 -0.5272611
0.7657245 -1.1863825 0.4116710
0.4276674 0.1894874 -0.0290622
1.3608028 0.7500184 -1.1086409
0.6970721 -0.3286772 -0.3697115
0.8235967 -0.5872712 -1.0523920
1.1068431 0.6672202 -0.9872977
0.2150607 -0.5727943 0.1066533
1.2065661 -0.4668414 -1.5203722
0.2470738 -0.6659208 0.3828815
0.7281221 0.0906947 1.1539972
0.7474375 -0.3323962 0.9529973
0.7882548 0.9092124 -0.1512469
0.7284835 -0.4526914 0.2632516
1.1753578 0.1080215 1.6160003
0.8410760 -0.5818933 -1.0245254
1.1176525 -0.0029557 0.3241809
0.7471040 -0.6141745 0.3487271
0.7803819 -0.6644458 -1.1096888
0.9081155 0.8886886 -0.9690819
1.2014066 -0.0860224 -0.9600734
0.4305286 -0.6258110 -1.0196574
-0.1733683 -1.0796506 -2.9241092
-1.9007421 1.0985860 -2.8329875
0.8304532 -0.2063443 0.4844067
0.6479417 -0.5882359 0.6828448
0.4060569 0.1103415 -0.5664221
1.1354451 -0.4090159 -1.1043457
1.3955702 -0.2442448 1.3404965
0.9399840 0.0006237 1.2924448
1.1155405 -0.4280979 1.1949762
0.7862898 -0.6204656 -1.1846533
1.4724489 0.1398219 -1.5321962
-2.3828652 1.2684916 -2.6687984
0.2214141 -0.7637401 -1.7435489
1.0930758 -0.3766608 1.9028465
0.5939063 -1.0396867 -1.8293722
0.8160951 0.7298049 -1.2869109
-0.1482004 -0.7380179 -2.6867738
1.1626952 0.2122284 0.1905263
1.9617912 0.8461043 -2.9539800
0.8175479 -0.3593452 -0.2951663
0.4427206 0.1742982 -0.2550664
-1.8160568 1.0705980 -2.7512023
-0.1257986 -0.5691403 -1.5714943
1.1336021 0.4675360 -1.0552243
1.0864415 -0.0544230 -1.0628531
0.7986861 0.2784471 -0.9823097
0.6781902 1.9563130 2.1781218
0.8070236 0.1372307 0.9944819
0.2634413 0.1624566 -0.8073817
0.3486246 0.4724534 -1.0821855
0.7425489 -0.5761206 0.6506330
1.4069887 0.2355798 0.6958000
0.6815771 1.3528911 1.8533133
0.6501114 0.4286529 0.6457492
0.1287086 -0.2316169 -1.6471916
1.5837448 -0.1053411 0.9093947
-0.1713253 -0.7052499 -1.7690854
0.3208607 0.1290827 0.0359467
1.4293729 0.1839706 -0.9047748
0.5244405 -0.5953597 0.0167181
0.0880106 0.3512312 -1.5446060
0.2389785 -0.2896554 -1.0173652
1.0287124 0.5144328 -1.3201993
0.1561238 -0.7121084 -1.6976541
0.6474691 0.0628375 -0.5835994
0.5950294 0.5562177 0.3023131
1.3973285 0.5150260 -1.5607461
-0.4007320 0.2225984 -1.8385030
1.3398058 0.3793102 -2.0710161
0.4793944 -0.4340631 -0.0827083
-0.0216552 -0.9258560 -2.9496768
1.0156556 0.1465868 0.8004795
0.6351300 0.1776349 -0.4326550
0.9296967 -0.1797710 -0.3146465
0.0890844 -1.0033057 -1.5800080
0.2394271 -0.6119016 -1.5740292
0.9067287 0.2356063 0.7261232
1.1063129 0.1762095 -1.2649080
0.1180955 -0.3125391 -1.3318170
0.5806285 0.4230576 0.2916299
0.7067621 0.5347881 -0.0314380
0.8889324 0.7292567 0.1339188
0.4798485 -0.4764893 -0.8206447
0.5663582 0.2577012 0.7983353
1.1347705 0.2914023 0.2223730
0.9339859 0.6239646 0.3055105
0.2008724 -0.6326910 -1.5855094
0.2823347 -0.1425320 0.5069820
1.0543644 -0.0216354 0.2961592
0.8874125 0.1307817 -0.4204613
0.2261470 -0.7279499 -1.2531626
1.0113513 0.2396214 -0.4940429
0.9685472 0.0665124 -0.1598174
1.0923810 0.2974124 -0.6243693
1.0101755 -0.1865151 0.0179975
1.2598405 0.5420267 -2.0762873
0.6388266 0.2266363 0.7678913
-0.0864507 0.1905086 -1.4049479
1.8705592 0.7255282 -2.9736319
-0.0550961 -0.4942376 -2.2536051
0.9917300 0.1532082 -0.3264582
-0.2128414 -0.6809918 -2.6817837
0.6983051 -1.7470130 0.2907094
1.0525609 -0.2198167 -0.4676036
1.3392439 0.1899259 1.3307114
1.4617753 0.1449335 -0.8971406
0.6038259 0.2488613 0.9443187
0.9031480 0.4936678 -1.1359415
0.1896354 -0.2827337 0.4288701
1.0107563 0.3921985 0.4758426
1.2684699 0.5756261 -2.2001786
-2.3622572 1.1461278 -2.7105634
1.2703619 0.0718795 0.7240733
-2.5405891 1.2687896 -2.5621772
0.2449672 -0.5487776 -1.6532780
-1.4571381 0.5167492 -2.6373792
0.9706600 0.8277684 -0.6696213
1.0934831 -0.1439583 -0.9367160
-0.1201116 -1.0755124 -2.8893797
0.8551229 -0.7677016 -1.0359175
1.0316178 -0.4638443 -1.0129179
0.7699352 -0.1617002 -0.4916005
0.5828744 0.0751262 -0.6193380
0.9139405 -0.2115574 -0.3402705
0.4862992 0.0146783 0.7149809
0.3566940 -0.0778756 -0.9742295
0.6661323 -0.6509665 0.8563050
0.6195511 0.2182031 -0.9587421
1.1627114 0.7004424 -1.1996793
0.9214461 -0.6335783 -0.8034244
1.5970834 0.6052878 -2.8850691
1.0289694 -0.1823567 0.2863808
-0.2069104 -0.8850474 -2.9965622
1.1131890 0.0725855 -0.4795343
1.0623546 0.3242672 -1.1434143
0.4660125 -0.7819997 -1.7728069
0.3251006 -0.9632621 -1.3805430
0.9922442 0.2804191 0.1411656
0.2558680 -0.5020358 0.5792906
1.1699960 0.3646652 0.6765449
0.1709386 -0.3665538 -1.8732353
1.4709525 0.6329056 -2.1812229
1.1254627 0.2146005 0.2154479
-1.0220306 0.4322871 -2.6005995
0.4099666 -0.2666142 -1.1263988
0.8912833 0.4441003 -1.0050780
1.4356563 0.5397159 -2.5071762
0.8693526 0.8048435 -1.2955228
0.8079760 -0.4082635 -0.9731562
-0.1655406 -0.7010775 -2.6299779
1.6903055 -0.0855410 0.5010644
0.0525232 0.4597282 -1.5809474
0.5444120 -0.4472650 -1.6030680
1.1706296 -0.1328692 0.0342334
0.9166706 0.3265778 0.0469180
1.5374117 -0.2340012 0.9261212
0.3614014 -0.4235373 -1.0197815
-1.9665033 1.0739064 -2.8853259
0.7918546 0.8065982 -0.2323419
0.2210417 -0.6203111 -1.2182094
-1.9594539 1.1981789 -2.6500983
0.9981985 -0.1778311 0.1814795
-0.6298780 0.3405760 -2.3333802
1.1785011 -0.1434226 0.0504431
1.0702672 -0.1327059 -0.4668727
0.7733758 -0.4327964 -0.4440813
0.0512799 0.1365717 -1.3023156
0.7674350 -0.3284643 -0.8216501
1.4219841 -0.3782207 1.2522407
0.3206907 0.0545257 -1.1044255
0.3359756 0.3664024 -1.2971745
0.6354311 -0.9645111 0.7167899
1.4385235 0.5032412 -1.9793406
0.2853080 0.0394878 -0.9099385
0.2643594 -0.1717370 -1.4834999
0.8793231 -0.5544258 0.6199681
0.7391120 -0.3662014 0.9073756
1.1210396 0.1435341 0.8413752
0.6290651 0.2333620 -0.3810599
0.7169346 0.5839844 0.2675146
1.3396349 -0.4116516 1.2360201
0.7013966 -1.3708831 0.3630987
1.2380072 0.5337298 -2.2203941
0.9096665 0.1425920 1.0757743
0.6724094 0.7626283 -0.3351514
0.9158555 0.8557637 -0.6633151
-0.0338108 -0.4608890 -2.4160876
0.4478106 0.2542116 0.4864997
0.5674754 0.1390530 -0.4176832
0.8017480 -0.4267538 -0.4478669
0.2931673 -0.6507130 -1.3457714
1.4676118 0.1018141 0.6679772
1.6377423 -0.0199696 0.5593783
1.1286328 0.3107082 0.3741804
0.2310060 -0.2507467 -1.2815613
0.5295992 -0.4443949 -0.5103151
1.0043319 -0.2540518 -0.6263501
1.2856064 0.5040323 -0.7999989
0.0321628 0.1658837 -1.1508030
0.3845357 0.1202403 0.4956106
1.0309757 -0.1711777 -0.4415128
0.0193525 -0.3948369 -2.2657762
-0.4948516 0.4855344 -2.0466750
0.3578624 -0.8041843 0.2499214
-0.3007316 0.4955066 -1.5575193
1.5006118 0.5181234 -2.3441620
0.8596901 0.8346861 -0.7404581
1.0010421 0.4512028 0.6752343
-0.6693400 0.3437835 -2.3683889
-1.9371743 1.1308485 -2.8249671
0.4146546 -0.3822136 -0.2664827
0.7556449 0.8483467 -0.5244075
1.5311433 0.4856607 -1.4390867
0.7299680 1.8764118 2.0504453
0.6709028 0.1293668 1.1232471
1.0113204 -0.2131495 0.0471322
0.2345890 -0.5601077 0.2245512
0.9298912 0.6379616 -1.2277985
0.1224281 0.3895492 -0.8790601
0.6576922 0.1306103 -0.7785847
0.4885440 -1.2914854 0.3494899
0.8226768 -0.5393858 -0.5940570
0.6837189 1.7743285 2.1401100
0.9931438 0.6561594 -1.2026811
0.6036007 0.4174646 0.5389014
-2.0336986 0.7712340 -2.6905844
0.7752840 -0.8147062 -1.4879172
1.5959246 0.1581765 1.1813036
0.7394916 0.4500176 0.6590999
0.9241309 -0.5626909 -1.3778288
1.0555069 0.0820605 -1.2224948
0.0554414 0.1318571 -1.2318310
0.2761753 -0.0943715 -1.2074099
0.9736168 -0.0013404 1.2701617
0.9803854 0.6734400 -0.2139223
1.4000767 0.7597494 -2.6460197
0.3303631 -0.1319051 -1.7293205
0.4899128 0.3334434 0.8763217
0.7264893 -1.0323387 0.5863047
0.5614216 -0.6097504 -0.8746424
-2.1881044 1.2583815 -2.6872165
0.1646616 -0.3621168 0.2240110
0.2604975 -0.2463892 0.1870128
0.7726523 -0.5385094 -0.8699498
1.2263970 -0.2445288 1.5055602
0.6592894 0.3059932 0.9744864
-0.0783514 -0.4867680 -1.5518209
0.8288250 0.7061667 -0.6559619
1.2605748 0.0734678 -1.2673144
0.9334038 0.3066844 -1.3186458
1.1370929 0.6850258 -0.8915010
1.1745468 0.2944298 -0.6853364
0.4757202 -0.2054015 -0.6352820
0.8294652 0.8632466 -1.1074780
0.3610495 -0.3794883 -0.9854778
0.7505921 0.5669212 0.7521330
1.4847707 0.2207950 -1.0026865
0.0377740 -0.2655864 -1.9043477
1.5225079 0.6226134 -2.6810846
0.0846137 0.3701620 -0.9397402
-0.1225488 -0.7851015 -1.7521971
1.4842209 -0.2340652 0.6697783
0.9962912 0.6631055 -0.2012626
0.3437085 -0.6871806 -0.0571759
1.1926057 -0.1320012 -0.8350400
0.2905233 -0.0834458 -1.6085576
-0.7417828 0.2260489 -2.1958933
0.5034789 -0.1718336 0.7460083
1.3647246 0.3160108 -0.9247248
1.2351447 -0.3683383 1.0001866
0.6419880 -0.6925828 -1.5254309
1.1344738 -0.5083123 -1.4728491
-0.3487296 0.4998587 -1.6902659
0.8222212 0.2938317 -0.2334814
0.4707029 -0.9777100 -1.4820747
0.8149239 -0.0454450 1.1372933
0.1232720 -0.4530933 0.2519446
0.7698345 0.3150474 -1.0137756
1.2073513 0.3912938 -1.0619895
1.5880407 0.4438328 -1.2777740
0.7296999 0.5279586 0.5936818
0.2157864 0.3181340 -0.7881806
0.8170584 0.8248571 -0.1853396
-0.0170039 -0.3576224 -1.7705915
1.0041608 -0.2921931 -1.0358158
1.2646759 -0.4366753 1.3017395
0.9381620 -0.7022083 -0.9970815
1.2671654 0.0478386 -1.2028195
-0.0296818 -0.8898267 -2.9572687
0.5932617 -0.9426181 -1.5070369
0.7496389 0.0745232 1.0366982
1.3272214 -0.4532017 1.2402077
0.7241521 -0.5697939 -1.1266273
0.2560717 -0.1670182 -1.6853907
1.4181486 0.5405641 -1.3417166
0.1428801 -0.1674839 -1.5288112
0.7253175 1.9785545 2.1327543
0.4550794 -0.3488381 -0.7719225
1.4487939 0.1279153 -1.5208472
0.8081968 -0.3807506 -0.5809128
0.7202861 0.4896962 -0.0537640
0.6074345 -1.0808316 -1.8482027
0.4900074 -1.3372414 0.2645298
0.5688586 -0.1254350 -0.5173925
1.1450394 -0.3750528 -1.0583675
-0.0069278 -0.7897031 -1.4972697
0.3677469 0.1379490 0.0476158
0.2644612 -0.0056540 -0.0621945
1.4447991 0.1167761 -1.4270908
0.3083637 -0.1310462 -1.8581140
-0.0182175 -1.0556941 -1.6063490
1.0005885 0.1513627 -1.1755091
0.4953716 -0.2261729 -0.6314965
1.1271335 0.3470422 0.5602533
0.4106478 -0.1519855 -0.7826248
0.7455417 -0.4185359 -1.1309161
0.4107376 -0.3235618 -0.4966938
0.5803633 0.2586647 -1.0287491
-1.7279298 0.7166764 -2.7029493
-0.1766247 -1.0252192 -2.9730012
0.2937922 -0.7790762 -1.4040681
0.4229970 -1.0049025 -1.3243616
1.2646871 0.4306031 -1.8879294
0.8368309 0.6419869 0.6760534
1.0724578 0.5856063 0.3872037
1.2440404 0.3417789 -0.9129208
0.5661052 0.4468616 0.8047968
0.5129297 -0.4770984 -1.7337391
-0.0663407 0.5398791 -1.6103641
0.8097746 -0.4613247 -0.5194994
1.3931402 -0.2542720 0.9016834
0.9485835 0.6211405 0.2979360
0.7927259 -0.3080419 -0.0649420
1.2368611 0.1173450 0.8467451
0.6375943 -0.4966100 -1.3839430
0.9299615 -0.1883661 1.1097087
1.4695204 0.2984665 0.7503105
0.4282301 -0.4530321 -0.1327246
1.0443791 -0.2482200 -0.6943431
0.7146329 1.4927720 1.9251835
1.1359513 0.2075943 0.1163912
0.6263267 0.1827249 -0.9366787
0.5559222 0.5505348 0.1878594
1.3010098 0.1436903 0.8902527
0.8006355 0.9107058 -0.1106782
0.7237771 1.3381648 1.8023190
-0.1184927 0.2048032 -1.5449653
0.7607971 -0.7233040 -1.1517841
0.4772986 0.1102798 -0.5817477
0.9462389 -0.0262875 1.2181853
0.6835265 0.3370939 -0.0289773
0.4640992 -1.0973918 -1.5754137
1.3614200 -0.2593978 0.9171008
1.1275038 -0.1186511 -0.5424939
1.0495050 -0.1375324 1.3097513
-0.4320713 0.3391227 -2.1393147
0.5603593 0.5267904 0.1984330
0.4044531 -0.3228303 -0.0207706
1.7029104 -0.0296518 0.6294630
0.9087973 0.8368100 -0.4825028
0.5210454 -0.1867947 -1.1269345
1.0637730 -0.2630399 -0.5023472
1.1576852 0.0051840 1.2385225
-0.1608774 0.3781979 -1.3044623
1.5082443 0.5780111 -1.0539359
0.4668249 -0.0010188 -0.7251482
0.7708069 -0.3742505 -0.8700554
1.2545127 0.2980028 -1.6604455
1.1389416 0.2928793 1.1534988
1.3693659 0.2704765 -0.7488219
0.6787561 0.3481856 -0.1263825
1.1121840 -0.2098004 -1.0449234
0.9154027 0.1713223 -0.3475647
0.6491018 0.5650698 0.0967092
1.0000540 0.8433147 -1.1435137
1.5339503 -0.0129118 1.1277658
0.8845633 0.8192655 -0.5407847
0.6975213 1.8363693 2.1782715
1.2847494 -0.1580189 -1.0109380
0.3189638 -1.0931408 -1.5649434
0.9270470 -0.5105467 -1.2663817
1.1631756 0.3177348 1.1813751
1.0647953 -0.3359369 1.7156931
1.2080706 0.1315670 0.8734069
1.0553954 -0.1456429 -0.4597798
1.1500028 0.3687085 0.6130064
0.4829339 0.2193919 -0.3127383
0.0224346 -1.0083599 -1.5181006
0.7295582 -1.2327838 0.4253545
0.5834935 0.2567509 -1.0243740
0.6507482 0.5523574 0.3235021
0.0016864 0.3424431 -1.0886983
1.0542771 0.2142750 0.6138002
1.4720633 0.4643469 -2.0386295
0.5162944 -0.6950577 -0.9538599
0.7957566 -0.5318264 0.1125347
-1.6104406 0.6311390 -2.6728046
0.5252304 -0.5555800 -1.6069043
1.0223248 -0.2914191 0.2215713
0.7534757 -0.6473625 0.6742486
0.6709518 1.1577382 1.6551584
1.0762557 0.1560258 1.8895410
0.6424868 0.8704026 -0.3150479
1.3060733 0.1905645 -0.6874842
0.9396470 -0.2437184 0.9903551
0.3738756 -0.7235925 -1.1606323
0.2548366 0.3716446 -0.8335974
1.6154358 0.6062183 -2.8775711
0.6309487 -0.9497308 0.6527897
1.0901237 -0.1282398 -0.6226580
1.2792704 0.0622643 0.0635610
0.4819856 0.1897731 -0.2603989
0.5999562 0.2432847 -0.3530257
1.2113419 -0.2794155 0.9380012
0.7112717 1.4821596 1.9398296
0.6900537 0.6835049 0.3408775
0.7235359 2.1466243 2.1591733
1.1663955 0.1570941 -0.0032703
-1.1706568 0.3785929 -2.6094983
0.5262550 -0.1822778 -1.1225663
0.4713079 0.2513831 0.6613917
0.3187456 -0.6919895 0.3584157
1.4701842 0.2394408 1.2614932
0.7017561 0.4775405 1.4388571
1.2820336 0.0364321 0.0506916
1.0327247 0.4051294 0.1498399
0.7305245 -0.1496217 -0.5356118
0.7854152 -0.4922694 0.0663535
1.0883700 -0.0398371 1.2530605
-0.0386792 -0.3584172 -1.8187363
0.6498826 -0.8609833 0.7441158
0.7271495 0.2324951 1.1905925
-1.1619607 0.3545852 -2.5441008
1.0950528 -0.1873109 -0.7208828
0.3649135 -0.6442173 -0.9311292
0.3634383 -0.8689428 -1.7225142
-0.0637328 -0.4238881 -1.6359560
1.1263340 -0.0682634 -0.6679695
-0.2576513 0.5241644 -1.5860237
1.0395405 0.4920345 0.1389316
1.2854669 0.7206813 -2.7427223
0.9418107 -0.2133301 -0.1265089
-0.1383595 -0.8401703 -1.7343339
1.0873607 -0.1697702 -0.5233862
1.0316113 -0.0524890 0.3311050
0.3016989 -0.5793360 -1.2811316
0.3106992 0.4408957 -1.2805355
0.9858966 0.3795440 0.4899143
0.6178222 0.3542915 -0.7309938
0.1212761 -0.5093381 -1.9797763
0.2116974 -0.7812272 0.0088243
1.0502288 -0.0132755 -0.3916182
0.7113997 0.8518561 0.6163226
1.4248980 0.5386721 -1.8474394
-1.3324268 0.4357742 -2.6253178
0.6932537 0.7566797 1.5824517
0.7185168 0.2139023 -0.9576554
0.8154948 0.0211603 1.3412260
0.7216295 -0.5935720 -1.1307057
1.0057440 0.6900017 -0.2797115
0.8881188 0.2688472 -0.2297144
0.6871206 1.2949440 1.7162515
-0.8122115 0.4080925 -2.1704237
1.5937775 0.1780684 -1.3747301
0.2881489 -0.1452629 -1.8599322
0.1774794 -0.5379955 -2.2768283
1.2234857 -0.3592691 1.0289857
0.7138038 1.2082287 1.7882872
1.0272590 -0.0963362 -0.9041234
0.1037748 -0.9764898 -1.5435584
0.9377831 -0.2275450 0.0209883
0.9236842 -0.1660646 -0.0813875
0.0137506 -0.6166282 -2.1470895
1.5692806 -0.3663048 1.0774283
-0.2069758 -0.5297188 -2.6319127
0.1619522 -0.1496486 -1.7485250
0.3320298 -0.5970632 -1.4578462
0.8268836 0.8226889 -0.3699798
-0.1980320 -0.5959360 -1.8510365
0.0260661 -0.4011997 -1.6289282
0.6922839 1.6612427 1.8997009
0.5808677 -0.0394664 -0.6374153
-0.1663175 0.4717009 -1.3013712
0.2810715 -0.1108655 0.3559768
-0.7671158 0.4541468 -2.3804369
0.8421535 -0.2647763 0.4958593
0.6742398 -0.9837069 -1.5479267
1.3990078 0.2118593 0.5475386
0.4284419 0.1044137 0.6346888
0.6547843 -1.8206452 0.2837746
-0.3254969 0.5158585 -1.8596998
1.5227072 0.1389968 -1.3395859
1.3617074 0.7260696 -1.0642327
0.7734346 0.8036217 -0.5647422
0.1626794 -0.3861108 -1.2759082
0.7310398 0.2952431 -1.0018095
0.7128741 -0.4190407 -0.4505934
0.1929171 -0.4443713 0.1144657
0.4342468 -0.5301367 -1.6628293
0.3469573 -0.1835896 -1.0122091
0.1509896 -0.1545749 -1.7373645
0.6150345 -0.6892890 -1.6002864
1.4135324 -0.0421069 1.4021809
0.8507674 -0.7595522 -0.9997227
0.7013997 -0.8421077 0.5221820
1.2806445 0.0737167 -1.2554696
1.8520677 0.6740571 -2.9543049
0.7772025 0.0245406 1.2605640
0.9304164 -0.1749954 -0.0445638
1.2833356 0.5309458 -1.4780874
1.6672914 0.2590999 -1.3034902
1.2031627 -0.3645409 -1.1315635
0.2383383 0.4979347 -1.2553587
-0.7218561 0.3085470 -2.0820489
0.3783379 -0.7852163 -1.1487267
0.8174576 0.1727368 -0.4503321
0.6988223 -1.0377585 0.6215573
1.2126595 0.2418875 0.9601339
0.8545913 -0.4890556 -1.1868612
-0.7249740 0.4511726 -2.1777916
0.4302380 -1.1863675 0.3089723
0.4920194 0.0016165 -0.8530963
0.4738248 -1.1061649 0.1709771
-0.0884863 -0.7051520 -2.7474332
-0.8539352 0.4172174 -2.2255397
-0.2523761 0.2433614 -1.8541535
-0.0440894 -0.6398843 -1.4874611
0.1033530 -0.4224695 -2.3123977
0.6812697 0.3002697 -1.0054325
0.4005266 -0.3452224 -0.8844354
0.3738072 -0.3032451 -0.9430280
0.1031822 -0.6782316 -1.2963703
0.2079256 -0.1003454 -1.9778175
0.9683374 0.2902944 -0.8780032
1.0200442 -0.3427220 -0.7477199
1.0482359 -0.1523547 0.7280961
0.3590541 -1.0756974 0.2283375
1.0860105 -0.1908260 0.7351948
-0.0712198 0.1855495 -1.3507195
1.4304919 0.2674492 -0.8265895
-0.2174585 0.3651304 -1.3920579
-1.4092286 0.5988597 -2.7461073
0.7791333 0.3184670 -1.0272720
1.0220091 -0.2836090 -0.6753897
1.2445794 0.6401128 -0.9100607
0.6506755 -0.8407748 0.5761309
-0.2360134 -0.7432663 -2.7627034
0.3618507 -0.7290475 0.2688639
0.4892161 0.5383840 0.2170210
0.7463241 -0.7025962 0.8057626
0.3502999 0.0692092 0.4934936
0.2074347 -0.4746198 -1.8975953
0.9103547 0.7134643 -0.1616664
1.1717994 0.3821384 -1.2184696
-2.0386255 1.1710460 -2.8444421
0.6418079 -0.7839172 0.7313035
0.9053783 -0.3641892 -1.0225774
0.8399373 -0.6255369 -1.2238535
0.0041338 -0.5013766 -1.4844221
0.7133013 2.3229756 2.2713828
0.8542001 -0.3060568 -0.1486375
0.9602325 0.8223026 -0.6562194
-1.9124708 0.8337823 -2.8390720
1.2868592 -0.1204366 1.1640786
0.6746753 -0.8165179 0.5688735
-0.1532135 0.3535794 -1.8495785
0.8970131 0.4974519 -0.9133427
1.1556078 -0.0901198 0.4097083
0.8004549 -0.0210302 1.1294802
-0.4057418 0.4855024 -1.6020720
0.3334266 0.1191664 0.1474556
-2.1270535 1.1455449 -2.8600562
0.0519958 -0.4352167 -1.2980348
0.8431296 0.2243390 -0.3446832
0.5120174 -1.2502143 0.3662427
0.2579245 -0.1082813 -1.3395107
-2.2248888 0.8905926 -2.8149159
1.0295563 -0.5295783 -1.3418550
0.7455590 0.2959068 0.7026173
0.6916883 -0.7723798 -1.2919549
-0.0453034 0.4925827 -1.6774071
0.7259523 0.6082996 1.4039932
0.6879994 0.9405015 1.6634216
0.2424395 -0.0324813 0.0301183
0.4745582 0.0168361 -0.7643821
0.7231890 -0.6835489 0.9451815
-1.3322992 0.5357852 -2.5485597
0.7307735 -0.8685709 -1.5710473
0.7279150 1.8392293 2.0051081
1.1262859 0.6444859 0.1971238
0.6922770 0.8272437 1.6179340
0.9108533 0.8892777 -1.0308424
0.9669640 0.5246966 0.4397731
1.3085171 0.0216540 1.1121442
1.3945068 0.5713766 -1.5966116
0.3698085 0.0459047 -1.0794762
0.7265499 0.7923583 1.4817899
0.2791221 -1.0785112 -1.4381905
0.1672368 -0.7555658 -0.0366665
0.8948380 0.5215963 -0.8950754
-0.3088383 -0.6845051 -2.8769500
-0.2557930 0.2124086 -1.6472278
0.7369630 -1.8324959 0.1262126
0.3425469 -0.5483755 -1.1524101
1.5702516 0.1288810 1.0722867
0.6845417 0.3075781 -0.6251960
0.0416226 0.5226614 -1.3232884
-0.0931860 -0.3911928 -1.7449980
-0.8487983 0.2492331 -2.2870464
0.9876875 0.2660195 0.1318028
0.4770306 0.2266854 -1.1684304
1.0932064 -0.1855903 -0.4775530
-0.0288481 -0.8749351 -1.6848681
0.9812346 -0.3095315 -1.0339863
1.2217107 0.2767996 0.1905372
0.3445473 -0.3950396 -0.8155132
0.4896454 0.1128700 -1.1111100
1.0759038 -0.3127438 -1.1662685
-0.7026289 0.2450815 -2.3280890
0.0395512 0.3152690 -1.0361474
0.1241588 -0.5719123 -1.3422182
1.0082301 0.3653251 -0.6377523
1.1570935 0.5867746 -1.0974532
0.7034464 -0.3875481 -0.8296157
1.2589360 0.6174250 -0.8998340
1.3682047 0.2900678 -1.8224176
0.6690126 -0.1414273 -0.4692961
-0.3114158 0.4475471 -1.5028363
0.4783484 -0.0453814 -0.5350152
0.1379314 0.0904833 -1.1158961
0.8255795 0.8453135 -1.1416148
-0.9767412 0.4687234 -2.5491300
0.2582351 -0.1293983 -2.0417709
0.7957184 0.6528012 -0.5739577
0.6314646 -0.4979674 -1.4213921
1.2324705 -0.1300201 0.0684153
0.9904177 -0.1900068 0.3762541
0.9566291 0.0082333 -0.1817078
1.2953619 -0.2255354 -1.1522155
1.0170890 -0.3582748 -0.7635646
0.5229875 0.3783292 0.3175040
0.9442773 0.7642614 -0.2947611
0.3163452 -0.1371001 -0.2698876
1.1561067 -0.2192559 -1.1497896
1.2610139 0.1884915 -0.6385776
1.4053614 0.0929664 0.8029323
1.3550898 -0.0135957 1.0515691
-0.0928698 -0.4552835 -2.7010853
0.9942316 0.1483771 0.7833505
0.9035741 -0.2089301 0.7774446
0.2734091 -0.0993146 -1.3030380
0.9038461 0.8790433 -0.8317556
0.3716258 -0.7538626 -0.0254793
1.3882359 -0.0947424 1.1226248
0.7482278 0.8276456 -0.5280114
0.0209379 -0.4865787 -1.3457296
0.6986593 -0.9369522 -1.4820563
0.5052479 -0.6186718 -0.9573025
0.9911914 0.7567549 -0.7588317
0.5699970 -1.1031734 -1.8232515
1.0708070 -0.3590781 1.6910748
0.9858170 0.6487339 0.6330481
0.2316566 -0.2162042 0.3091437
0.3119262 -0.1882311 -0.9154596
0.1745052 -0.3881026 -1.2360420
0.4216985 -0.5674941 -0.8392587
0.7284157 0.6806740 0.1719620
1.4304695 0.6525967 -2.2362258
1.2117038 0.0174317 -1.1706790
0.8984749 0.2594109 -0.9629814
1.2050744 0.4515330 -1.9759291
0.9619087 0.1952998 -0.0837575
0.5937821 0.8275746 -0.1000636
1.1330948 -0.2503065 1.6722828
0.8731788 -0.4040915 -1.0453249
0.7911071 0.4273722 -0.0451872
0.3903341 -0.0341792 -0.9965551
-0.1794875 -0.5816127 -1.6594226
0.3999746 -0.4266068 -0.0027237
0.7583671 -0.3958694 -0.4322878
-0.6412687 0.2356301 -2.0494256
-1.1070962 0.4898554 -2.4485729
0.7353747 -0.7045049 0.6537912
0.2272834 -0.3316237 0.1188958
-1.8288556 0.8573086 -2.6462512
0.5588916 -0.4164521 -0.5681914
0.5974526 0.1549634 -0.6599694
1.1473929 0.5282596 -0.7260821
-2.5050459 1.2266606 -2.6766708
1.1884382 0.6004928 0.3625478
1.0676926 0.5852141 -0.7562571
0.5142589 0.4576561 0.1461243
0.1221976 -0.4104203 -2.2563221
0.1200677 -0.2288391 -1.4211028
0.9863910 0.8645203 -0.9730297
-2.0096657 0.7764773 -2.6423244
1.0740387 -0.2664906 1.0229121
0.5520190 -0.0051871 -0.6504431
0.6651270 -0.8012181 0.8973113
-0.3827517 0.2369803 -1.7650367
1.4090011 0.5817844 -2.0906122
-0.2769283 -0.7473704 -2.8105581
0.1896950 -0.3053679 0.2304879
0.4135997 -0.9363705 0.0655838
1.0136451 0.4654040 -1.1722060
1.5158223 0.6756213 -2.5672901
1.1131676 -0.2583806 -0.8192570
0.9035381 0.7394657 -1.3737047
0.9161969 0.8540991 -0.7890097
0.1983736 -0.5096027 -1.7406135
0.9977268 0.4459009 0.6160542
1.2638640 0.0400212 0.3723504
0.9021868 -0.3968437 -0.4982220
0.6717255 1.9625038 2.1299331
0.5672044 0.4591670 0.5284438
0.9527186 -0.1080656 1.1727049
-0.0283965 0.1655227 -1.3044025
0.3832936 0.0394940 -0.4378381
1.0103493 -0.0248463 1.4382443
0.4668930 0.0073797 -0.4228866
0.0109322 0.3358066 -1.0702058
1.2778699 0.1936918 0.2730268
1.2234784 0.1067152 1.5810198
0.3425958 -0.6722987 0.1764183
0.2832938 -0.3519948 0.5830052
-2.0728440 1.0214472 -2.4969413
0.2308369 -0.4702323 -1.8931789
1.4188491 0.0742278 0.9628090
0.2646018 -0.1589629 -1.0588162
0.2663323 -0.1626387 0.4918963
0.6559474 0.0965772 -0.7909024
1.4392169 0.2909953 -0.9301783
0.7708210 -0.8833016 -1.6294525
0.7364342 -0.2759162 0.6647285
0.1522192 -0.6512952 -0.0836773
0.8980770 0.7370886 0.5222468
0.8410551 -0.0047555 1.2746289
1.3861959 0.5898962 -0.9526806
0.7764794 -0.3335198 0.5014686
0.6739773 -0.5733936 0.6142358
0.1635803 -0.3459910 0.2323681
-0.9695415 0.2800462 -2.3997583
0.7219698 1.8918828 2.1420977
0.0545714 0.4743890 -1.5705258
0.7148195 2.2912607 2.2626379
0.7227813 0.6542708 1.4471275
1.2997105 0.5976379 -2.3734729
0.3513453 -0.9276519 0.0490283
0.5790207 -0.1793281 -1.1301994
0.1867996 -0.3682606 -1.8695617
0.7766834 0.6680363 -0.2065433
1.3430930 0.4433511 -1.4953314
1.4573793 -0.2428355 0.9282148
0.2680325 -0.1006846 -1.4070058
-0.1416374 0.5264025 -1.3928074
0.7443846 -0.3960322 -0.8746503
0.3644124 -0.0175847 -0.6538597
1.5162196 -0.0960020 1.0123483
1.1320975 -0.4915802 -1.6271881
1.1782844 0.0778878 1.5348500
0.2856114 0.2891484 -1.3638213
-2.3310218 0.9703403 -2.6867459
0.5581843 -1.3996595 0.3732429
0.6089329 -0.0725258 -0.6913418
0.6259465 -0.1452493 -0.5163828
0.7103825 0.9233280 0.5736260
0.3680222 -0.6225239 0.0046870
1.0069041 -0.4379011 -0.8916317
1.4480232 0.5161150 -1.5295850
-0.2177110 -0.7759385 -2.8056691
0.2232659 -0.9562925 0.0182676
0.1783641 -0.7408659 -1.3184636
0.6586114 0.4936738 0.0835717
0.5065224 0.0636320 -0.4646339
-2.1374795 0.9025850 -2.5290239
0.4411366 0.2615092 -0.6311064
0.7508207 -0.3176173 -0.4126890
0.2716069 -0.3909197 -0.9547512
0.7841982 0.2857464 -1.1152142
0.0739105 -0.2095810 -1.5960574
0.3808336 0.0708181 -0.6007239
1.2400421 -0.1540865 1.1597986
0.7147734 -0.4547037 0.2789968
0.9599112 -0.6457407 0.5313918
0.7861229 -0.4915724 -0.4985908
0.6863585 -0.4270568 0.5618623
0.6547477 0.3341934 -0.1796316
0.2313945 -0.3640883 -1.0141072
0.5593054 -0.1536018 -1.0913924
0.6442085 0.7524089 0.5415325
0.0018570 -0.4822781 -1.5526894
0.1162820 -0.3920223 -1.9188832
0.3068844 -0.6235688 -0.9725248
0.9592660 -0.5172998 0.2962695
-2.2392504 0.8717704 -2.7389705
0.6081809 0.3381058 0.7960765
-0.3673175 0.2247052 -1.9095821
0.7202590 0.6367475 1.3847717
1.4632416 0.7738221 -2.9713573
-0.0646182 0.4253558 -1.7299920
0.5694777 -0.3693739 -0.5648606
-1.1307983 0.5328603 -2.5195260
0.8480432 0.7723186 -0.1357080
-1.7040706 0.7969119 -2.6638095
0.5411133 0.4352475 0.1373130
0.8153679 0.4238254 -0.7994214
0.9033259 0.8413927 -0.4413871
-0.3331568 0.5196655 -1.7397834
0.3806960 -1.0766264 -1.5730087
0.5805621 0.7366198 -0.2842244
0.7222624 0.8718665 1.5613856
0.8344725 -0.1915614 0.5545427
0.4827762 0.0398826 -0.7200314
0.7130266 -0.3745593 -0.3868960
0.3484019 -0.4675225 -1.2926160
-0.2114032 -0.5932486 -2.9198186
0.9947494 0.6357442 0.1294253
0.1714806 0.3272548 -0.8624302
1.2362847 0.1238133 1.5025079
1.0564919 0.1470252 0.4291835
-1.0976549 0.5172986 -2.4944060
-0.1133253 -0.8447425 -2.8308520
1.3107285 0.5864153 -2.5237954
1.3650663 0.3877374 -2.1523626
0.2565896 -1.0377812 0.3108521
0.6364133 0.2536346 -0.3440206
0.1015566 0.2887784 -0.9718564
0.6869720 0.3848115 -0.6852547
0.4378844 -0.4996730 -1.6702590
0.6239009 -0.8531033 0.6329332
0.2566179 -1.1177100 -1.4956747
1.2789773 0.2166612 1.0475968
1.7373511 0.7189731 -2.9657526
0.2305781 -0.8273771 0.0251224
1.3689860 0.4788033 -1.2025535
1.0738463 0.1165258 -0.0072269
1.4761493 0.6389375 -2.2442238
1.0213213 -0.0315532 -0.0864262
0.3230590 -0.1285912 -1.7872151
0.7386205 -0.8988629 0.8491943
0.5546715 -0.6028665 -1.7002472
0.4757741 -0.1605072 -1.0417142
1.2142566 -0.0852847 0.6688000
0.6062356 -0.5740058 -1.6351311
1.4020745 0.0261555 0.9774532
0.7774888 -0.8570792 0.6749749
0.9245638 0.0545830 -0.4017107
0.6772348 0.5752566 0.0644369
0.3229213 -0.0764652 -1.5125272
0.7364660 0.2925191 -0.6078266
1.0576971 0.5406409 -1.3381135
0.7981014 0.7958332 -0.4128965
0.1887241 -0.5856160 -1.1464533
1.2562301 -0.1533538 -0.9764210
1.5867035 0.2710425 -1.1063205
0.4519726 -0.3824886 -0.5158660
0.9447628 0.1823035 0.8512396
0.7002728 0.1875072 1.1274354
0.2497791 -0.7083265 -0.0611976
0.6785423 0.3077061 1.2188140
-1.9603628 0.8731033 -2.8775899
1.5373803 0.6090283 -2.8854098
0.6953069 -0.4083135 -0.8556185
1.0358423 0.5828487 -1.1564715
0.2297017 0.0775157 -1.1660509
0.0224823 -0.4564079 -1.5600227
-0.0282970 0.3893681 -1.6885902
-0.1264795 -0.3673260 -1.9713532
1.3305051 -0.2060305 0.6388625
1.0531650 -0.0851539 0.4621679
0.3985044 -0.3560110 -0.2748063
0.4713826 0.2279028 0.2788453
1.5974770 0.6276461 -2.9699445
-0.2034946 -0.5696272 -2.8376296
0.8089504 0.7172664 -0.2351036
1.7012080 -0.1330539 0.5861197
0.7462490 -0.4905508 -0.7677127
0.9750798 0.1434451 1.1444889
0.7065629 1.7944249 2.2013156
0.0959838 0.1075303 -1.1665338
-2.2301264 1.2446141 -2.5953028
0.2789370 -0.0959727 -0.2535174
1.0173324 0.7900417 -0.8372573
1.3235090 -0.2126950 1.1141390
1.1500891 -0.0256014 -0.4969649
0.9165758 0.4114204 -0.0133028
0.6681015 -1.8719814 0.1675102
0.2617853 -0.0125625 -0.0458130
0.1758803 -0.6238421 -1.5185497
1.2430775 -0.2488811 1.4698567
0.7767576 -0.5200251 -1.1040195
0.7124320 -0.4088396 0.0240118
0.3698791 0.0308984 -0.3501658
1.2955261 0.1809702 -1.4578625
0.8987157 0.0298584 1.1908666
0.1554591 0.2873896 -0.8857687
0.0633983 -1.1675087 -2.9761460
0.8827663 -0.2404099 0.3856592
1.1190577 0.2301827 0.3480555
0.5001683 -0.7299175 0.2914827
0.9211468 -0.3040741 0.2594690
0.7652514 0.6151863 -0.4009476
0.4012107 0.4482055 -1.0982403
0.5356233 0.2402734 -0.4677667
0.9632378 -0.3652977 -1.1003269
0.1905140 -0.5621490 -2.2168870
1.6341851 0.5958069 -2.9281845
0.5762975 -0.1525258 -0.4782625
0.6666931 0.1291799 -0.8110253
0.5574331 0.6909873 0.1450055
0.6191769 0.0441991 -0.5142471
1.2684977 0.1746383 -0.8318381
0.2585384 -0.6866847 -1.0748907
1.3171554 0.5550168 -2.4420831
1.2163845 0.4625823 -0.7427071
0.5962775 -0.4188764 -0.1328478
0.4974169 0.2439996 0.1079192
-0.1500436 -0.6915184 -1.6317389
1.1033823 0.5163752 -1.1315230
1.4204067 0.0811683 0.9235615
1.4385782 0.5328957 -1.5783653
0.8039222 0.8391683 -0.2774107
1.4538580 -0.2516362 1.1380594
1.3724213 0.4718506 -1.1762645
1.2013810 -0.2246526 1.0857565
0.2716661 -0.1661177 -0.0094175
0.3341955 -0.1966904 -0.8217713
-0.2377997 -0.6693767 -2.7287204
1.0621932 0.2778097 0.1477281
-0.0590968 -0.6237114 -2.3252349
0.0197064 -0.7381049 0.0671056
0.1749019 0.0783972 -1.1084580
-0.0073114 -0.7173430 -1.5791751
0.6748528 0.7042361 0.2400437
-0.2190099 -0.6060140 -1.7471269
1.3920677 -0.1813346 1.3670033
1.0387931 -0.2807373 0.8724758
1.4743556 0.4886546 -2.0687959
0.2080397 -0.6775069 0.3553524
1.1897383 -0.1074001 0.1232495
1.3889452 0.0967543 -0.9641317
0.5073727 -0.5580072 -0.0155297
0.8919851 -0.1031924 -0.9394013
1.0363207 0.4086111 0.1479441
0.9081296 0.6522273 -0.1807280
1.0018183 0.5895258 0.5390660
0.5754677 -0.4792311 -0.0099335
0.9489720 -0.6003955 -1.3221022
0.5290050 0.1120890 -0.4116256
0.8765435 -0.3958150 0.0308331
1.4281797 -0.3122334 1.1127921
0.4768141 -0.6985547 0.2535606
0.0703698 -0.2497912 -1.9054437
0.5792862 -0.9126613 -1.2779495
1.4397124 0.2949638 0.6424577
1.0203606 -0.0999378 1.2074158
0.2546625 -0.8706229 -1.2346386
1.2604883 0.5661523 -2.2097094
0.1721356 -0.8645378 -1.2778717
0.8846022 0.7845210 0.2586198
0.1870622 -0.6632778 -1.5488361
-0.7487444 0.2346903 -2.1837137
1.0853044 -0.4704643 -1.4824643
1.8090715 0.8233241 -2.9642894
1.2329735 0.4123559 -2.1059296
-0.1069345 0.3488811 -1.2470903
1.0241877 0.5119866 -1.3199704
1.2224454 0.1248025 1.5429374
1.0075068 0.2309218 0.4985912
0.1488717 -0.1533815 -1.6190670
1.4481165 0.5745888 -2.5943859
0.4118131 -0.5039443 -1.7290453
0.3129316 -0.8992738 -1.2171198
0.8519089 -0.4847202 -1.1676856
-0.4291348 0.4158248 -2.1174459
0.9990649 0.5304027 0.5206058
1.3303205 -0.4514007 1.2382650
-0.0971035 -0.7160884 -2.7401776
0.7275643 -0.4290993 0.5310324
1.0462203 -0.2309006 1.1093527
0.6535836 0.0918079 -0.6624882
0.3558668 -0.0740792 -0.6872287
0.7952019 -0.3933754 0.3598004
0.9268467 0.7883029 0.1037824
0.7220720 1.1780976 1.7278913
-2.3901076 1.0044953 -2.6307642
0.1209222 -0.6555865 -2.3026404
1.5284598 0.6051998 -2.9007516
1.0383320 -0.2430040 -0.6808482
-0.4951058 0.4096705 -1.8040954
0.5362204 0.5466701 0.1598075
1.0151904 -0.0754769 -0.7495340
0.7258831 2.0366449 2.1356862
1.0532107 0.5320578 0.4056814
-0.6137812 0.3650313 -1.9473546
1.4792507 0.5442606 -1.4020370
1.2941110 0.4056906 -0.9336632
-0.1587300 -0.7739540 -1.6948459
0.4679508 0.3307788 -0.7078825
1.6034327 0.4823651 -1.4633651
-0.3698417 0.2238785 -1.9055898
1.3397484 -0.2363889 0.6881693
0.6839646 0.5149759 1.4198492
0.6678521 -0.7763501 0.9294807
-0.0505696 -0.6172531 -1.5824223
-2.3738437 1.2213511 -2.5594766
1.1014565 -0.2709408 1.6186016
0.7780089 -0.3767439 0.4689820
1.4620855 0.5783809 -1.2866468
-2.0823326 1.2478147 -2.7271256
0.9925641 -0.0839331 -0.7032257
-0.8093064 0.3035938 -2.1906929
1.3226404 0.3273120 -0.9123968
-1.2515849 0.4429871 -2.5210712
0.3563731 -0.9572306 0.2761783
0.8556871 0.8046820 -0.8144260
0.4439543 -0.4117854 -0.0431841
0.8547516 0.8470244 -0.3367983
0.3149933 0.1007092 0.3265690
1.3361243 0.4792539 -1.2634985
0.5839905 0.4222607 0.3833585
0.8088841 0.2716491 -0.5623392
-0.7982380 0.2312712 -2.3154111
0.5101821 0.4497876 0.2836067
0.6230889 0.3074125 -0.0172475
0.1275064 -0.6157918 -2.0983989
0.9040956 0.7825204 -0.2649898
0.2273223 -0.5017792 -2.0738001
0.6809437 1.0354627 1.5844114
0.2876434 -0.6170231 -1.1199800
0.9149242 -0.2279174 -0.8311293
0.6549115 -1.0473008 0.5842264
0.1712794 -0.4328805 -2.2141449
1.0299326 0.4403565 0.4436344
-2.4395862 1.1657941 -2.5651631
1.4628977 0.1945408 -0.8319395
0.7589536 -0.6614573 -1.1997510
1.1260080 0.4818161 0.3036236
0.7125949 -1.2841163 0.4967978
1.2252431 0.2215236 0.9993730
0.7399852 -0.4558203 -0.9888673
-0.0737979 -0.4784944 -2.5007749
-0.0302209 -0.5891606 -1.5469415
1.4078039 -0.1176044 0.5729536
1.3111403 0.4621619 -1.9417359
-0.8776472 0.2607419 -2.4112775
0.5598717 -0.4937125 -0.7549570
0.5889420 0.2273898 -0.3881097
1.2622430 -0.2952149 1.3574203
0.3344201 -0.0666215 -0.6395035
0.5422404 -0.3952669 -0.6461971
0.7212518 -0.4504522 0.2585894
0.3173710 0.0482324 0.4820914
1.2203766 0.2561786 -1.3879333
-0.7193334 0.3736596 -2.0659542
0.3585807 -0.4401155 -1.0396583
0.6723083 1.1287678 1.6380768
0.4143338 -0.2099316 -0.6186716
-0.0155271 -0.7470931 -1.4916228
0.6960542 0.8501565 0.5570682
0.6504105 -0.5799376 0.6938844
0.0678889 -0.3989214 -1.3094063
0.1887607 -0.6834006 -1.4756547
0.7260810 0.6662081 0.1485720
1.2361908 0.1985753 0.5418275
0.8471798 -0.5993936 0.2525024
1.2340890 -0.0085756 0.0534728
0.4110563 0.1127346 -0.4844580
-0.0393588 -0.5132403 -2.5962770
0.9135643 0.7930064 -0.2377935
-1.2554892 0.5802034 -2.5741627
0.1816319 -0.1402642 -1.7528244
0.2359174 0.0552034 -1.0534573
0.1006384 -0.6765956 -2.2032776
0.2270024 -0.8169751 0.1756085
1.4513484 -0.3478654 1.2176200
-0.1638500 -0.5385407 -1.7067615
0.9329689 -0.2383649 0.8586647
0.9232299 -0.4668684 0.1574004
0.7055842 -0.4636519 0.6684632
0.6555552 -0.6118797 0.7617938
0.1634135 -0.5378481 -2.3223946
0.4076496 0.1031066 -0.5552009
0.5428455 0.3767075 -0.8971280
-1.9735210 1.1482682 -2.5254323
1.3726375 0.7157487 -2.5540378
1.4802644 0.2473305 -1.6631683
1.4889195 0.3213809 0.7053553
0.2396804 -0.2479918 0.4697664
0.1368842 -0.3869063 0.2799489
0.6583840 -0.3209513 -1.2317536
1.4233675 0.6308239 -2.9507034
0.1912404 -0.6356071 -1.5868328
0.6428407 0.3154282 0.9477704
0.6204444 -0.4035296 -0.5985731
0.4939539 0.1513128 -0.5275136
0.8867034 -0.5903466 0.2560481
0.3088229 -0.9585874 0.0381832
0.3406101 -0.0633809 -0.6528778
1.1158389 -0.2856910 1.8043969
0.1762381 -0.8001502 -1.2330915
1.0319186 -0.2920919 -1.0745127
0.7273639 -0.8564417 -1.5313493
-2.1539726 1.1109874 -2.8964570
0.4090436 -0.5066449 -1.7067937
0.7552480 0.4640265 -0.9378398
0.8457919 -0.5224502 0.3115842
0.0965078 -0.6007779 0.3866816
0.7272455 0.3813612 -0.9157142
1.1178528 -0.3327673 1.7174716
1.3498952 0.1006638 0.9273316
0.2694296 -0.3658489 -1.0679823
0.5133115 0.6341853 0.1447626
0.8784637 -0.1927793 -0.0941479
0.9871401 0.7144539 0.1950869
1.1287656 -0.2582831 1.0291084
-0.1206728 -0.8152372 -1.6718756
0.0642921 -0.1849108 -2.0230355
0.8490248 0.2642990 -0.4005465
1.0950397 0.3113648 -1.2101966
0.9700957 0.1620905 -0.0994898
0.4831211 0.3135224 0.4978805
1.0814273 -0.0921209 -0.8542780
-0.0696397 -0.5160012 -1.7101797
0.5234159 -0.4266060 -1.5656705
1.1447210 0.4812440 -0.7099304
0.7322292 0.5912422 -0.1452228
0.6344548 -0.9603254 0.6569486
1.4777544 0.4780429 -0.9610755
0.7116419 1.5827475 1.8606771
1.5328606 0.8898308 -2.9376781
-0.0180009 -0.4401787 -2.3617966
-0.3672134 0.3690931 -1.6087155
0.7205674 0.6316117 -0.3051850
0.3692772 -0.2735816 -0.7434112
0.7083126 0.4530642 1.4077314
0.2497612 -0.0984889 0.0007100
0.4608555 -0.2847465 -1.2093675
0.2024096 -0.5651712 0.4721671
1.0279391 -0.2899029 -0.6950230
1.2165858 0.2106238 1.0610609
1.3315340 -0.2652868 0.9524006
0.3674270 0.1886302 -0.6465368
0.4241870 -0.0049595 -1.0390972
0.8510801 0.2231897 -0.3387714
1.4227914 0.3057299 -0.9565096
-2.4455583 1.1818403 -2.5701036
1.0239469 -0.1227545 0.3303833
0.6236131 -0.0663307 -0.6973944
0.0571866 -1.0163870 -1.6067641
0.9379612 -0.3089925 -0.9733191
1.1886913 0.0816183 1.1232588
1.1596438 0.3729128 -1.0432978
0.6894084 0.6637876 1.5212715
0.5172620 -0.5576268 -1.6541580
0.0127057 -0.2764814 -2.0541341
1.2828904 0.1067747 -1.3814391
0.5625077 0.3498547 -0.7877488
1.6425505 -0.0711199 0.6132980
0.9852903 -0.2519848 0.1331071
-0.3076633 0.3303902 -2.0143898
0.4148961 -1.0840235 0.3105383
1.4464902 0.4290782 -2.2432189
0.9200443 -0.1636972 -0.1092871
0.6642752 -0.8539088 -1.4299639
0.7715861 0.3691624 -1.0570141
0.6360177 0.5051143 0.3917932
0.9255106 -0.6379402 0.5850940
-2.4943428 1.1661961 -2.5815644
-0.4066649 0.4955323 -1.9803602
0.7820501 -0.5926911 -1.1755399
-1.5269397 0.6978995 -2.6299775
0.6574700 -0.8016267 -1.4132354
0.7145821 0.8221813 0.6084440
1.4655467 0.5817465 -2.6068816
-0.0510754 -1.0596900 -2.9335425
0.7308825 -0.5268036 0.7959278
-2.0408707 1.2459850 -2.7703230
0.6749334 -0.3396155 -1.2240528
1.2889873 -0.2481165 0.9879963
-2.0869401 0.9482670 -2.8676603
1.1337327 -0.2656954 1.5561529
-0.2436373 0.5357908 -1.7148982
1.2714731 0.1049371 1.5331632
1.4692861 0.6320569 -1.0433669
0.2479876 -0.1799230 -1.5176237
0.4129561 -0.6845583 0.4352244
-0.0869392 -0.5261239 -2.4117529
1.3463265 -0.0608783 1.1015821
1.4089978 0.0290774 0.4124826
0.8938808 -0.6511880 -1.3708498
0.6306871 -0.5481413 0.4541344
1.5496444 -0.0265365 0.9720184
0.9888890 0.8098521 -0.7036054
-0.0500736 -0.4826738 -1.4681072
0.4694441 0.0034137 -0.6102827
0.4291653 -0.2105132 -0.7648394
0.5067896 -0.3786561 0.7203526
0.5050169 -0.3674916 -1.3660438
0.7562779 -0.5987452 -0.7287170
1.2316089 0.4131827 -2.1047637
1.2519767 -0.2870182 -1.3777974
0.9144657 0.0032229 -1.0749639
0.9557487 0.4538610 -1.0229422
0.7943272 -0.4963465 -0.8276222
0.7032515 -0.3075300 0.7305037
-0.0056037 0.3352592 -1.1099501
0.4185181 -0.8355205 0.2252994
-0.2723041 0.4568231 -1.9424779
1.0977470 0.6486436 -0.8071343
1.2641175 0.0852355 1.0220839
0.6809833 0.5781388 0.2021411
0.3339648 -0.8384979 -1.6675605
0.2039399 -0.5853919 0.0890025
0.3977951 -0.9712991 0.2962342
0.3474722 -1.1633425 -1.5711339
0.6498246 -0.9033508 -1.4952512
-0.0571506 -0.2739138 -1.8315487
1.3031349 0.4813239 -1.9633882
-0.2265059 -0.6130744 -1.8144574
1.1749082 0.0648382 0.7301719
0.9645982 0.5338141 -0.7913473
0.4738459 -0.5263917 -0.8688896
0.6114122 0.3887685 0.6268172
1.2649662 -0.1775688 -1.1356993
0.4217409 0.1292054 -0.4928768
0.7167900 -0.6846557 0.6284945
0.7579596 -0.7837435 0.7493920
0.0516016 -0.6650230 -0.2678826
-2.2965147 0.8632220 -2.6944535
-0.1800236 -1.0043049 -2.8687687
0.5639488 0.4248262 0.1599158
0.2781862 -0.4011481 0.1064750
0.8072326 0.3125100 -1.2114267
0.2852903 -0.1104967 -0.2785460
1.2815552 -0.3150356 1.0610069
0.3582928 -0.3683650 -1.1766905
0.9513283 0.2750036 -1.0333929
0.8558412 -0.2585557 -0.3398359
0.3465819 -0.1348753 -1.6012472
-0.0132186 -0.4872675 -1.3937416
0.6584044 -0.3235742 0.9215134
-0.3679470 0.2928658 -2.0594344
0.9972965 0.2580397 -0.1480806
0.7221140 0.5810202 0.2492560
0.8031458 -0.8798703 0.6468799
0.6058828 0.1740356 -0.9854466
0.5133985 -1.3669930 0.2862722
1.2360783 0.6787401 -2.6979935
-0.0432546 -0.6748177 -1.4998170
1.4053187 0.0833149 0.9120066
0.4170755 -1.2011997 0.2711231
0.0000232 -0.6405491 -0.2711120
0.9377598 -0.2100829 -0.1204490
0.8911982 -0.6480155 -1.3636351
1.1775061 -0.4293360 -1.5902246
0.5238128 -0.4411262 -1.4807997
1.0519180 -0.0696232 1.2146515
0.9939679 0.1117216 -0.0632131
-0.1656688 -0.5067284 -1.7996968
-0.1001616 0.3341979 -1.7725092
0.1183736 -0.5970252 0.3551275
0.3129297 0.0641428 -0.0539717
-0.7972118 0.2819506 -2.1934254
1.3466318 0.3864771 -2.1734469
-0.3565185 0.3265308 -1.6161356
-2.2579443 1.2786481 -2.6248515
0.1627271 0.4819553 -1.4291706
1.4977611 0.1304834 -1.3896103
0.7787589 0.9382001 -0.0868047
-0.0241829 -0.4888047 -1.6265311
0.6677030 1.8517611 2.0233731
0.0631967 0.4141671 -0.8761337
0.6761165 0.3724016 0.9065794
0.9907578 0.0395605 -0.0963205
0.1271968 -0.3392882 -1.4664987
1.2240267 -0.3154009 1.0679049
0.6688775 -0.2080743 0.9533664
-2.2195988 0.9151024 -2.5535126
0.6634138 -1.3699405 0.3674883
0.2114665 -0.7561545 -1.7714713
1.2530255 0.1241628 0.7543242
0.9061527 0.4799429 0.4707660
0.6203237 -0.4015244 -0.5903878
0.1728222 -0.2223673 -1.2806392
0.8568275 -0.5762612 -1.0212901
0.7103205 1.9754051 2.2292700
1.4755234 0.1967313 -0.9173098
0.3303762 0.1801950 -1.2872611
1.2119985 -0.1605971 -1.0485696
0.6851005 -0.3624151 0.7392150
0.2950744 0.2747750 -0.6551554
0.7144539 -0.3979114 0.8295593
1.2649790 0.3704137 -1.8681695
0.6024145 -0.4359776 0.6620864
0.8735750 0.7878803 -0.8571326
1.1480846 0.0642498 0.4119606
0.6448357 0.3478049 0.7850156
-2.2389600 1.1452544 -2.4560285
1.0288777 0.0846410 1.2189600
1.7130524 -0.0307095 0.5775108
1.3989460 0.1478157 -1.4831096
0.3801925 -0.9083385 -1.6779754
1.4968576 -0.1444353 1.2329829
0.7919967 0.1177257 -0.9663695
1.4136894 0.3041023 0.6261452
1.3814034 -0.2807721 0.8984747
0.6651185 -0.0677854 1.0461793
0.4520099 -0.8122604 -1.2015903
0.7111868 -0.0661624 1.1397495
1.4784991 0.0597979 0.6308068
1.3504243 0.1178916 -1.5063710
1.1755570 0.1948727 0.3446327
-1.5816685 0.7228697 -2.7687478
1.0065138 -0.1022401 1.1910526
0.9660254 0.4903590 -0.1087390
1.2710903 0.7502978 -1.0434602
-2.1682553 0.8586203 -2.5945373
1.3964609 -0.1204241 1.0866880
0.7165864 -0.9787800 -1.8671361
0.6986347 -0.0537325 0.9998042
0.6551513 -1.8278043 0.1645278
0.4864510 0.0115064 -0.7576374
0.9436842 -0.4559772 0.2511583
0.6867785 0.5155623 0.0071831
-0.9671406 0.4411141 -2.2551923
0.6582724 -0.5407324 0.8798671
-0.3631032 0.2818072 -1.6620007
1.6509302 0.4592782 -1.4047246
0.9840331 -0.4030051 0.1859582
-0.1414957 -0.8521364 -2.8476140
1.3066177 0.5005603 -1.7181343
1.0286303 -0.1321667 -0.8335583
0.9140925 0.7116134 -0.1636268
0.5226084 0.3036590 0.8032336
0.1953852 -0.1995000 -1.6864276
0.3379077 -1.0542842 -1.4006103
0.6590508 0.0844742 -0.7171254
1.6342666 -0.1634517 0.6312679
0.4428555 -0.2616895 -0.7221772
-0.1089332 0.4704670 -1.1275390
1.2403772 0.1823903 0.9768068
1.1304079 -0.0319000 1.2879195
0.8780168 0.6370784 0.2976911
1.1826884 0.7285644 -1.2197897
0.0351344 0.1684735 -1.1339042
0.6524857 -0.9545326 0.7303393
0.5715666 0.5946274 0.2489380
1.5372530 0.7432698 -2.6727259
0.4829389 0.4211025 0.1070597
0.6452171 -0.4190682 -0.6155921
1.3356086 0.1463940 0.1737856
0.9861078 0.2826800 -0.8492993
1.1212891 -0.0061906 1.2081822
0.8813352 0.4883573 -0.9545058
0.7847058 0.3991975 -0.8980575
1.4661448 0.5259162 -1.0545810
0.6580200 -0.5453071 0.1501144
0.1707898 -0.6231040 0.0549839
1.1299870 -0.0095657 -0.0320597
0.8276939 -0.6237447 -1.2872014
0.3580510 0.4616016 -1.1580399
0.3438316 -0.3514841 0.6374736
0.2663174 -0.2058103 -1.2179040
-2.2018924 0.8591434 -2.7720098
0.7306543 0.3118009 0.6502970
1.3610487 0.2660375 -1.7942914
0.0978386 -0.3482013 -2.0791934
1.4578403 0.6544840 -2.9784942
0.9560726 -0.1491946 0.6043249
0.1913618 -0.7265470 -1.2975718
0.3453449 0.2119096 -0.6635085
1.1445757 -0.0246925 -1.1126105
0.2830421 0.0823411 0.3275543
0.7541719 -0.7234302 0.6742648
0.7453070 -0.6249340 0.7519229
-2.3912151 1.0676883 -2.7321861
-1.0518738 0.3202492 -2.4446688
0.3867813 0.3380411 -0.7394797
0.6222898 0.0095409 0.8338159
-0.1200200 -0.9367567 -2.9639587
-0.7866123 0.3727123 -2.1371665
0.8149918 0.2095747 -0.3842137
0.1698265 -0.4138061 -1.2178557
0.3478344 -0.0127116 -0.6276578
0.6691794 -0.5368671 -1.4225500
0.7722104 -1.2523100 0.4122986
0.3207374 -0.1145433 -0.2435285
1.4529985 0.8762197 -2.8970785
0.2550012 -0.2478564 -1.0276158
0.2324318 -0.6529101 -1.2126522
-0.1338177 -0.9671540 -2.8808589
0.8785372 0.3448487 -1.1292313
1.0215157 0.8439491 -0.4378693
0.3492171 0.1339576 0.0294650
1.4329983 0.1461621 -1.4795743
0.3526545 -1.1545976 -1.6854215
0.3791254 -0.0467385 -1.2547395
0.6121426 0.0655890 -0.5229839
0.5851132 -1.0190225 -1.7151041
1.1020725 0.0630557 -0.0243144
0.8849242 0.4118529 -0.0239946
0.2173126 -0.5255338 -1.6656395
0.2345582 0.2440870 -0.7934523
1.0731010 0.6506041 -1.0249108
0.1750417 0.2538446 -0.8813191
1.4465967 -0.2401503 1.2352982
1.1917516 0.3208710 -1.3082994
0.8404912 -0.4035354 -1.0046339
0.9772721 -0.4362992 0.0746369
0.9282364 -0.0125568 1.3365091
-2.0606503 0.9258121 -2.5035806
1.1288050 0.0602896 0.3509720
1.1636765 0.6869637 -1.2567830
0.0801966 -0.8659154 -2.8961840
0.3000674 -0.1669646 -0.2088444
0.5455136 -0.5073038 -0.8490274
1.2093657 0.2397014 -1.5792938
-0.0566086 0.4432906 -1.1567361
0.3343521 -0.0809796 0.6672852
1.4654578 0.2564714 -0.8619771
0.6631938 -1.7707479 0.2973937
0.0614199 -0.5987251 -1.4381373
0.7181625 -1.4025844 0.4700710
0.7216554 1.0433651 1.5914102
1.4549750 0.4796146 -1.9094177
0.1663565 -0.1463004 -1.6774095
0.6391138 0.6780068 0.3649383
0.7654043 0.8978325 -0.0913158
1.1978426 -0.3086614 0.7526664
0.0810686 -0.5021391 -0.1226023
1.5829890 0.7787834 -2.8072321
0.4913415 0.2092106 -0.5028392
0.5230894 0.4547475 0.3811049
-0.4718556 0.3496339 -2.1754551
1.4782035 0.2422393 -1.6582704
0.9372125 -0.0030357 -1.0869337
1.0739861 -0.5045108 -1.5378443
0.9785389 -0.2001696 0.0957987
0.2225279 -0.7086459 0.1916053
1.1915487 -0.2640384 0.9860985
0.5817516 0.4065534 0.0747506
1.0567846 0.3425401 0.4513475
0.2153331 -0.7558506 -1.7822764
1.1991926 0.0539368 1.5533677
1.2889206 0.1252379 0.8400269
1.3678864 0.5741646 -2.6390829
1.0714335 -0.2458952 1.0739532
0.4715193 -0.8832732 0.0858282
-0.0705779 -0.7159222 -2.6613107
1.2474974 0.2193756 1.0818433
1.2008559 -0.2385505 -1.1673725
0.6703655 1.3280152 1.7395836
0.0616355 -0.6983932 -1.4724201
0.6679850 -0.3588972 0.8569012
0.2254061 -0.7741498 -1.4769950
0.9933683 0.1571191 0.8360364
0.6411586 0.5228283 0.2974626
0.6741466 0.8424031 -0.3278362
-1.0465088 0.3445487 -2.4207096
-0.4046640 0.2656624 -2.0699196
1.7825810 0.7067010 -2.9485924
1.0290346 -0.1944440 0.0330361
1.4519562 -0.0112727 1.1855868
0.3670528 -0.7549049 -1.2192041
0.9550916 0.1983176 -1.1197442
1.8193824 -0.1267130 0.6437587
1.3058869 0.0900901 -0.6822222
0.3033474 -0.8322533 -1.5974778
-1.9641886 0.7681683 -2.6838405
1.0652978 0.3826622 0.4363843
0.6418645 0.3178641 -0.0115174
0.1231469 0.3840393 -0.7988177
1.0235505 0.1623250 0.9968505
-0.2210224 -0.5217808 -2.6515868
1.4520665 -0.1707271 1.2645947
1.2828037 0.3784232 -2.0831814
1.2342449 0.1182055 -1.3520951
0.9450994 0.6288915 0.2458984
0.3666093 0.0125068 -0.9720479
0.4074401 0.0288958 -1.0355612
0.9206374 -0.2726031 -0.0125800
-2.4817286 1.1185373 -2.6570277
1.7077013 0.8034142 -2.9792082
0.9567582 0.4556285 -1.0458810
-2.3587871 1.0365498 -2.5610247
0.9873680 -0.0853741 -0.9673075
0.3931869 0.1794279 0.1990513
0.7302350 -1.2066543 0.4924876
1.7083346 -0.0419829 0.6649250
1.7182927 0.4134218 -1.5057814
-0.4737473 0.4919276 -1.6345350
1.2016289 -0.0559816 1.3093884
1.4994802 0.3684379 -1.0574654
-0.9226274 0.4444444 -2.2770691
0.7300164 -1.2764359 0.4420257
0.8914704 0.1014609 -0.4532775
-0.0493565 -0.7972031 -1.5691236
1.1713713 -0.0347282 1.2560672
1.1414109 0.0089192 0.2341722
0.3648910 -0.4984657 -1.8725183
0.4134373 -0.4537345 -1.7343487
-1.9153745 0.7894435 -2.6564286
-0.0439882 0.3039092 -1.6610365
0.5032639 -1.2399702 0.3608738
0.3912061 0.4159263 -1.1921721
0.6928535 0.5066370 -0.0086123
1.0451277 0.0313947 -1.1755385
0.4336202 -0.0462728 -0.6098443
0.3251397 -0.2947281 -0.8292462
0.7276602 0.0877216 1.0047942
1.4713532 0.2784789 1.2658259
0.7970392 0.0200150 1.2449734
0.1908875 -0.2123920 -1.5050427
0.7255386 1.4383546 1.8402399
0.6363840 0.2142604 0.9052852
0.7495472 -0.6326573 -1.1664388
0.1859119 -0.4839190 0.1840507
0.5882434 0.0297028 0.7722783
1.1431001 0.0223745 1.2959815
1.6174301 -0.1013442 0.5208791
1.1168958 0.1116517 -0.5367444
-1.9572153 0.9993994 -2.5311487
1.3278985 -0.3012182 1.3211336
0.6581467 -0.5640622 0.2647714
0.6609644 -0.5910774 0.7667043
1.3707974 0.2451339 0.2317776
-0.1152173 0.4895067 -1.2085670
0.9851993 0.8059286 -1.2962244
0.0480538 -0.8128118 -1.5346078
0.4085553 0.1518688 0.4996961
0.7090904 -0.2933786 1.0508324
1.2629285 0.4769452 -1.5756469
-0.0715119 0.2279282 -1.5774810
0.4046981 -0.7084616 -1.1231990
1.4768981 -0.2033181 1.0239418
1.2109525 0.2062938 0.5801046
1.4495965 0.7006688 -1.0962571
0.7281271 2.0069222 2.1165800
0.9262715 0.2623592 -1.0107189
1.4598154 -0.2994456 1.0429877
0.1849837 -0.5176474 -1.7290077
-0.0647810 0.4469281 -1.0410200
1.4064047 -0.0334645 1.4845496
0.4296986 -0.2443657 -0.8500747
0.4641670 -0.2670108 -0.6300172
0.7188595 0.3538319 -1.0166174
0.8249144 -0.3320813 0.4719233
1.3171717 0.5965948 -2.1252539
0.3541237 -0.3914953 -1.0475597
1.3193878 0.3638405 -1.8733239
0.3134118 -0.9047406 0.0330885
0.3642656 -0.0733893 -1.5681962
0.8365204 0.1529010 -0.4796294
0.5684385 0.2462454 -0.3351147
1.1987087 0.0360178 0.1101572
1.0179579 -0.4946496 -1.3976173
0.8178694 -0.2899913 0.5627430
1.2474483 -0.0278208 0.3375069
0.6063716 -0.4527086 0.6459671
1.3752145 0.0334214 1.0089036
0.4922006 -0.9034047 -1.3718206
-0.4463102 0.3529460 -2.1515639
0.8220236 0.1633409 -0.4864239
0.3821155 -0.1711392 -0.6555824
0.4585486 -0.4805770 -0.0776161
1.1261238 -0.5476090 -1.5768923
1.9747486 0.7526056 -2.9662421
0.4705535 -0.2749187 -0.6042539
0.3413022 -0.1982004 -1.0268099
0.4385027 -1.0482860 -1.6039490
1.4206846 0.0362988 1.0423265
1.4238796 0.8389799 -2.8242400
1.1976266 0.2124127 1.0444012
-0.0629003 -0.6002205 -1.5895327
1.6348479 0.8171390 -2.8515906
1.2538711 0.3317296 -1.5945638
0.4619820 -0.0126340 -0.7357622
0.0058635 -0.4588990 -1.5968680
0.9224896 0.3250446 0.1525973
0.4953693 0.9076536 -0.0737106
0.6809296 0.3426001 0.8514683
0.5175225 -1.0436286 -1.6769831
1.2272455 0.3738331 -0.9870341
0.2579302 -1.1672997 -1.5668237
0.1499011 -0.3604254 -1.1623251
1.7079846 0.7282308 -2.8470583
0.4805834 -0.3684305 -0.3784772
0.3831315 -1.0613834 0.2933791
0.6542779 -0.5500336 0.1362311
1.6297910 0.3010604 -1.1381283
0.7216633 -0.4609842 0.9313704
0.6467442 0.6769041 0.3850414
0.2196463 -0.6716244 -1.9288790
-0.0506374 -0.4697435 -2.3473449
1.6066115 0.2462756 -1.5237336
0.0969393 -0.3506860 -2.1049821
0.6696388 -0.5755046 -1.4426800
0.6939292 -0.4742150 -0.3165238
0.7866048 0.8092898 -0.5766658
1.3161178 -0.2843115 -1.5033419
0.4811759 0.1770517 -0.4258080
0.7407717 -0.1798212 1.0030924
0.6630852 0.3506104 -0.1087740
1.1567461 0.5195329 -0.7219180
0.1024416 -0.9904516 -1.4640455
0.8068241 -0.6012200 -1.0633433
0.7760490 0.3044464 -0.4848297
0.9481204 -0.5067102 -0.9903969
0.6773800 0.7974290 1.5367141
0.6730015 0.5011663 0.9423149
-0.8434736 0.3068301 -2.2295153
-0.0004503 -0.5125554 -2.1065106
0.5654913 0.2882249 -0.5603594
0.1336394 -0.6287981 -1.9150481
1.3625542 0.2892646 -0.9080331
0.7539247 -1.3193270 0.4774521
0.3195862 -0.1494182 0.6459938
0.3876112 -1.0216552 -1.4607176
1.3593055 0.6693341 -2.4464686
0.5368829 -0.5477325 -1.6507221
0.4092640 -0.7386917 -0.9889126
1.2869258 0.6305163 -1.0636638
0.2635420 -0.3390726 -1.0917022
0.3161734 0.2814749 -0.7246976
0.7222787 0.6739503 -0.4563504
0.4458580 -0.3409539 -0.1338358
0.0877417 0.1726793 -1.0352733
1.4567268 0.1711999 -1.6300079
0.0611257 -0.2949634 -1.6720715
0.8404993 0.8356049 -0.0111768
0.9934722 -0.2533815 -0.6078378
0.4851644 0.0317117 -0.6972505
0.3047209 -0.8882152 -1.2127855
-0.0995846 -0.5089845 -0.1433540
1.0620545 0.4430179 -0.9418028
0.3561952 -0.6663409 -0.9532014
1.1902817 0.4633176 -0.7315225
-0.1799152 -0.7368621 -2.7063212
0.9402422 -0.1842750 0.0014721
0.1972651 -0.6710532 -1.4910444
1.0245649 -0.0248662 1.4113454
1.2696739 0.0731817 0.7240004
0.6891130 0.2913831 1.2010797
0.6623034 0.0621528 -0.7484999
0.5036440 -0.6891913 0.2008475
0.7042421 -0.6411587 -1.3722745
1.4089397 -0.1418198 1.4190733
0.0127788 0.3139804 -1.6010832
1.0068048 0.5446396 0.1163061
0.7116988 0.0859931 1.2128692
0.2235488 -0.7539266 0.1790555
0.1477705 -0.6148021 -2.3060238
1.2214828 0.7392651 -1.0154412
0.1886443 -0.9244399 -1.4333751
0.5213671 0.5441895 0.2265480
0.7244659 2.0223074 2.1497231
0.7469169 -0.9312680 0.7757400
-2.0293605 1.2033340 -2.5940571
1.1649570 0.6601005 -1.3957084
0.5268942 -0.3028665 -0.6570978
0.8620209 -0.5660142 0.1755627
1.3750223 0.1585936 -0.7252806
0.9331086 -0.3828247 0.0689028
-2.3801425 1.2635292 -2.7186322
0.8684485 -0.3717668 -0.4608199
0.6899866 -0.7038133 -1.3816738
0.4377497 -0.7312605 -1.1089556
0.9188514 0.6169826 -0.3617242
0.6028812 0.3998644 0.5263873
0.1239245 0.3484135 -1.5111567
-0.1890952 -0.5351080 -1.8363761
0.6458058 -0.5083355 -0.4226851
1.5077001 -0.2412268 0.8527727
0.3776061 -0.8281012 0.2514276
0.6910836 -0.9886301 0.7474967
0.2507179 -0.4863598 -1.0298184
0.4453829 -0.6192064 0.1192361
0.7534369 -1.3108220 0.5089880
0.1103073 -0.5851915 -1.3630860
0.5895905 -1.3484386 0.2755286
1.5082005 -0.0465607 1.2103921
0.4516581 0.3887232 0.5875264
0.8108776 -0.3274738 -0.0115020
1.0406994 0.5517098 0.2875857
0.1341868 -0.3457027 -1.2221766
0.7364962 0.2942291 0.6964247
0.7606952 0.1608514 0.9309378
-1.7888559 0.8922092 -2.6701713
0.6316689 0.6564243 0.0896387
-0.0995850 -0.6206861 -2.4231365
1.3546849 0.5167733 -2.4421065
0.9661882 0.1029351 -0.2658022
0.9118934 -0.4198669 0.2738179
0.4546451 -0.4676538 -0.0894395
0.6773242 -0.6915073 0.8533629
0.7002707 -1.2230166 0.5537490
0.3082328 -0.8959552 -1.2174804
0.9672964 -0.4480006 -0.8619877
0.0110927 -0.7438608 -2.8968029
1.4036485 0.2219869 0.2266329
0.7035183 1.8008505 2.2052808
1.2499202 -0.0258128 -0.7054923
1.4730401 0.0922925 -1.1225491
0.8087906 0.8347608 -0.1768665
1.1645640 0.1376009 -0.5915604
0.5068341 -0.1036029 -0.9736782
0.8432954 0.2942369 -0.3517969
1.1724108 -0.0653376 1.3044281
0.3306372 -0.6917524 -1.0887121
1.1729052 -0.1111359 1.2106953
1.1612757 0.0104000 -0.4981346
0.7907715 0.2977668 -0.3483912
0.5177351 -1.2811818 0.2434460
0.0438647 0.3892385 -0.9890456
0.6424140 -0.9851147 -1.7982498
0.6935052 -0.3482867 0.7962544
0.7674897 -0.5196859 -0.6133738
-0.2375010 -0.5624533 -2.7490449
0.2422937 -0.8281605 -1.2924947
0.7388298 -0.4963818 0.8748250
0.9632016 0.7320306 -1.1723133
1.3226959 0.2292645 -1.6940948
1.0129162 0.5048192 0.4687949
0.8236949 -0.1656769 0.7120488
0.4016682 0.0486656 0.6269681
0.3729303 -0.2916355 -0.2452257
0.7642344 0.2910901 -1.0726207
0.5022149 0.2757283 0.6719300
0.9928619 -0.6122514 0.2340546
1.1730318 -0.0215927 0.6827012
0.5525473 0.3701721 -0.9020022
1.3683476 0.2472460 -1.6820930
0.9535770 -0.2172158 0.3440928
1.0200959 -0.0327529 -0.6943259
1.0400461 0.5763649 0.4224426
1.0190188 0.8364708 -0.4589600
0.3627042 -0.2073535 -0.6032239
1.5046563 0.0407722 1.0872501
1.1694121 0.0314544 0.5358011
1.1972719 0.4032182 -1.1453890
-2.0599666 0.9612831 -2.5189319
1.0057029 0.0216279 -0.0892473
0.9388807 0.6591872 0.4261414
1.0017197 -0.5331590 -1.1500441
0.4262466 -0.8988645 0.2593301
1.3714985 0.0922899 -0.9450315
1.0957749 -0.1293100 0.2936767
1.2829297 0.1203979 1.5012773
0.5229093 -0.5787200 0.0840377
0.5332313 -0.6232607 -1.6857147
0.6611026 -1.0186099 -1.6495061
1.5325534 0.4956763 -1.3799633
-0.2718022 -0.6087230 -2.8167348
1.4555776 0.1185431 -1.0338677
0.2756265 -0.2075426 0.1032002
0.1664289 -0.3651168 0.3645239
0.8820878 0.7858510 -0.1331998
-0.4260339 0.4805932 -2.0439832
0.7310686 -1.3597583 0.4246809
0.4101774 -0.9374974 -1.3367741
1.3105674 0.7259899 -1.1203208
0.7881731 0.4121059 0.5219467
0.6899515 -0.7036111 0.6385903
1.2955501 0.2621140 -1.7134119
0.5216476 -0.0359914 -0.5394984
0.9153262 0.8962175 -1.1714232
1.3615649 0.4689496 -1.3556739
0.6101820 -0.3715912 -0.2792857
1.4208339 -0.0131900 0.5840296
1.1465865 0.1264008 0.6037010
0.9048806 0.6312218 -0.4269777
0.3209031 -0.5819975 -1.5117880
1.0175734 -0.0680540 -1.0265299
-2.1118796 0.8100033 -2.6594229
0.1232747 -0.4671621 -1.2034767
-2.0337138 1.0708171 -2.5386248
1.1860718 -0.1552523 0.6842288
0.9159510 0.6257743 -0.2015973
0.0354611 -0.6639617 0.0376700
0.2375904 -0.7661498 -1.7189666
1.1714603 -0.0367532 -0.5432940
-1.7911565 0.8119401 -2.7846017
1.1855273 0.7276707 -1.1674595
0.7881871 -1.2406725 0.4864657
0.9181125 -0.2506154 0.1708990
0.2946969 -0.7691654 0.2546892
0.6586003 0.0431905 -0.5684072
-2.5666893 1.1810628 -2.6236179
0.7923260 0.8396050 -0.6418630
0.4283974 0.4362182 -1.0712111
0.5761806 -0.3766522 0.7126525
0.5487274 0.2246702 -0.3696265
-0.0139434 -0.6417768 -1.5510318
1.0138326 0.3392046 -0.9059975
1.1035397 0.5437064 -1.3285438
0.7161849 2.1317453 2.2353468
0.0366724 -0.3025774 -1.7263055
1.1108544 0.5860537 -0.7543356
0.1821613 -0.1319653 -1.8642297
1.3998109 0.6773006 -1.0082384
1.6321847 0.2085447 -1.2867967
-0.5778121 0.4632196 -2.0129123
0.5428461 0.3274017 0.3834721
0.2212296 -0.1982881 -1.4131093
0.3535454 0.3377357 -0.7579510
0.9778109 0.1878618 -1.1411099
0.7214754 -0.2401402 -0.5817375
0.2704039 -0.7226290 -1.1856201
-1.4787081 0.5902040 -2.7530341
1.1001384 -0.3692511 -0.9444673
1.0703611 0.4561552 0.1643870
0.7389714 0.6727636 0.1067691
-1.8088598 1.0038074 -2.6399024
1.5875256 0.4028036 -1.6633986
-2.1909938 0.7948655 -2.6932778
0.6694004 2.0301092 2.1185114
0.6594769 -1.2321912 0.5533151
-0.0361526 -0.2663436 -1.7919967
0.6762097 -0.6697561 -1.4233358
-0.0829146 -0.9825410 -2.8729775
0.4900351 0.0567661 -0.4166598
0.3855406 -0.6937736 0.4139944
0.9925306 -0.3299739 2.0521214
-0.3475844 0.4024823 -1.5662860
0.2488209 -1.1116810 -1.5942762
0.6903042 0.4265909 0.4333774
1.2696589 -0.3530273 1.0755104
0.6093521 0.3267303 -0.0841577
0.8770928 0.8254619 -0.2581886
0.9981601 -0.3215651 -0.4925841
0.0015485 -0.5870221 -1.4113603
0.5500451 -0.5316608 -0.8721752
0.5274541 0.3228424 -1.0794476
1.2297256 0.2316297 0.6005186
0.3721434 -0.3091666 -0.1365534
0.9501338 0.7073280 -1.1473392
0.7281563 1.2986696 1.7279121
0.6333667 0.2854698 -0.8422807
0.8993900 -0.2435618 0.2473449
0.6611485 0.2664922 -0.3150211
0.5715293 -0.5813358 0.0836515
1.4767410 0.1609862 -0.8476945
0.6597384 -0.2729582 0.9575441
0.1570697 -0.7746581 -0.1042836
0.6641706 0.3440767 1.0056984
1.1797649 -0.3865064 0.9385129
1.0242745 -0.2974935 0.2034962
0.3955779 -0.0182409 -0.7954807
0.7624346 0.2949980 -0.4382353
0.9699212 -0.4609216 -0.8948145
-0.3282697 0.4785020 -1.9682869
0.6070451 -0.8594634 -1.2149502
1.0884720 -0.3216556 -0.8254709
0.8880711 0.8408564 -0.7071371
0.4403232 -0.3826723 -0.0666452
1.1299840 0.6602813 0.2035979
1.4617566 0.0874315 0.7634719
0.1489891 -0.1645106 -1.5200293
0.5464693 0.4974006 0.5735829
0.1233895 -0.4876632 -1.9910469
1.0000997 0.6984423 -0.2893986
0.8634611 0.1803285 -0.3954906
0.8440902 -0.4265386 0.3337643
1.5083969 0.5012676 -1.5314056
-0.4843031 0.3303029 -2.1870027
1.7848759 -0.0753641 0.4379880
0.7656459 -0.7484953 -1.2281606
0.0311119 -1.0191109 -2.9545240
-1.7149329 0.8943980 -2.7451746
0.4522630 -0.9328151 -1.5018474
0.3329508 -0.2460644 -0.8198876
0.9346070 -0.1792843 -0.3382401
1.0489627 0.2377229 0.6344854
-0.1153318 -1.1114976 -2.9713390
1.0960308 -0.2340776 -1.0554005
-1.2677708 0.5626550 -2.5509546
0.1716075 -0.4601843 0.4867027
1.3435881 0.1340217 -0.8913464
0.3208667 -0.7030584 -1.1075572
0.7859566 -0.2208393 0.6794900
0.6689799 1.7472886 2.0278420
0.6915549 0.5459873 0.5085570
0.6826789 0.5160717 0.7428657
0.9273517 0.1976443 0.7092202
1.6018430 0.0188359 0.6830356
-0.1634313 0.4573157 -1.2948594
0.7309667 -0.0296069 -0.5267606
-0.0954003 -0.5468657 -2.7987955
0.7525164 0.8531374 -0.5213324
0.8542663 0.6567008 0.1948710
0.7114607 -0.4397383 -0.9199963
1.2850538 -0.0952883 1.1775835
0.1459105 -0.6798913 0.0249569
0.4890396 0.4735034 0.1170732
0.8660255 0.7965774 -0.0747017
1.0120827 0.1202720 1.2459362
0.4836150 -0.9279813 -1.4224168
1.3320754 0.5027971 -1.9640840
0.6341810 0.0446789 -0.5126756
0.2706045 -0.8087491 -1.5020919
0.4398784 -0.9823743 0.0899158
0.7288697 -1.7774580 0.3059593
0.0335868 -0.2802654 -1.8153096
0.2245627 -1.1935930 -1.6240777
0.9533233 0.3745886 0.1267721
-0.0014287 -0.5324087 -2.1118505
0.6274163 -0.6435288 -1.5641497
0.1528541 -0.6047640 0.1108776
-0.1609710 0.3844965 -1.8550546
0.6864794 1.8998576 2.2183883
1.4902397 -0.2835162 1.1549110
0.5359066 0.3297031 0.4579061
0.4104188 -0.0959287 -1.4119561
0.1489908 -0.7093381 -1.6175047
0.8309575 0.2799898 -0.2910760
0.3722893 -0.9343097 -1.3393162
0.3366175 -0.6693470 0.1798845
0.7056936 0.9228785 0.0791874
0.0281263 -0.6790557 -2.2363968
0.7375932 -0.6142014 -1.1319324
0.3958247 0.1835895 0.2535950
0.6454063 -0.5096158 -1.4223194
0.9636700 -0.0311995 -0.1836548
0.4707635 -0.5322659 -0.9030192
1.3891374 0.2076328 -0.8749460
0.2172188 -0.8239217 0.0975798
1.3931965 0.0497866 0.6774737
1.6657442 -0.1030245 0.5793965
0.9049071 0.2314452 -0.2716615
1.1676127 0.1414815 -0.0232661
0.6225609 0.3321885 0.8223680
0.7288953 0.6387807 -0.4004466
0.9701073 0.8698564 -1.0384076
0.3815438 -0.8099959 -0.0182631
-1.6122364 0.7290105 -2.6431434
0.7140638 -0.2961178 -1.1409999
0.1287610 0.3796194 -1.5058383
1.7059605 0.6456916 -2.8504000
0.7379547 -0.4878006 0.8594919
1.2373781 -0.0086474 0.1808715
-2.0838594 0.7986491 -2.6067932
-0.2738493 0.3620824 -1.4857405
1.0762576 -0.1786189 0.1181515
0.8519694 0.1572069 -0.4358814
0.7798975 0.7435183 -0.1747427
-0.1003589 -0.5173866 -2.7709997
1.0303845 -0.1076124 0.3507357
0.2001390 -0.2577404 -1.2006005
0.4892748 -0.9760317 -1.6090537
0.0994806 0.1259107 -1.0687870
0.2327160 -0.9014699 -0.0286799
1.4933579 0.0727457 0.9228920
0.7052773 -0.3813339 0.7396105
-1.3412795 0.4434908 -2.6395977
0.7410353 -0.1790954 0.9994958
1.2315420 0.0032321 -0.6267018
-1.3517592 0.4643948 -2.6746724
0.7109160 -0.6233304 0.9489575
0.0367268 0.4734272 -1.1808791
0.2779807 0.0632172 -1.1302047
1.1559341 0.5299964 0.2950617
1.4536721 0.1020841 -1.0630196
0.8656997 0.1875278 -0.3886357
-1.8403627 0.8716348 -2.6331670
0.6511461 -0.6362053 0.7930617
-1.1528316 0.5439238 -2.6273773
0.3455096 -0.5389161 -1.1397064
0.8222114 -0.5586483 0.4444918
1.3214456 0.3326307 -1.8220320
1.0686842 0.1983629 0.4691315
1.1339046 -0.1859195 0.1389951
0.2551861 -0.5211201 -1.0344465
1.1279923 0.2520259 1.1603243
0.1493694 -0.5878547 -1.7864141
-1.4060942 0.6329983 -2.7335455
0.9573339 0.6348439 0.0641166
1.3447070 -0.3816600 1.3787670
0.3418629 -0.1925492 -0.8037905
0.8256021 -0.0984346 -0.9297630
1.7332050 0.3450707 -1.4993548
0.8422251 -0.3832451 -0.6178942
1.3378577 -0.0197780 1.0647984
0.9023974 -0.7419771 -0.9829727
0.8709613 -0.4456170 -0.7702053
-0.1085076 -0.9863800 -2.9316416
1.8132645 -0.0942973 0.4268169
1.2552651 0.0415275 -0.8959500
1.4071529 0.2991329 0.6679108
0.8870481 0.3468762 -0.0405195
0.8758790 -0.5362782 0.0760048
0.6915532 -0.3650959 -0.1213977
0.4999454 0.5120717 0.2320555
-0.2004594 -0.5581991 -1.8222479
1.0398004 -0.1183613 -0.4189480
0.8382150 -0.5961168 -0.7068159
0.3716022 -0.2788142 -0.5561700
0.0578204 -0.2586973 -2.0499995
0.0156023 -0.4318311 -2.0983870
-1.9519475 0.9031156 -2.5309346
0.1585412 -0.8997658 -1.4237100
0.7638060 0.6797528 -0.0518404
-0.1424686 -0.4099063 -1.8659610
0.6865247 1.7516315 2.1286712
0.4845646 -0.2404816 -0.6796601
0.6214105 0.3392303 0.8212147
0.4639792 0.3842937 0.5259475
1.4232875 0.0338861 1.3478469
0.6735867 -0.5429219 -1.4180301
0.6806405 -0.3515846 0.9996310
0.6197738 -0.5512030 0.1768313
1.1659451 0.2990189 -0.6788313
-0.8107886 0.2361075 -2.2705159
0.9780282 0.7558969 -0.5879068
0.9665857 -0.2325081 -0.5519184
0.6220929 -0.0774612 -0.9800860
0.8668479 0.5217167 -0.9897174
-0.0461597 0.5482963 -1.4925041
0.0582861 -0.1959194 -1.7918998
0.5272128 0.2961308 0.1943009
1.2545649 0.5571476 -2.2104423
0.8427696 -0.2819373 -0.8693838
0.5630432 -1.0115622 -1.4966763
-0.2520071 -0.8450649 -2.9703064
0.1765762 -0.2044383 -1.8584299
0.3641074 -0.5198675 -1.0694166
1.3827572 0.7734565 -2.8827705
1.4107859 0.1413938 -0.8050894
0.2773642 -0.1145119 -1.0520778
0.3712487 -0.4595015 -1.3742487
0.7822098 -0.1585954 0.7378292
0.6714702 0.6706510 0.2093122
0.8081661 0.2141568 -0.3781451
0.7183580 0.9185740 1.6053617
1.5868540 -0.0507632 0.8907837
0.6583700 -0.8124341 -1.1704119
0.7754169 0.3022346 -0.4689804
0.7118416 2.3390086 2.2771692
0.8296901 0.8383456 -1.1070563
0.9383633 0.2854127 -0.9656013
0.7389184 -0.5706970 0.6446720
-2.0273571 0.8327549 -2.5574174
-0.0796863 0.2538649 -1.6437715
0.6335410 0.2666217 -0.7341257
0.9555426 0.6723764 -0.5653331
0.3970896 -0.1162249 -1.3140497
0.3026630 -0.0834396 -1.4061671
1.2789458 0.4875986 -1.6258657
0.0902795 0.1454952 -1.3469508
0.2838514 0.0341583 -0.9822362
-0.7210496 0.4055000 -2.0726364
1.1894562 -0.0973355 -0.8588169
1.0007845 0.1266213 0.6287893
1.0425783 -0.1171118 -0.4205487
0.7343126 0.7824144 -0.4620112
0.3536530 -0.9700525 -1.3905969
1.1364967 -0.1836300 0.0587816
0.9985647 -0.0161008 1.2107073
0.7539685 -0.2331589 -0.6010803
0.2995691 -0.6163953 -0.9790504
0.7333712 0.8217846 -0.3326479
0.5614275 -0.6144686 0.0608476
1.4546747 0.2543802 -1.7131892
-0.8244643 0.2434382 -2.3643954
1.1586233 0.6784657 -0.9149759
-0.3666462 0.2379276 -1.9743478
1.0602632 -0.1561006 0.7251257
0.9897565 -0.5926387 -1.4087290
1.3461045 0.5812685 -1.6678777
1.5988264 0.3354937 -1.1267186
1.2065582 -0.3039183 0.7467877
1.6874776 0.8187611 -2.9876151
0.7889889 -0.7269798 -1.3033959
1.3693650 0.2596830 -0.9029410
1.2127616 -0.3630638 -1.2761824
0.3270839 -0.8481920 -1.6037359
0.7140712 1.5307736 1.9460244
0.7619703 -1.2572404 0.5046586
-0.1204294 0.3055134 -1.7799345
0.6532451 -0.9903160 0.6408104
0.7920727 0.6516730 0.1670187
0.2488713 -0.5211011 0.0478697
0.6316464 0.6333177 0.3056173
1.5509472 0.6870342 -2.9518116
1.0832981 -0.0604754 -1.0442721
-1.9644980 1.2177359 -2.7062149
0.7156928 1.6866601 1.9118940
0.8370998 0.3227619 0.6989302
1.7906948 -0.1667879 0.5471628
0.4202805 -0.1738711 0.7498099
1.1795633 -0.3705468 -1.1251651
0.2508312 -0.8152430 -1.4428312
0.6828389 -0.4168900 0.9944143
0.9455999 -0.2205581 0.4123373
0.9846152 -0.6756936 -0.9593320
1.3516636 0.0946829 0.8354427
-0.3181827 0.2513324 -1.6333525
0.2900914 -0.4688975 -1.7978373
-0.2678835 0.4861968 -1.4866869
0.3816097 0.1099855 0.5103361
0.3114494 -0.8170880 -1.1355773
-0.8035862 0.3599025 -2.1558871
0.0595040 0.5025142 -1.2642992
0.9620413 0.8529378 -0.8023353
0.5628124 0.4414124 0.1757592
0.5090557 -0.9669806 -1.5787817
0.0529735 -1.0496912 -1.5555413
1.2946812 0.6808364 -1.0247706
0.6213835 0.5385132 0.0440488
1.2099438 0.2943117 0.1720377
1.1948410 -0.3590501 -1.4223962
0.1178064 -0.6034348 -0.1123266
1.6562332 0.5973054 -2.9103038
1.9103681 0.7315422 -2.9698489
0.7575813 -0.6714811 0.7460647
1.5943402 0.6012976 -2.9014645
1.4152749 0.0509798 1.0308632
0.7301532 -1.2491566 0.4832948
1.2662990 0.1239430 0.7393216
0.7952308 0.4392253 -0.0648161
-0.5080262 0.2193848 -2.0556479
0.4956012 -0.6223080 -1.7060310
0.5498787 -1.3167310 0.4122278
0.5113963 -0.8004147 -1.1543741
0.2260640 0.0826694 -0.9261720
-0.7964067 0.2495083 -2.2219374
0.7336056 -1.5386251 0.3257651
0.6254175 -1.2877079 0.5460527
1.5921072 -0.0104958 0.5397601
0.2589873 -0.5380617 -1.0328425
1.5204921 0.4342795 -1.1661217
0.7900848 -0.1970344 -0.5909249
1.2719731 0.2045530 -0.6631347
-0.1476615 -0.6989340 -1.6328824
0.3370503 -0.5245716 0.5825413
1.2953905 0.2825257 -1.6701535
0.6732994 -0.3895040 -0.3790584
0.7405986 -0.1489872 0.7631056
0.3489628 0.1571102 -1.2525426
1.2617440 -0.2464265 0.7353140
1.3867438 0.3148934 -0.9389904
0.8541285 -0.2553720 -0.0490533
0.4307807 -0.0959955 -0.6387609
0.5068273 0.5910736 0.0967517
1.2785321 0.6301356 -1.0660784
0.3708692 0.0451770 -0.5224221
0.2462395 -0.8762006 -0.0087410
0.6753001 1.2102853 1.7446759
0.3425450 -0.0417828 -0.7445873
0.5931233 0.6389300 0.3371863
0.2103667 -0.7072142 -1.2676903
-0.1543582 -0.7905723 -1.7010297
0.7718891 0.3952626 -0.6928297
0.4633752 -0.0863492 -0.5893162
0.0390511 -0.8590747 -1.5680356
0.7262431 -1.3152725 0.5123898
-2.1286271 0.8169846 -2.6069937
0.9827252 -0.6216640 -1.5269901
1.2739358 0.1347325 0.7439481
-0.4426272 0.2799841 -1.7803061
-0.0037500 -0.4933697 -2.1225235
0.9275613 -0.4107341 -0.5411543
0.6041124 0.7219898 -0.2970189
0.7078950 -0.8285233 0.9308311
0.6929513 -0.6917335 -1.0253919
0.8424635 -0.6064603 -1.1883640
0.8104180 0.8384035 -0.2849063
-0.5311263 0.4804659 -2.0681939
1.3391664 0.0344739 0.9411638
1.2041830 0.2641111 -0.6946868
0.8974631 0.4517227 -1.0670588
1.0796704 -0.5146626 -1.5827874
1.4457535 0.0818726 0.9070089
0.1437808 0.3736406 -0.8675938
0.6403419 -0.9291869 -1.5664550
-0.2793627 -0.7552588 -2.8201773
0.6768419 0.5057685 0.7987948
1.1219299 -0.4421073 1.1940519
0.7163134 -1.2213537 0.3830612
0.2200825 -0.3042326 0.1258225
-0.0136493 0.5483392 -1.4612281
0.9401404 0.3758299 0.5043840
1.4176265 -0.2139363 0.6663654
1.0701857 0.4794496 0.3740886
1.0308982 -0.1337182 0.2281072
1.0648835 -0.0520319 1.2291132
0.6708046 0.4004625 0.4839433
1.2350270 0.0615631 0.3363046
0.7730917 0.6278082 0.6478847
0.5845421 0.5224068 0.2173389
1.0005544 0.4212408 0.1214983
0.1947640 -0.4628714 -1.9824548
1.2713375 0.0810624 -1.2787920
0.6641888 -0.0041227 -0.8665987
-2.1366324 0.7931092 -2.6835256
1.1219774 -0.0235506 0.2822546
0.8343775 0.4873172 -1.0898081
0.8803818 -0.1910642 -0.9046634
0.7410262 -1.7319229 0.1609503
0.9955191 0.7300416 -1.1725758
1.1432412 -0.0843881 1.3260800
0.5641637 0.0416557 0.7522819
-2.2090750 1.0492420 -2.5272138
0.7281691 1.8786752 2.0958130
0.5168935 -0.7185811 0.3540283
1.4236940 0.1885482 0.5207130
1.3214018 -0.3819937 1.4211283
1.5043517 0.1364332 -1.3999205
0.8084667 0.8308079 -0.6425918
0.8909585 0.2640131 -0.1298973
0.9179357 -0.4656859 0.0531545
0.6819113 0.2870100 -0.3173540
0.8020298 0.7966516 0.3593079
0.3901098 -0.8138139 -0.0099473
1.4784235 0.4520718 -2.2127061
0.4605593 -0.0105957 -0.4302910
0.1396959 0.2896061 -1.4856251
0.1451831 -0.8228719 -1.2772566
0.7400671 -0.5002114 0.6978534
0.3307560 -0.1974023 -0.3061851
0.4281489 -0.8209528 -1.7675349
0.4255558 -0.4304539 -1.6326712
1.0110201 0.1811243 0.0698467
-0.0300283 -0.7854816 -1.5333694
0.6014840 0.6879661 0.1552814
0.6890988 1.5739399 1.8556947
0.8300320 -0.6310808 -0.7635770
0.4870304 0.2446562 0.1791215
1.1172932 -0.0710816 0.0674778
0.9162592 -0.0777958 -0.9848259
-0.2925195 0.4953234 -1.5037766
0.8489905 0.8501064 -0.2041261
1.0447620 0.6311614 -0.9968108
0.9074172 0.7204613 0.1171263
-1.9553061 0.8500556 -2.8631492
0.1860105 -0.7516713 -0.0100863
0.1199960 -0.9975251 -1.5554675
0.9552255 -0.2591322 0.9204077
0.0125825 -0.4286828 -2.3382702
1.1544967 0.3540390 -0.7136456
0.3120218 -0.6252519 -1.2275834
0.2345239 -0.8331946 -1.3033743
0.7789646 0.5944642 -0.3057843
0.3680045 -0.3696096 0.6536441
1.1323431 -0.0817563 0.3200422
-0.2976097 0.2143641 -1.7159737
1.3477643 -0.0550452 0.5817367
0.5615687 0.2217410 -0.3744862
0.1025302 0.3951452 -0.8103746
0.7587925 -0.3935194 -0.9510915
-0.9741141 0.3668436 -2.3322918
1.1411326 0.1028359 -0.5199534
0.6660730 -1.0910186 0.5695547
1.1289237 0.1358010 1.7101183
1.4990486 0.4977925 -1.3572659
0.9943416 -0.2759127 0.9570103
0.6011453 -1.2613655 0.3076612
0.2094631 0.5075426 -1.2052262
-0.0644938 -0.5517380 -1.6000948
0.3729565 -0.0019356 -0.6488129
0.3566067 -0.4273168 -1.6401246
0.4274466 0.1215624 -0.5357345
-1.2322131 0.5373347 -2.5175986
0.0567960 0.4710135 -1.5696769
0.6405197 0.5667974 -0.0195512
-0.0366273 -0.7462603 -0.0803957
0.9205030 -0.6820142 0.6864287
0.2462081 -0.5163151 0.0644833
0.6102999 0.2660091 -0.3042684
1.4745454 0.3887171 -1.0645875
-2.1539969 1.2024612 -2.5583258
0.5382078 -0.5979271 -1.6319203
0.3711424 -0.0733875 -1.0351211
1.0981723 -0.5491279 -1.4923164
0.2368592 -0.5017828 -1.6364785
0.6630806 -0.4559714 0.7115940
1.0688132 -0.1131030 -0.8568611
1.4400342 0.0258966 1.3365145
0.1216205 -0.2138576 -2.0888186
0.2432207 0.0040222 0.0223336
1.2608393 0.0361643 1.4968511
0.0414262 -0.6067083 -2.5086863
0.6717380 0.2510952 1.1874875
0.9944059 0.6686999 -1.1988950
0.2406305 -0.9006537 -0.0319907
0.1720000 -0.4513129 0.1332684
0.7093899 -1.0034056 0.6620826
0.0632241 -1.1682677 -2.9850147
1.1369160 0.0527479 1.6803826
0.6742709 2.1074898 2.1733215
1.1321545 0.2135764 1.8468639
0.7105285 -1.8079634 0.1101462
1.0373539 -0.6274132 0.4010416
1.2603309 -0.2313121 1.4887300
0.4557920 -0.4479955 -0.0530601
0.8864849 0.4327233 -0.7459747
0.8430764 0.6503875 -0.2451415
0.4010582 -0.5723202 -1.0252634
1.6283115 0.2674894 -1.1495628
1.2882860 -0.3116380 1.0744889
1.0506436 0.0624670 0.7405133
1.3619384 0.5316542 -1.7263753
1.0031582 0.6425878 -0.1439225
0.6234353 0.3360748 0.5691475
1.5165031 -0.0624062 0.9987458
0.7928666 0.2874189 -0.5746925
0.1406513 -0.2245033 -1.7283694
1.4301268 -0.1862804 1.2465395
0.2641153 0.0710539 -1.1499571
0.0134525 -0.2752735 -1.6332761
-0.1742821 -0.6127875 -1.6399920
1.4027449 0.2220874 -1.7309136
0.8623180 0.8057631 -1.3042181
1.2559668 0.3230611 -0.8193336
0.1963518 0.2814687 -1.4425077
0.8348464 0.6984853 0.0158885
0.2294893 -0.5043016 0.1809380
0.7706598 -0.8426582 0.6758056
0.6666369 2.0384438 2.0784740
0.2550148 -0.0120065 -0.0153604
1.2305349 0.0623789 -1.2565951
0.3319396 -0.0825589 -0.8068491
-0.2203240 0.4587321 -1.3643205
0.7762644 -0.3107337 -0.3210993
0.6814541 -0.9016119 -1.3478818
0.6383456 0.5941818 -0.0323625
-0.1167369 -0.4344765 -1.7558502
0.1963877 -0.3816400 0.1866987
1.1327174 0.2194856 0.2805956
0.3605409 -0.2605014 -0.2051515
0.4362951 -0.3785889 -0.0825592
1.2144378 -0.0308329 0.0356619
1.6214769 -0.1080716 0.8692502
1.4262216 -0.2231623 1.0187173
0.6680006 -0.4491362 -0.3999873
0.4703045 0.2130776 0.4120019
0.1798984 -0.1697375 -1.3375068
0.6333147 -0.1103616 0.7526200
0.7363679 -0.0087036 1.0828342
0.7643508 -0.7453005 0.7100005
-0.0424098 -0.7010984 -1.6126038
1.0371120 0.0629939 0.5372168
0.8540543 0.8415232 -0.2584586
0.0294192 -1.0284644 -2.9652812
1.2476875 0.1474435 0.0317850
1.1332703 0.3616162 0.3409687
0.1671473 0.0806808 -1.1367433
1.5157028 0.0799877 0.7462166
0.7316528 -0.4759007 -0.3755667
0.7187228 1.7634325 2.1011147
-0.2649245 0.4603791 -1.4427613
-0.2211179 0.5045239 -1.4474952
0.6661725 0.3375375 -0.1716388
0.1936460 -0.6445094 -1.6585872
1.3076886 0.4741099 -1.8695215
0.2681887 -0.8773781 0.2104591
0.7943798 -0.3604338 -0.3231971
0.9434180 -0.1653842 1.1760678
1.4437672 0.8507121 -2.8249168
-1.3454843 0.6372892 -2.6423924
-0.3746581 0.2364262 -1.9785212
1.4771086 0.8747871 -2.8462982
0.0882159 -0.5446882 -2.4500906
0.6843096 0.7757974 0.2799976
1.1262015 0.1926223 -0.4904385
0.1502558 -0.1748464 -1.4670533
0.4652627 0.3321151 0.4773160
0.3772019 -0.4746509 -0.9236552
0.7056884 0.0292750 -0.6620313
0.5054626 0.0276795 -0.5001526
0.9864007 0.4902368 -0.6716198
0.2738478 -0.9127854 0.1712796
1.1241658 0.7149410 0.2362452
-2.1620913 1.2451288 -2.5761704
0.9432281 -0.5282989 0.3608339
0.6607999 0.4069267 0.9474277
-0.4226744 0.4580459 -1.6091422
0.9643270 -0.0205925 0.6896855
0.1133721 -0.5064358 0.3828875
0.4204381 -0.6690506 0.1684058
0.1220611 -0.5402880 -1.9179856
-2.3714106 1.1677655 -2.7144320
0.3487058 -0.0927919 -0.4033997
1.2101910 -0.0194510 -1.0819936
-0.2577095 0.5048708 -1.3337207
0.8406309 0.7073352 0.2457080
0.6497800 -0.8427714 -1.3456092
0.1209830 -0.8600233 -1.3171079
0.7664369 -0.4194215 0.4335276
0.0747548 -0.9408776 -2.8624291
0.1811196 -0.6697828 0.1455962
0.5997391 -0.7878464 -1.0874778
-0.1602854 0.2841307 -1.8131957
0.7999269 -0.2131395 -0.9315680
1.5087909 0.1300464 -1.3126822
0.0517293 -0.5383030 -2.4893656
1.1564424 0.3118511 -0.6798291
1.3662781 0.6692733 -2.8218849
0.6569719 -0.8884655 -1.5204232
0.3697657 -0.4927717 -1.0406991
0.6765593 2.0259135 2.1834393
0.5361189 0.3438112 -0.7514292
0.5159212 -0.6998771 0.2849841
1.5029509 0.5291861 -1.0232780
-0.8066512 0.4123312 -2.1106846
1.6253545 0.2877110 -1.1388475
-0.0039246 -0.4604362 -1.6203310
-0.6590179 0.4127868 -2.3309448
1.2977362 -0.4449308 1.2976010
0.8517125 -0.6536884 0.3583304
1.1375839 0.4635632 0.2778669
0.7355779 -0.5558469 0.8946025
0.4736932 0.0129618 -0.7147985
0.2622129 -1.1581506 -1.6521329
-2.0312924 0.8538504 -2.5258181
0.1873184 -0.9971598 -1.3937708
0.8442314 -0.1193153 -0.9176018
1.5304525 -0.2451527 0.7053148
1.1172428 0.4967668 0.2860960
0.2975255 -0.0049805 -0.2119201
1.1014882 0.0393848 -0.7119316
0.7086559 0.3359720 0.5467135
0.6310348 0.1637184 -0.5175876
1.3328258 0.2256162 -0.7489288
0.9191331 -0.6230841 -1.3224576
1.3871624 0.5845115 -0.9491400
0.2300923 -0.8846698 -0.0148456
0.6780454 2.0769928 2.2043414
1.0613673 -0.1322231 1.2891022
1.3757391 0.3882011 -2.1356235
0.5713066 -0.4020672 -0.0487854
-1.9683384 1.0757107 -2.5327199
-0.2152677 -0.6183726 -1.8327079
0.7244593 0.0012739 0.9950716
0.3627172 -0.6401247 -1.8937479
1.2660084 -0.1289444 0.0616304
0.6007702 0.2554817 -0.9916763
1.1380043 0.0192835 1.2096485
1.7376710 0.9018738 -2.9077570
0.3423821 -0.1261887 -0.4224204
1.6566571 0.6087145 -2.9629502
0.7507084 -0.1279531 0.8993175
1.3939744 0.1632413 0.5161724
0.0965575 -0.8369299 -1.3421383
1.5177478 0.1056474 1.1448193
1.2296611 0.0707977 1.0723363
1.3891566 0.8227563 -2.9366586
0.9159617 -0.5058725 0.5226249
0.9626287 -0.0701459 -0.2137902
0.2085860 -0.5296041 -1.7244631
0.7205968 0.2568821 1.1874374
0.4124353 0.3237696 -1.2259010
1.1276003 -0.1180978 -0.9559533
0.3103888 -0.8362096 0.2538699
0.2191503 -0.1868967 -1.1818563
0.3949785 -0.0709815 -1.4378229
-0.6947140 0.2191772 -2.1452596
0.3561248 0.0068877 -0.7430506
1.5071076 0.2269432 -0.9305803
0.5158089 0.2590479 -0.6057085
0.2346657 -0.1239856 -1.3232237
1.8256851 -0.0673836 0.6336309
-1.7210852 0.8727762 -2.7662544
1.5143977 0.5280658 -1.4751168
0.7107569 -0.4450168 0.9790013
1.2288610 0.3937183 -1.0491525
0.6958162 0.5912039 0.9490241
1.3193226 0.6452271 -1.0702183
1.1193169 -0.1008019 1.2250768
0.2294642 -0.9083505 -1.2936293
1.1336213 0.1732130 1.7295859
0.7405412 -1.3473369 0.5290295
1.4659272 0.4517977 -1.9700717
1.3570198 -0.0711692 0.1365440
0.7683501 -0.7505580 -1.2505085
-2.4543431 1.2532614 -2.6869335
0.7017866 0.9417756 0.5707403
0.4350485 -0.9762650 -1.4251355
1.4449724 0.4883389 -1.9391464
-0.1214363 0.2102957 -1.5719039
0.8189232 0.6893075 0.0519939
0.6961105 -1.5599358 0.2766069
1.2424967 -0.0416359 0.6682974
1.0990286 0.1870818 1.7886856
0.7062048 0.0466654 1.0653450
1.1058911 0.5890451 -1.2185330
1.5920042 0.3940712 -1.6534325
1.2474284 0.0407521 -1.2004002
0.7420270 -1.3878393 0.3948692
0.6570824 -0.8005121 0.7690964
0.9768587 -0.0159722 -0.2382129
0.6736100 1.5190846 1.8875865
0.9603285 0.1963321 -0.2159401
0.6752230 1.8006318 2.1045377
0.2645917 -0.1726432 0.5852178
0.4305739 0.1374124 0.6006743
0.3872063 0.0098053 -0.9755819
0.2636373 -0.0585863 0.2535337
0.8527132 0.4146530 -1.1626320
1.6360503 0.3732503 -1.5953119
1.0347824 -0.1202607 -0.4118969
-0.4796137 0.4739436 -2.0964127
0.8976752 0.7799623 -1.0834090
0.7172725 -0.4608953 0.4147616
0.7298734 1.8950001 2.0512016
0.3835604 -0.8643587 0.2566642
1.1480125 -0.5134893 -1.5019151
0.4301353 -0.5254242 0.5964555
0.5103985 -0.4135423 -0.4798220
0.9441108 -0.5301848 -1.0460367
1.0818048 0.6320055 -1.0515460
1.3650532 0.1372140 1.2786705
1.4864388 0.4078316 -1.0978622
0.6754717 1.4250147 1.8548652
0.8103194 0.2183142 -0.8659449
0.8155679 0.7297453 -1.2923433
0.8256123 -0.3631771 0.4037652
0.3342669 0.1145511 -0.1084283
-0.6577536 0.2491900 -2.0506470
-0.0678041 -0.5392536 -0.0280684
0.8184511 0.8179649 -0.4535984
0.6499289 -1.8222721 0.2189960
-0.3253584 0.3733945 -1.5470078
0.5889711 -0.7086429 -1.6343744
1.4498515 0.2844558 0.6372194
-0.8521948 0.3418604 -2.4974017
0.8797959 -0.6812826 0.5985700
0.7607336 -1.3446028 0.4046552
0.9617631 -0.5247596 0.4254009
0.4782078 -0.9745556 0.1590762
0.9467123 0.1817943 0.8510972
1.4114828 -0.2936814 1.1296960
0.7702070 0.3962197 -1.0222756
1.4087937 0.0759745 -1.0399421
0.4478272 0.2965205 -0.6584792
0.6003181 0.0127812 -0.5779166
0.8416188 -0.5937540 -1.1315962
1.0933208 0.3494574 -0.9028609
1.4304851 0.5342537 -1.8590052
0.7131040 0.6524113 0.9992179
0.5354193 0.0169172 -0.6119599
0.7220863 -0.3924561 -0.1740201
0.4906482 0.3962138 0.1419412
0.6121394 -0.3701581 0.6779193
-0.9233890 0.4462193 -2.2781515
1.2998228 0.4786698 -1.6561103
0.5744425 -0.5909507 0.2868256
0.4882807 0.2908382 -0.6410640
1.4334627 -0.2394161 0.9152409
1.3221338 0.0036082 0.5955518
0.4864415 -0.7164183 -1.0597079
0.3404261 -0.1140926 -0.6308206
0.7785113 0.5697493 -0.2170715
0.8719375 0.2981617 0.6208054
0.6627529 0.1174959 1.1448439
0.3253882 -0.7935384 -1.1997603
1.1405234 0.0040962 1.2981516
0.6692363 0.4096803 0.9237010
0.9505619 0.2403021 -0.0013787
0.4469324 -0.3865332 -0.0520041
1.3218373 -0.0905407 0.5882436
1.2115170 0.5738825 -0.8263682
1.3998342 -0.2506329 1.3551506
0.4633197 0.1084623 -0.5328467
0.5442044 -0.7125258 -1.6999073
1.2229353 0.1628224 0.8072759
1.0801991 -0.1891719 0.1179792
-1.9138089 1.1192966 -2.8229511
-0.1054981 -0.4809691 -2.5468805
1.5969371 -0.1868521 0.8731334
0.7198333 -0.3227157 0.7273150
0.5058171 0.2296832 -0.0121360
0.3466229 -0.1978811 -0.4612170
0.7213745 -0.5565591 -1.1580657
0.5585954 0.3050091 -0.5821802
0.9401264 -0.3113199 -0.4788039
0.6541336 -0.8605828 0.5581863
0.6210313 0.1429767 -0.9381742
0.6637082 -1.6965517 0.1384340
1.6671070 -0.0311060 0.8217808
0.4585769 -0.1170786 -0.8814884
0.5626572 -0.6633751 0.1506710
-0.0332484 0.1665996 -1.3401763
0.4636087 -0.0330684 -0.4886312
0.2171869 -0.8400072 -0.0550513
0.6874200 2.2040064 2.3095875
-2.2662039 0.8965417 -2.7255137
1.3959030 0.2421247 0.2839917
0.2649552 -0.1990165 0.2631838
-0.0910904 -0.5438554 -1.5175964
-0.0714837 0.4852953 -1.0490190
0.6908053 0.9522452 1.6800181
0.8245768 -0.3861614 -0.4853208
0.1714090 -0.6995990 -1.4834011
0.0731131 -0.8192970 -1.4969920
0.9826002 -0.5547838 -1.1415405
0.3833199 -0.0402208 -1.2147633
-0.7606578 0.3537318 -2.1032388
0.6409065 -0.6930911 0.7693709
1.1079464 -0.3958394 1.6868075
-0.1249677 -0.6041530 -1.6742145
1.0982016 -0.1911528 -0.4854476
1.2248104 -0.0224714 0.1661708
1.3069853 -0.3036742 0.9096532
1.2899638 0.4818782 -1.4927732
1.3568211 0.4590937 -1.4704151
0.4113798 -1.1574026 -1.6270143
0.3979906 -0.9286090 -1.6581945
0.7232690 0.7083087 -0.1701858
0.4202223 -1.0752345 -1.4520807
0.9100446 0.1920017 0.8125446
1.0836453 -0.4350984 1.1370445
1.2598926 -0.4059739 1.1380634
0.7473314 -0.4376350 -0.9490921
0.8925598 -0.5805544 -1.0822226
0.5499539 -0.3595419 -0.2762217
1.3204589 0.3399001 -0.8192930
0.9602670 -0.0678335 -0.1679225
0.6708567 0.9608097 1.5618178
-0.0160190 -0.7876300 -1.6260030
0.3539689 -0.0456525 -0.6872444
0.1579472 -0.6198068 -1.2039261
0.9939302 0.7166407 -0.4210324
1.5465896 0.3031484 -1.6202434
1.4493598 0.2587843 0.7103929
0.1660565 -0.6378662 0.1530932
0.8461626 0.0842901 -1.0297439
0.6141963 -0.8950276 -1.2735730
0.0484638 -0.7497432 -1.5105891
0.9842697 -0.1253448 -0.7634199
0.7385352 -0.6701671 0.6375452
0.3170371 -0.2925515 -0.8478137
-0.5009734 0.4351996 -1.8087327
0.9095725 0.5981037 -0.3063328
0.8058358 0.6905553 0.0249867
-0.5143576 0.4427372 -1.7734237
1.4320394 0.8624340 -2.8728690
1.2464761 -0.1891328 -0.9867220
1.3832787 0.1661672 -1.5515352
0.4323842 -1.1770144 -1.6936350
0.1926723 -0.9940808 -1.3860874
-0.1313465 0.4897290 -1.3183739
0.5415012 -1.3602852 0.3812319
-2.0369995 0.8352214 -2.8563910
0.2945513 -0.8107479 -1.6448048
1.0860039 0.5235149 -1.1705589
1.0718414 0.5973932 0.4044652
0.9411342 -0.3398255 0.3738463
0.0365836 -0.8240736 -1.5590127
0.7397380 -0.3119929 0.8922032
-2.1155014 1.0517019 -2.8701227
0.6794962 -1.2987452 0.4884172
0.6949481 0.3395867 -0.7571877
0.6796044 0.0647641 1.0887649
0.3653024 -0.3078659 -1.0276270
0.7216513 -0.7224727 0.8711829
0.5334733 0.3438815 -0.7508016
1.2348272 -0.0269568 0.2003892
0.1327655 -0.5953053 -1.6357441
1.3722584 0.1550432 -0.7689715
0.3449774 -0.0243546 -0.3788435
1.1149780 -0.4239301 1.1221983
1.0127387 0.0737197 -0.2838459
0.5937383 0.3123119 -0.6375057
0.7239096 -1.3665509 0.3894418
0.7079562 0.1934434 -0.4647037
0.0647523 0.4809144 -1.1987536
0.5886747 0.3146320 -0.0973836
1.3983661 0.0203804 0.3133927
0.1730209 -0.4496821 0.5016168
0.9640135 -0.4231500 -1.1997194
0.1456197 0.0919586 -1.0780187
0.9930040 -0.2720230 0.9702501
0.3288982 0.0179324 -0.9023975
-0.2257355 -0.5675110 -2.8058047
-0.2889460 0.2319319 -1.6276449
0.7165768 0.7564842 1.5291390
0.6670480 -1.7142975 0.1065383
0.9262697 0.7679997 -0.9305915
0.3632873 -0.3139272 -1.0184116
1.4023930 0.6977891 -1.0342877
0.7086396 -0.5492159 -1.5333226
0.4383411 -0.3429053 -0.7785065
0.8468994 -0.7138113 -0.9297791
0.8101708 -0.2724100 -0.0971781
0.6980731 -0.0193545 -0.6879064
0.2450681 -1.0691421 -1.4286472
1.0557442 -0.2341187 1.1035891
0.1143028 -0.9071227 -1.3567812
-0.0315949 -0.8842289 -2.8855684
0.2978103 0.0834467 -0.8128137
0.7751750 -0.7657161 -1.4213473
0.8573620 -0.4222885 -0.4303120
0.7588421 0.2974810 -0.3645432
-1.8157668 0.7705580 -2.7037401
1.4952095 0.5549061 -2.3988338
0.2462177 -0.0922911 -2.0762467
0.5066119 0.4086693 0.1303916
0.0775460 -0.9997816 -1.4854565
0.9008949 0.8168653 -0.5770403
0.9867094 0.0527736 -1.1566086
0.2345984 -0.5768381 0.1818521
0.7757705 -0.3319905 -0.9755289
0.6725371 0.3676254 -0.0084861
0.3621509 -0.8787269 -1.4906306
1.4732127 -0.1418439 1.0176278
0.7816459 0.4085189 -0.7902394
0.5264952 0.2644626 0.0486820
0.6765114 -0.5238622 0.7145528
0.1807949 -1.0464928 -1.4378099
0.9203357 -0.2204567 0.4345848
0.7699499 0.2282083 0.8063021
0.5411741 0.2886700 0.6238539
0.7245789 -0.5435953 -1.1267546
0.3543292 -0.1268677 -0.4014693
0.7176046 0.2340968 -0.3707698
-0.7870505 0.4537082 -2.2964487
1.1826056 0.0076431 0.5620224
0.2402475 -0.1173258 0.1012197
1.1064605 -0.1768909 -0.7094454
0.0408044 -0.6754342 -1.3832923
0.9989606 -0.2235885 0.1808445
-0.0894715 0.2894679 -1.2460623
1.4510633 0.0953417 -1.0732611
0.0933108 -0.5007890 0.2488549
1.1887901 -0.2014685 1.1473495
1.6230955 -0.1030431 0.8696997
0.5488266 -0.8846363 -1.2027026
0.8068054 0.6808847 -0.6098753
0.1130509 -0.7208756 0.0430992
1.3959897 0.3741045 -2.0029256
0.4643128 0.2819198 0.6216676
-0.0443563 -0.9939837 -1.6604373
0.0598877 0.5317037 -1.4745015
1.3987596 0.1778971 1.2265942
1.3684111 0.1665231 -0.7626024
0.0344087 -0.9109384 -1.4301094
0.2061407 -0.8151621 0.0987100
1.2334360 0.3965587 -1.8582124
0.5002614 0.1369452 -1.1217648
1.2919947 0.0685893 0.1468379
1.0588087 0.1845342 0.5353125
0.6571466 -1.2987301 0.4024551
1.6172872 0.0084575 0.8544016
0.9829105 0.5740379 -0.0072800
0.9018904 0.0803270 -0.4474752
1.6802388 -0.1335070 0.5924816
0.2587360 -0.1385906 -2.0110033
1.3562413 0.3302549 -0.8175468
1.3933336 0.1223673 -1.5183414
1.0065747 -0.5356729 0.1109443
0.6840946 0.5902258 0.2939930
0.6552591 0.5006425 0.9320288
0.1712501 0.2651733 -0.8699474
1.3386977 0.3547356 -1.8969996
0.3794059 -0.4556281 -0.7812289
1.8725176 0.9004398 -2.9186382
0.7408394 -0.4883293 0.8826796
1.1060315 0.0584101 -0.7211584
1.0893699 0.0379353 -0.7594401
-0.0029584 -0.4829128 -2.4613748
1.3899523 0.1015659 -1.6002136
-1.0711384 0.3215821 -2.4996347
0.0833271 -0.8803169 -1.3678187
0.4409257 -0.0422209 -0.5939749
0.8544182 -0.4473010 -0.4367226
0.4797825 -0.7500019 -1.0982789
1.1099453 0.1394415 -1.2787654
1.1694714 -0.1021210 -1.0146922
-0.9460410 0.4107931 -2.2963428
1.4205619 0.2034266 -1.6263312
0.4542204 -0.3845426 -0.0580221
1.0877279 0.1420108 0.8271253
0.9955242 0.6052579 -0.9860225
1.0413345 0.0106333 0.5696654
0.6870349 -1.3449392 0.3920272
0.9145740 -0.2333412 -0.8375384
0.0894308 0.1437474 -1.0561067
0.9169024 -0.3328537 0.6123827
0.9225421 -0.2664648 -0.8785955
1.2669076 0.4312544 -2.2043953
1.0968293 0.3265365 -0.6533397
1.5086510 0.1160818 -1.2321022
0.9390144 -0.1455823 -0.9012482
0.9629846 0.0382720 -0.1735777
1.0176289 0.0659370 0.6515664
0.3243497 -0.5052737 -1.2254314
0.6845911 0.4189074 1.3685157
0.4568135 -1.0838038 0.3258651
0.9081133 -0.0016845 1.3279864
0.6634582 -1.0297124 0.5562847
1.0732150 -0.3930043 1.8114848
0.8129057 0.6919240 0.0100796
0.7870471 0.9173298 0.6550962
0.5582278 -1.3475182 0.4156034
0.7185776 0.6268470 1.4544715
1.1488198 0.3446992 -0.9470735
0.9058542 0.8495989 -1.2676172
0.2702946 -0.6244022 -0.0725165
0.5397308 0.1534558 -1.0927496
1.5178114 0.5186180 -1.6508893
0.5202494 -0.5389630 0.0713019
0.7177491 -0.5521497 -1.0449106
0.7298624 0.1007764 -0.9102566
0.6294594 -0.8343337 0.6340574
0.2908722 -0.1222188 -0.2768069
0.9938398 0.0162457 -0.2091591
0.6738730 -0.0967671 1.0915334
0.7533641 -0.4009350 -0.2972936
0.4083375 0.0177901 -0.6743830
-0.0351202 -0.4955705 -2.2030005
1.4235331 0.0126584 1.3021715
1.4743494 0.6787863 -2.4882529
1.3813040 0.1987650 1.3109571
1.3062885 0.0448023 -1.1378167
1.1116654 -0.1886918 -1.0106546
0.5661372 -0.4888135 0.5973035
0.0432100 -1.1133826 -2.9289398
1.0762743 -0.3118794 1.7393827
1.2161252 0.7275425 -0.9677680
1.4644190 0.4000321 -0.9156780
-0.0829010 -0.5287349 -0.0062911
0.8294017 0.7155373 0.3174783
0.4072516 0.1081427 -0.6324590
0.3534875 -0.0144815 -0.7186828
0.5846970 -0.5295894 0.0826621
0.9442171 0.6099954 -0.1569851
0.7772341 -0.0089740 1.0970498
0.2953322 -0.1542385 -1.2694879
0.2283612 -0.5272208 -1.6518537
1.0067861 -0.4046555 0.0592747
1.1822617 0.4212026 -0.9622388
0.5312660 0.3644187 0.3086210
-0.9650592 0.3827217 -2.3208218
0.7949113 0.6915112 -0.1941644
0.7351943 0.4399702 0.9916413
0.8857216 -0.6621397 0.6263731
0.8630573 0.3274115 -0.9910083
1.4780301 0.2909172 0.6246306
0.4593635 -0.4402398 -1.6104969
-2.1197197 0.9115058 -2.8622930
1.3684326 0.5524293 -1.3860761
0.9781548 -0.5217294 -1.0826102
0.7898402 0.1916296 -0.4263782
0.8422434 0.4083344 -0.6158811
-0.1754587 -0.6862391 -1.7677467
0.6364235 -0.6958817 -0.9966050
0.5566540 0.2304357 -0.3635927
0.6552864 0.3308718 -0.0098551
0.9387891 -0.6858507 0.4465793
1.5822104 0.3400622 -1.6370136
-0.1542068 0.2456254 -1.3844098
0.5654539 -0.4268862 -0.5658497
0.3344693 -0.1788357 -0.2868246
0.0476902 -0.2711501 -1.8084736
0.5598382 0.3072260 0.6267686
1.2310013 -0.0122688 0.3047211
0.0357935 -0.3736244 -1.6392428
0.9184020 -0.2075298 1.2300165
0.0309942 0.2776088 -1.5540065
0.7102594 -0.5859740 -1.0361439
0.6893773 -1.1806393 0.4089310
1.4854039 0.3876636 -1.0285844
0.4043584 -0.9625415 -1.3707006
-0.0778761 0.4433490 -1.0489236
0.9521059 -0.1633355 -0.8738585
0.3961289 0.0366594 -1.0510275
0.6873339 0.5236722 0.7405750
1.4882988 0.2427469 1.2171029
0.8409884 0.4544893 -0.0937490
-2.0858643 0.8412220 -2.5644014
0.2936333 -0.6505498 -1.4078463
0.8686554 -0.4448442 -0.7667001
1.2536033 -0.2500097 1.1254915
-1.1479594 0.3577403 -2.5743022
0.3527480 -0.3329016 0.6495061
-0.4056789 0.4944532 -1.6064178
0.3597822 -0.1766423 -0.5572533
0.7781655 0.1274868 0.9888845
1.4832475 0.2357159 -0.8848193
0.8626783 0.7909791 -0.8384206
1.4851837 0.3451435 -1.8127669
0.2010273 -0.4703629 -2.0665774
0.7012091 0.4991589 0.3098302
1.0176569 -0.2903222 -1.0505676
0.5792885 -0.4991614 0.5893772
0.3267291 0.0195185 -0.8929807
0.4913974 0.4858921 0.3541580
1.0532520 -0.1229751 1.1893324
-0.0160148 0.4508373 -1.0092325
0.6838929 -0.6735870 0.6155372
0.5847729 0.1105272 -0.6257073
-1.5182682 0.5841896 -2.6288247
0.3208509 0.2900733 -1.3283370
1.0669162 0.1606585 0.8902779
0.5937010 0.2933543 -0.7076766
0.7293405 0.0160856 1.0734195
-2.4418981 1.2412369 -2.6972823
-2.3560314 1.2284858 -2.7455757
1.1882466 -0.0223068 -1.0976418
0.5314205 -0.3913259 -0.1847772
0.9329160 -0.1902379 -0.8659134
0.6543881 -1.1575929 0.3883152
1.3332118 0.5156425 -1.8158350
0.5343462 0.5952424 0.1015031
0.1595852 -0.7101796 -1.6528957
0.6522283 0.2251231 -0.9471851
0.1604615 -0.4177603 -1.2307886
0.3010891 -0.8215036 0.2532783
1.4536525 -0.2652072 0.9304526
0.0244996 -0.4221330 -1.3947238
0.3607845 0.0124417 -0.9784836
0.7279623 0.2901583 -0.2704186
1.0180142 -0.5061888 -1.3986944
1.0332243 -0.2490662 1.0521286
1.5109998 0.6420346 -2.5169168
0.8660934 -0.5209091 -1.2209781
1.4380200 0.0891179 -1.4552149
1.0011251 -0.1819914 1.1472725
0.0781666 -0.1769521 -2.0306087
0.3963115 -0.7659075 -1.0200957
1.4095001 0.7932971 -2.7387500
0.3250946 -0.6067920 -1.5157344
0.6697408 0.0983206 1.1002905
-1.7422445 0.9478381 -2.7536695
1.3644090 -0.0573852 0.1622922
1.4928176 0.3641765 -0.9890925
1.4739565 -0.1981449 1.1596048
1.4762204 -0.1670399 0.9953302
0.3555083 -0.2824897 -0.5952837
0.9251453 0.1577849 -1.0970792
0.3969283 -1.0501411 -1.5336418
0.0742995 0.4998526 -1.2502124
1.2736171 0.1097452 1.1675268
0.6248366 0.3076646 -0.7013001
0.3534825 0.3105659 -0.7265046
0.3271695 -0.1524723 -0.3433124
0.1929848 -0.1390245 -1.5241702
1.0176109 0.8269277 -1.1713094
1.0715258 -0.1786733 -0.5417198
0.6738687 0.8591464 1.5005779
-2.4008129 1.0518860 -2.6036463
1.2802739 -0.1280132 0.0927728
0.2816754 -1.1974336 -1.6145724
1.5559527 -0.0907067 0.9670011
0.9293795 0.0586199 -1.1120580
0.8094068 0.0877137 -0.9911757
0.6943091 0.0430063 -0.6043663
1.2812185 0.0734063 0.3720577
0.9842668 0.0123277 -0.2606407
0.6815626 1.6498880 1.8942283
0.5668320 -0.1872634 -1.1422343
1.0202420 -0.0777512 -0.0709291
0.7195647 -0.5747937 -0.9282578
1.2622149 0.3673283 -1.9936805
0.2713972 -0.4414532 0.5801557
1.4757354 0.6628695 -2.4286375
1.0083002 0.3011596 -1.0843785
1.3205031 -0.0443545 1.1147040
0.2819783 -0.7903765 -1.3915669
0.6466557 0.7659256 -0.1415129
0.1044977 -0.1748008 -1.7808793
0.7545527 0.4504027 -0.0632987
1.3423831 0.2980932 -0.7776025
0.9029149 0.8512923 -0.7305454
0.6796914 0.7963063 -0.3789246
0.5123560 -0.5597832 0.0178888
0.9583411 -0.3407696 0.4776942
0.7695015 -0.8652154 -1.6174061
0.3274583 -0.3504746 -0.9703784
0.7546067 -0.4424275 0.2942673
0.1935022 -0.6371928 -1.5836247
0.4835469 0.0165248 -0.5624358
1.0159770 0.7268964 0.1870571
0.4199782 0.1928049 0.2573995
0.0646258 -0.1910687 -2.0764210
0.7048270 -0.4210918 0.1027842
1.3026592 0.0928840 -1.3492634
1.2086436 -0.3266627 0.9388248
1.3867946 0.1703600 0.5488200
-0.0905150 -0.5388069 -2.7792289
0.5318774 -1.0363110 -1.6699933
0.7912290 0.3141059 -1.1621096
1.2458200 0.1129992 0.5049630
0.6690227 1.9309219 2.0952358
1.3450428 0.6335555 -0.9704099
0.6715304 1.0202957 1.6176398
0.0522459 -0.2117104 -1.6703072
1.2450259 0.6676889 -0.9324702
0.0256909 -0.6155113 -2.1362805
0.6231003 -0.7106754 -1.5779184
0.2686314 -1.1960201 -1.6129649
0.7105720 1.1801047 1.7877836
0.7149667 2.2894261 2.2612884
0.2521678 0.0553840 0.2954559
1.5572259 0.3383243 -1.6709714
0.9690400 0.6224605 0.1889438
-1.4898061 0.6808338 -2.7507513
1.0293659 0.4633047 -1.2234967
1.0479246 -0.3629183 1.9920669
0.8506826 0.6663492 -0.2421819
1.0404330 0.0866383 0.5469400
1.9067208 0.7483329 -2.9734328
0.1018748 -0.8016142 -1.3292385
0.6789292 -1.1216278 0.5075230
0.3878856 -0.3976365 -1.5938863
0.8049819 0.9128152 0.6822723
0.5306100 0.3004831 -0.5954591
0.7647578 -1.3667150 0.3894336
0.3533604 -0.6031984 -0.0071559
-1.3278027 0.4329714 -2.6027384
-0.1107353 0.2464367 -1.3057642
1.3852212 0.1253350 0.3902697
1.1286113 0.1800258 0.3014832
0.8043462 -0.2165265 0.4909665
1.6929630 0.3050480 -1.2622539
0.0805388 -0.4501889 -2.3784070
0.5590822 0.1396175 -0.5208762
1.0431718 -0.3059917 -0.7376574
1.1915638 0.5685631 0.3380787
0.0761425 -0.5746254 -1.4097496
0.5746650 0.2247423 0.8450528
1.5555904 0.3483689 -1.6999452
0.9351768 -0.0829144 1.1835659
1.1651993 0.1838245 0.1810366
0.8062909 -0.5595874 0.4096939
-0.0490588 -0.6133916 -2.2768013
1.3872647 0.2766343 -0.7916227
-1.8066857 0.8998003 -2.8206298
0.7912279 -0.4171454 -0.9649810
0.1528153 -1.1217867 -1.5271180
1.1272061 0.2684672 0.3402008
0.7119869 -1.2115160 0.5237136
0.4580414 -0.6871234 -1.7661167
0.3528340 -0.1222111 -1.4966664
0.7270191 -1.2860287 0.4729853
0.7234555 0.4233977 -0.6999841
0.7397177 -0.1862785 1.0009435
1.1254637 0.4341769 0.2904124
1.4206498 0.4093145 -2.1117373
0.3613450 -0.5836845 -1.1140482
-0.2679526 0.2269569 -1.7961187
1.2204359 0.3898697 -1.8917680
0.7318763 -1.3417741 0.4337431
0.9989845 0.0689181 -0.1603526
0.1455264 0.3181953 -0.8862305
0.8657403 -0.2417102 0.3120358
0.2564115 -0.4776740 -1.9196001
0.4799322 0.4615486 0.5299971
0.3225907 -0.0634983 -1.1568063
1.1850859 0.3846309 -1.0670134
0.1268623 -1.1443154 -1.6341124
1.4536704 0.2042617 -0.9271300
1.4439585 0.1744227 -0.8069665
-1.3350130 0.6194530 -2.6017156
0.9188638 0.6966806 0.1355557
0.0214895 0.4170322 -1.0032580
0.1597557 0.5066219 -1.2183831
0.7683137 -0.3378137 -1.0041034
1.3717070 0.5598770 -1.4034854
1.3096235 0.4720950 -1.8822646
0.3929385 -0.6828312 0.4277252
0.8777655 -0.1596640 0.6761938
1.5117667 0.6454517 -2.5408607
0.7493550 -0.4281132 -0.3385915
0.9233261 0.8134534 -1.2941034
1.3784845 0.2177117 -1.5831088
0.1727986 -0.6215161 -2.0414298
0.9544724 0.2714587 -0.1850499
0.4071301 0.2634777 -0.6093935
0.4891530 0.3559149 0.4973776
0.7333570 -0.4134858 0.9248192
0.0619729 -0.5517082 -1.4212028
1.1486320 -0.0897651 0.1753127
0.5244115 0.5292930 0.2355654
0.8457649 -0.0414598 1.1779149
0.6748692 0.8137860 1.5298898
0.6856244 0.2401375 -0.3622227
0.6698461 -0.6148678 0.8840538
1.3177302 0.5825443 -2.0876548
0.1431745 -0.5687757 -1.3183286
0.5222706 -0.5843717 -1.7034304
1.4476609 0.5549112 -1.3074632
-2.0942671 1.0839776 -2.5392597
0.4347250 -0.9335046 -1.2211051
0.2546273 -0.0781182 -0.0261858
0.1581513 0.1598243 -0.9501891
1.4729486 0.2094685 -1.5546666
0.1138557 -0.5643904 -1.9612801
-0.1030856 -0.9420677 -2.8694658
0.3823057 -0.3191590 -0.5472206
1.4148020 0.8195841 -2.7937000
0.4218364 0.1213014 -0.2927828
1.0168699 0.0743830 1.2152426
0.4693045 0.1785427 -0.1509330
1.4439249 -0.3669202 1.1721786
0.2417123 -1.0399547 -1.4901007
0.8701555 -0.7057201 -0.8713074
1.1975026 -0.0311218 1.2040746
0.9838445 -0.3970747 0.1821027
0.0297019 -0.9514879 -2.9514329
0.8506702 0.8473828 -0.7887170
1.4013466 0.0836308 0.6979955
0.7067396 0.6855890 -0.4346332
0.6914718 -0.9311662 -1.7446008
0.9944106 0.3848877 -1.3548291
0.7866619 -0.6547863 -0.8482980
0.0648322 -0.7311351 -1.3734056
0.2856031 -0.1178794 -0.9984052
1.1176897 0.4044826 0.3502402
0.7444277 0.3804954 -1.0922859
1.4104413 0.1841485 0.4651382
0.0387930 0.3468455 -1.0266074
1.2931720 0.1907013 -0.6576107
1.1102773 -0.2530550 1.2028795
1.2802577 0.1107504 0.8096073
0.7832239 -0.3130778 -0.9424621
0.8961739 -0.5269694 0.0634423
0.2466888 -0.6268276 -1.1811775
-0.0334973 0.5465466 -1.5334491
0.4631447 -0.6055586 0.1049071
0.0276078 -1.0737827 -2.9072123
0.7197148 1.7501038 2.0826697
-0.3782968 0.3373606 -1.6378767
-0.0480409 -0.6954182 -2.6923366
0.9818777 0.8324980 -0.7755801
0.7348935 -0.1332405 1.0430002
0.0257569 -0.9602041 -1.4704305
0.6672023 1.9272510 2.0720999
1.1315747 0.2816775 0.2103563
1.1575470 0.1798969 0.2702660
0.6504513 -1.1453050 0.3653956
1.2318574 0.2034697 1.0456405
1.2506659 0.1909423 -1.5361462
0.6655467 -0.5389762 0.2108269
1.4262247 0.1760549 -1.5620451
0.7049723 0.6346458 0.9357806
1.4099370 -0.3577537 1.1993479
1.3612171 0.0499828 0.6494185
-1.4563018 0.5708598 -2.7458010
0.7685007 -0.8852956 -1.6506661
1.4803343 0.2428740 -0.9718583
0.0617849 -0.7414082 0.0832723
0.8634396 0.3732933 0.1151785
1.4182671 0.2466171 0.2256585
1.1567620 0.2563665 1.1655673
0.1839236 0.4931948 -1.1431290
1.4127753 -0.2750344 1.1464148
0.7961198 0.7826041 0.4000650
0.9913736 0.5327723 0.4620304
0.2663595 -0.1625344 0.3051719
0.8993615 -0.5287496 0.5943642
1.1908200 0.0293101 1.1732355
0.5028739 -0.9928586 -1.3724272
0.4765340 -0.1725607 -0.7094209
0.5528300 0.3993557 0.0671138
0.3253790 -0.1382319 -1.6802038
0.1789203 -0.1850698 -1.9689943
0.5196731 -0.4397156 -1.5877161
-0.3845657 0.2311736 -1.9676685
-0.0908191 -0.5703485 -2.8860066
0.0314664 -0.2378415 -2.0846994
0.4608839 -0.8724728 0.0657807
0.5848850 -0.5459287 -0.8075935
0.1257086 -0.4906937 -2.3728905
0.3205535 -0.6459737 -1.2111733
0.9500607 -0.6046238 0.5773031
-0.1747966 -0.5655409 -2.9051850
-1.8867737 1.1493633 -2.6510904
0.6761944 1.9373583 2.1600921
0.5510813 0.2530188 0.7703405
1.3437148 0.1203744 0.7011213
0.9430969 0.6547808 -0.1823120
0.7976016 -0.6920073 -1.2332536
0.9517815 -0.3090965 -0.4620596
-2.1423488 1.0039976 -2.8556287
1.8068693 -0.1573982 0.5387323
0.7299561 -1.2384684 0.4211637
1.0016855 0.8373181 -0.9076942
0.2991003 -0.9432718 0.2003445
1.3960683 0.7008291 -2.4869244
-2.2002330 0.9624852 -2.8319199
0.2976303 -0.0616015 0.4340338
0.5852290 0.6472392 0.3166426
1.1074919 -0.3068518 -1.2163310
1.0577776 0.1210223 0.5726199
0.5375402 -0.6472862 0.1039064
-0.3854514 0.2208173 -1.8307916
1.2126446 -0.1390617 0.2410885
-0.3033102 -0.7428579 -2.8798227
0.9554132 0.4084563 0.4905998
0.1898723 -0.7305732 -1.7735114
1.0704645 0.3153666 -1.1775429
-1.4511791 0.6671404 -2.6155963
0.7329050 -1.2842783 0.4437295
1.0254545 0.8099380 -1.0149863
0.5429482 0.2591743 -0.2629278
0.7276244 -0.5213532 -0.8249377
0.7057839 -0.0370827 0.9570547
-0.1783363 -0.5103029 -2.5999660
1.4428554 0.1027568 -1.3780705
0.9568238 0.5508074 -0.1682375
0.9171833 0.6845404 -1.2223798
0.8070614 0.4637120 -0.9161413
0.1494723 -0.1380529 -1.9532322
1.0859725 -0.0066703 0.7081430
0.9412302 -0.3410229 -0.4836068
0.1033986 -0.4366601 -1.3436930
-0.1963433 -0.8204681 -2.8397982
1.5564176 0.6890604 -2.8021467
0.0972202 0.4243147 -1.5351274
-0.1381504 -0.6251586 -1.6907642
0.1606522 -0.6358770 0.3427245
1.3646902 -0.2703873 0.8769696
0.3529983 -0.8097880 -1.2802496
-0.1005177 -0.6430061 -2.4762702
0.7171146 -0.9761299 0.5708318
0.9910417 0.4695612 0.4856928
0.0766591 -0.9653586 -2.8750911
0.4491253 -0.1578679 -0.8690882
1.4059873 -0.2620329 0.6944926
0.6909350 0.7374026 -0.4335308
0.9699282 -0.2042441 0.3260990
0.7010331 0.4146399 0.0162370
0.4851724 -0.6128740 0.5108711
1.7232676 0.5951017 -2.9523952
1.4387847 0.6325683 -2.9635975
1.3256286 0.0578679 -1.1905124
0.5490494 -0.3642677 -0.2810993
0.6317421 -0.1070581 -0.5225945
0.8142581 -0.4642001 0.3023975
0.7813770 0.5754875 -0.2331771
0.9203131 -0.5001068 0.4594397
1.2032647 0.1110866 -0.5808468
1.2713296 -0.2792463 0.8309243
-0.0907591 -0.6394424 -2.4499021
0.7644492 -0.7481475 0.7144561
0.1577302 -0.3088759 -1.4233415
0.4261016 0.4647929 0.5126689
0.4215275 -0.4279012 -1.6176836
0.3612507 0.4675937 -1.1150807
1.4532952 -0.2529362 1.2689719
0.1677003 -0.4942703 -2.2982497
1.4596817 -0.2987543 1.2799428
1.4541903 0.5241336 -2.0563891
0.5070827 -0.5031052 0.6111692
0.7338250 -0.4616960 -0.3088552
1.1295464 0.1730086 -1.2896682
0.2732626 0.3033728 -1.3757313
1.1087335 0.1618661 0.8989927
0.4822561 -0.4444640 -1.6312220
0.6216851 -0.8093119 -1.1420830
1.2352420 0.4555729 -1.9264836
0.6741117 -0.4223653 -1.2724725
0.9424457 -0.1840600 0.0000377
0.4142204 -0.8998989 0.2665980
0.8311340 -0.7032437 -1.4583076
0.3377146 0.0672146 -0.7673962
1.5290285 0.5439131 -2.2040050
0.8960515 0.7008494 -0.6905667
0.9308108 -0.1991432 1.2047229
-2.1619883 0.8346339 -2.7456760
0.8468537 -0.4140407 -0.6856631
1.2768382 0.3971034 -1.7775896
0.1373638 -0.2150365 -1.9469814
-0.0779706 -0.8494823 -1.6346086
0.9821270 -0.1045574 0.7045441
-0.1217517 -0.8630387 -1.7201562
-0.3161665 0.4967312 -1.5151132
1.9107957 0.8708220 -2.9110146
0.4284223 -0.7961190 0.0159126
-0.0306104 -0.6845410 -2.5052361
0.7535661 0.3327062 0.5193602
-0.3216479 0.2270986 -1.8598382
1.4013603 0.1879275 0.4652072
-0.0209234 -0.7518713 -2.9752042
0.0292187 0.4535495 -1.6114695
0.5677677 -0.7854359 -1.0479935
0.8395314 0.5446156 0.5647179
0.2618942 -0.8253522 -1.5757785
0.6216614 -0.8766325 -1.3812155
1.6251619 -0.0210004 0.8620011
-0.0297818 -0.6207418 -2.7192574
0.8623671 0.2740284 -1.2609814
1.2218742 0.2079308 1.0854528
0.9787768 -0.7071720 0.7995288
-2.2737184 1.2946185 -2.6474352
1.3996346 0.5685164 -1.3740755
0.6465625 0.2703525 -0.3897337
0.9165519 0.7532831 -0.8490430
1.1653895 -0.2134762 -1.1497011
0.0767205 -0.4879632 -2.0043409
1.2904172 0.1164144 0.8338976
1.2252160 0.7120914 -1.0015405
0.1842095 -0.6187512 0.1409580
1.0348125 -0.0487165 -0.1034056
0.7239451 -0.5200990 0.7955419
0.7248922 -0.2673015 1.0253109
0.6246534 0.5890656 0.2807630
0.9570378 -0.6973093 0.7579725
0.9714715 -0.4374433 -1.2469513
0.8385459 0.2849340 -0.2403640
-0.2686127 -0.8615760 -2.8953233
0.9264617 -0.3467585 0.6138580
0.9700465 0.2454366 -1.1131901
0.5456507 -0.2749167 -0.5595421
0.1768457 -0.3546656 -1.2993633
1.1253982 -0.0554763 1.2256274
0.6161221 0.3449847 0.5051640
1.5574889 -0.2018936 0.6119846
0.6885459 0.5895009 0.0967590
0.9071491 0.7977839 -1.3639475
0.7068385 0.8335151 -0.4411960
1.4767261 0.0734798 -1.4138517
-1.3845873 0.6595184 -2.6607080
1.0014142 -0.4148255 0.0516963
0.6728430 1.6885498 2.0118127
0.0165337 -0.6336631 -0.0164779
0.2711708 0.0430159 -0.9306337
1.0037329 -0.5109228 0.3305286
0.5575336 -1.0852733 -1.6454443
0.7412308 -0.8774672 -1.5008155
-0.1661409 -0.6305831 -1.6316693
1.5969360 0.3758836 -1.6594714
1.1135343 0.5504130 -0.7407979
-0.1173354 -0.9715064 -2.8970218
1.2109979 0.3101179 1.1665384
1.5877521 -0.1255372 0.5317878
0.9200981 0.7325981 0.1373977
0.0337686 -0.5242324 -2.4918499
0.9865200 0.4427365 -0.6325012
-0.2745801 0.2395671 -1.8656830
1.2921804 -0.2373855 -1.3291161
0.2905283 -0.7226669 0.2926869
0.6814401 0.5140841 0.3013147
1.4956968 0.0054115 1.1804773
0.9403579 0.3346824 -1.2475758
1.4715161 0.5715733 -2.5400894
0.8624182 -0.1696471 1.0866973
1.0503453 0.3655958 0.5551601
0.6622558 -1.6335790 0.2554100
0.2744416 -1.1846169 -1.5929964
1.3995267 0.4623659 -0.9986387
0.9149556 0.8260098 -0.5312694
-2.2725134 1.1830286 -2.7577591
1.0001385 -0.5402998 -1.4176402
0.6609777 0.4567170 0.0468065
0.4231423 -0.4124104 -0.8723831
0.5090306 0.2424539 -0.0311907
0.7570031 -0.0033574 1.1416600
0.7563074 0.3957959 -1.0151180
0.2859677 -0.6388960 -1.5510408
-0.0623760 -0.5086675 -2.2687373
1.0506955 0.1080403 -0.4507147
0.3725615 -1.0869261 0.1977179
1.3042450 0.1381209 0.8818350
1.0291940 0.5871995 -1.2073574
0.8597558 0.3267572 -0.9914089
1.1230974 -0.4090378 -1.0856514
-1.0677372 0.3221425 -2.5077908
1.0085315 0.4502507 0.7086305
1.6361588 -0.1862493 0.6912625
1.5936387 -0.0130793 0.5470774
0.0379037 -0.4902331 -1.3246989
1.1522644 0.3276356 -1.2525882
1.1388103 0.1014256 -0.5575002
0.1301431 -0.2716978 -1.5258192
0.7113718 0.7674209 1.5626409
0.8209128 -0.0310043 1.1537296
0.8783523 -0.3677681 -0.4820811
-0.1410311 0.3813455 -1.8323894
0.7223418 -0.4951354 -0.4277012
0.6603609 -0.7586436 -1.4397174
0.9722241 -0.4846888 0.3071164
1.6458476 -0.1198771 0.5209094
0.1891767 0.2477696 -0.8463966
1.0697458 0.7071348 0.4962704
0.0222369 -0.5184746 -1.4503641
1.2447146 0.2173208 1.0801519
0.9748808 0.7374122 -0.7199944
0.6988219 -0.5179196 0.5973537
1.1416203 0.3991374 0.5921811
1.4314648 0.1755089 -0.8000190
1.5101868 0.2726912 -1.0219361
1.0632029 0.3179496 -0.6235976
1.1319165 0.1406401 0.8390492
0.0705415 -0.2662001 -1.7372578
0.3379172 -0.2705687 -0.1888316
1.3275938 0.5415817 -1.5086300
0.4361800 0.0747325 -1.0997295
1.2487324 0.1196685 -0.6178267
1.3207000 -0.3061835 1.3015047
0.7743011 -0.0919923 1.2446929
0.4398612 0.2950584 0.7065106
0.3852112 -0.7562624 0.2152727
0.9139146 -0.5110250 0.5406285
0.4765196 0.1817885 -0.1525829
0.6894421 1.3930784 1.7653768
1.1363121 0.6627213 0.2480004
0.9339279 -0.3523756 0.3389467
1.3036808 0.1651337 -1.5468663
0.8131825 0.4779620 -0.9711947
0.1665275 0.4930584 -1.1583502
1.0568175 0.3070614 -1.1682819
1.5370235 0.3428082 -1.0688850
1.3931049 0.1489137 1.2189904
0.6875056 0.3763314 0.5037920
1.3397694 0.0213263 0.1932343
0.3020362 -1.1525537 -1.5454128
1.3789699 0.1227322 -1.5306518
1.2325019 0.0968997 0.4310537
0.8533442 0.2503574 -0.2949313
0.8195462 -0.3769773 -0.3460351
1.5191090 -0.0130600 1.1814518
1.3152952 0.0207585 1.1151121
0.7642088 -0.1075975 -0.4617190
0.9449301 -0.6233601 -0.8299522
-0.0548324 -0.6638288 -2.9653311
0.7565612 -0.3787265 0.5350489
0.9242433 -0.5191075 0.4372245
0.6227193 -1.2125338 0.5074624
-2.2257261 1.1104646 -2.4958327
0.3518881 -0.7359293 -0.0386515
0.7627214 0.7190633 -0.5578018
0.4913209 0.2913791 0.5384615
0.7508873 0.3633455 -1.1032596
0.3266782 -0.7324223 -1.2648069
0.4038231 -0.0344984 -1.0226427
1.0258324 0.5414332 0.4279028
1.4045379 0.5504348 -2.0389547
0.2375619 0.3710024 -0.8526705
1.0729190 0.3402627 -1.1047659
2.0117323 0.7462950 -2.9811177
0.4238052 -0.0790514 -0.6504200
0.2221974 -0.7526672 -1.4754078
0.6802785 -0.4750741 -0.0015350
0.2827922 -0.6245305 -0.0629826
-1.1628641 0.3658346 -2.5856647
0.3522058 0.0351158 0.5658900
0.5808860 0.3212937 0.6406304
0.1897078 0.0737498 -1.0936633
-0.4713714 0.5151718 -1.6214775
-0.2276257 -0.8991897 -2.8751683
0.0558936 -0.2701840 -1.7773722
0.3171823 -0.3523380 -0.8489035
0.4909751 -0.5762429 -0.9238836
0.3955009 -0.0744853 -0.7778751
0.0922384 0.5077883 -1.4829556
-0.9809995 0.4345697 -2.3398857
1.7227923 -0.0400447 0.6476204
0.0940074 -0.4603368 -2.3813512
0.8866632 -0.2326267 -0.8736882
0.3503808 -0.4790467 -1.8259813
1.7753165 -0.0517499 0.6209159
1.1106933 -0.0464032 1.3374506
1.2609385 -0.2485329 1.0140854
-0.3070187 0.5116054 -1.4472964
1.4756864 -0.2114121 1.0394926
1.1507301 -0.0883264 0.3779263
0.2288458 0.0639765 -0.9594488
1.1475362 0.0767401 1.6447306
0.5551098 -0.6254681 -1.6388385
-0.0344083 -0.6667834 -2.9464228
1.7264571 -0.1330966 0.6577771
-0.3221712 0.3819419 -1.5397410
0.4299576 0.0816840 -0.6109696
1.4068125 0.2849102 -1.8203479
0.7030628 -0.7732881 0.9442458
0.5111416 -0.6716500 0.1105279
-0.1367578 -1.0048043 -2.8679061
0.7333280 -0.3607412 0.8899087
1.2113957 -0.0229494 -1.0688401
-0.4029041 0.4879911 -1.6549381
0.7473373 -0.7309806 -1.1313807
1.6283125 0.4742275 -1.4130883
1.0521338 -0.0944558 0.4661021
0.3537014 -0.0160508 -0.4532452
0.5570967 -0.6748630 -1.6528001
1.3539443 0.6592779 -2.8018360
0.8832082 0.8169093 -0.2438174
0.2873570 -0.2853606 -1.0930291
1.0151790 0.1496579 0.5783396
1.0209638 0.5984527 -0.9447222
1.1611642 -0.1454365 1.1960378
1.1015368 -0.2719892 1.7979248
0.7770766 0.9100839 0.6395345
-0.6782314 0.2126344 -2.1764162
0.0085795 -0.7121389 -0.0589902
0.1180069 -0.7930777 -0.1268263
-0.0728812 0.4158676 -1.1632907
0.7435723 -0.8240495 -1.3787059
1.2875193 0.1504596 0.8906273
-1.9772477 0.8320686 -2.5526495
-2.1837251 1.0931036 -2.5337019
0.2149818 -0.4727059 0.5535269
0.8367438 0.7843364 -1.2753958
1.2359934 0.1186423 0.2235186
0.5146579 -0.5594182 0.0906082
-2.0758626 0.8089154 -2.8112233
1.2559586 -0.2770462 0.7309499
1.8537941 0.6297301 -2.8745735
0.6848494 0.0501964 1.1963359
1.3306856 0.3764986 -2.0638940
-0.1988602 -0.5389188 -2.7763190
0.5974973 -0.8029293 -1.1119449
1.4731487 0.4426313 -2.1792221
1.5546727 0.0677464 0.8914298
0.7019248 0.5840154 0.4151017
1.0404552 -0.0314955 0.5921443
-0.0274207 0.3905680 -1.1057061
0.1986468 -0.4710000 -1.0980655
0.7144476 0.2279112 0.7792937
0.7227038 0.2831928 -0.5414618
1.3042088 -0.0955769 0.5982874
-0.0730638 -0.9225570 -1.7094294
0.5438391 0.0017197 -0.8652687
0.3000332 -0.8021825 -1.7679797
0.6061863 -0.6259587 -1.5981206
0.5421684 -0.4728897 -0.5399253
1.2103636 0.3068389 -0.8522675
0.6521997 0.0403159 -0.5707377
1.3939626 0.1224494 0.4052374
0.0543720 0.4379699 -1.0905348
1.7731906 0.6866598 -2.9346752
1.2603850 0.0421845 0.0864652
0.8807731 0.3258435 -0.0814181
-1.5062917 0.5522680 -2.7022169
1.3138841 0.6225993 -2.2298853
1.3498849 0.5492902 -0.9712045
0.2945775 -0.7777484 -1.4208320
0.5895894 0.2496836 -1.0159302
0.3496721 -0.0319634 -0.5298162
1.1553919 0.0586354 1.1626266
0.1884740 -0.3938456 0.5186447
0.7252594 -0.3967143 -0.2599139
0.2734191 -0.9969460 -1.3321563
0.8395185 0.5414454 -0.1881179
0.6834923 2.1795893 2.2749162
-0.2031897 -0.5704786 -2.6301146
1.4613098 0.5402004 -1.7395668
0.8633348 0.3686220 -0.0995839
1.5533489 -0.2199454 0.7723878
1.1187035 -0.0409564 1.3339570
0.7451394 0.5868908 0.2693308
0.8073669 -0.4013204 0.3456624
0.2301414 -0.3867487 0.1599635
1.4081495 -0.0355185 1.4915686
0.7316270 0.5329166 0.7694315
0.2675917 -0.5320759 0.5757104
0.6774811 -0.5781609 0.7484186
0.9951268 -0.6076135 -1.4953473
0.7372344 -0.7607698 -1.3657900
0.2852832 0.0186525 -0.1733217
-0.1594049 -0.7578885 -1.6834112
0.9845858 0.6607502 -0.1729452
0.7176244 -0.9662552 0.7475476
1.6416129 0.2295055 -1.3796899
0.6980174 -1.3150667 0.4019224
1.1426841 -0.0311085 -1.1012244
-1.8057674 1.0522708 -2.6731472
-0.6585302 0.2293577 -2.0777833
1.0388108 -0.2716376 0.1580786
0.4544028 -0.9611802 -1.6087153
0.8853805 0.8026977 -0.2170473
0.7035087 0.5178378 0.7028591
0.7400657 -0.1346335 1.0321046
-0.0615479 -0.7394795 -1.5561285
0.7565824 -0.7425213 0.6687922
0.3941543 -1.0927055 0.1266124
-0.1127279 -0.8344986 -2.8268967
1.1302751 -0.2019809 0.0877772
0.1716101 -0.4978268 0.2066612
0.6667997 -0.7910222 0.9200155
0.7327984 -0.5880271 0.7646959
0.4911335 0.0837793 -0.3967937
0.8243159 -0.4958973 0.4002053
0.8913520 -0.5153370 0.2555428
1.0666879 0.5402374 0.2385428
0.9685891 0.2422685 -0.1881567
1.5667875 0.2224602 -1.5194877
1.5075454 0.5079025 -1.6045326
1.1178458 0.5568116 -1.3240703
0.8953168 0.7966944 -1.3263723
0.1929501 -0.5487763 -2.2128782
0.2356204 -0.1112764 -1.7338902
0.5782509 -0.8120072 -1.6526871
0.6296570 0.6556177 0.5015653
0.4479874 -0.3738166 -0.4563168
0.3893288 -1.1081800 0.1682025
0.3346391 -0.7970715 -1.8066980
0.1189994 -0.7973669 -1.3053262
0.4442262 -0.6978409 -0.9385407
0.6392865 -0.1024622 -1.0185497
0.5147548 -0.6340555 -0.9810724
-2.0038064 0.8032892 -2.5906680
-0.2316462 -0.6191188 -1.7776859
-1.9735515 0.7734213 -2.6632700
1.0184728 0.4676126 -1.1472288
0.9963409 -0.7089732 -1.0177982
0.2454365 -0.0819818 -2.0327146
1.6791244 -0.1543612 0.6932186
0.4916856 0.3034825 0.5441587
-0.1524304 0.5414947 -1.6463026
0.6654552 0.3137523 -0.9640697
0.4609937 -0.0171200 -0.6668373
0.9100364 -0.4505879 -0.5339230
0.2989476 -0.6319236 -1.3901625
1.0538070 0.4865753 0.1556956
0.7250350 0.4061706 1.2965273
1.3988426 0.2303450 -1.6661459
0.7332195 0.0633772 1.1547695
1.3871229 0.2349129 -1.7233863
-0.0215954 -0.9918053 -2.8553123
1.2506472 0.0995160 -1.3241651
-0.1654348 -0.4205950 -2.6994042
1.8268266 -0.1620707 0.4803539
0.2052421 -0.7991046 0.1560872
1.2450076 0.3709040 -0.7512451
1.0114183 0.4857564 -1.3052686
0.6988850 -0.2400404 0.6933052
1.8105775 0.6777478 -2.9150603
1.4030262 0.1243770 1.2555772
1.1416665 0.1425791 1.1508278
0.4713062 -0.8303394 -1.7575637
0.7354401 0.8523670 0.6549554
0.8886502 -0.5810914 0.2426851
0.7020630 -1.0107532 0.6838497
1.3756496 0.0680135 0.6920676
1.3043748 0.6596663 -2.7654891
0.0185479 -0.2067809 -1.9467732
0.2944131 -0.2023874 0.0198111
1.2323629 0.2882573 -0.6520176
0.4808808 0.0592494 -0.3947915
0.0549965 -0.7273278 0.0609056
0.4806939 -0.6379650 0.1257581
0.3922312 -0.2716815 -0.3923036
0.9283490 0.3858981 -1.1826677
0.6788446 1.4658674 1.8913329
0.1243796 -0.5407225 -1.8980527
0.2927341 -0.0714361 0.3403516
1.4851878 0.4984764 -1.3495246
1.1447101 -0.0934678 1.3290253
1.1539075 0.3344149 -0.6915165
0.5003302 -0.4481187 0.6616653
0.7024021 -0.4160911 -0.8702037
1.4669750 0.6098689 -2.9369702
0.6841585 2.2325952 2.2087328
0.4338101 -0.3973759 -0.2263708
-2.1730335 1.0159926 -2.5145268
-1.1309464 0.5227147 -2.6295650
1.2278818 0.2822125 -0.8351912
0.7777119 -0.3649648 0.4749122
0.2463339 0.0046301 0.2646330
0.4230879 0.1094514 -0.6167952
-2.4805849 1.2770886 -2.6597588
0.6480630 0.3179576 -0.0199612
0.9154429 -0.5691339 -1.0770394
1.3042345 -0.0614571 0.6001216
0.1807280 -0.6411953 0.3296219
0.1980472 -0.6764748 0.0244379
1.2493149 0.3350344 -0.6990550
0.9393513 -0.6603932 0.6731909
0.5640638 -1.0382696 -1.7173582
0.8451731 0.8024509 -0.0597182
1.0743303 0.5115917 -1.3590593
-0.2451701 -0.8248250 -2.8330994
0.1539205 -0.3346088 -1.4038575
0.2182407 -0.8322951 0.1112001
0.4642038 -0.2695974 -1.1951923
0.3583298 -0.7475812 -1.8587116
1.6634890 0.4588877 -1.4883564
0.7626772 0.0586276 -0.5259253
0.3412922 -1.1096213 -1.6006649
1.5269003 0.8607301 -2.8063896
1.4758494 0.7774461 -2.9710975
-0.4155695 0.2294228 -1.8302014
1.0176278 0.8061669 -0.9126449
0.8345000 0.4166040 -0.0277413
0.2683349 -0.8426090 -1.1922501
0.9003240 -0.1770703 0.5809607
0.1982085 -0.5977839 0.1418406
0.8052364 -0.3076935 -0.1503515
-0.1111646 -0.4782920 -2.5802956
0.8607141 -0.5539219 0.3574590
0.6058009 0.8121327 -0.0376103
1.0395291 0.4321149 0.5603558
1.4903400 0.3200540 0.6610344
-0.0113626 -0.6512788 -2.2322764
0.5196888 0.0317527 -0.6450629
0.6836898 0.9654412 -0.1041904
1.0146780 0.5859299 0.1159471
1.0859730 -0.4601144 -1.1092950
0.3707597 -1.1439636 -1.6905564
1.6096352 0.6286976 -2.9729564
1.1141242 0.0498578 1.2607778
0.7821861 0.6351581 -0.2032775
1.4308144 0.6029368 -2.1126359
1.2786405 0.7286266 -1.0493594
0.7741407 -0.8264053 -1.4937592
0.5641032 -0.7947072 -1.6697932
0.1283104 -0.9623206 -2.9683123
0.6867192 0.7056447 0.3978972
0.3550154 -0.5450071 -1.4792725
1.2110500 -0.2987054 0.8728533
0.3840058 -0.3406004 -0.1287657
0.8700171 0.9098271 -1.1844461
0.3001890 -0.3487156 0.0880776
1.3286581 -0.3855199 1.4310921
-0.6013162 0.2138950 -2.0642502
1.2465432 0.0722426 1.4908718
0.3754272 -0.3439875 0.6850585
1.1822163 -0.1392446 0.1645838
0.0497328 -0.3647933 -2.0752277
1.0743988 0.2968195 -0.6118445
0.7495912 0.1357348 0.9602569
0.4758880 -0.9235571 0.1660453
-2.4797924 1.1841574 -2.5740192
0.2977867 -0.8103913 -1.5200375
0.1089137 -0.5593191 -1.9883707
-0.4472106 0.2318037 -1.8595833
0.9243701 0.8981364 -1.1937001
1.8073194 -0.0608137 0.4380521
1.2291332 -0.2849442 -1.0600219
0.3843351 0.3716719 -0.8116309
0.3583356 -0.6362019 0.0961696
0.2409943 -0.6101294 -1.6024581
-2.3221328 1.1160194 -2.5218081
-2.0600860 0.8350076 -2.5650456
0.6600873 -0.9170261 0.5547849
1.0648557 0.5952891 0.2079014
0.6337439 0.4426020 0.4088374
0.6715971 -0.7956101 -1.3753492
0.6132217 0.4710868 0.3304722
0.7292100 -0.1328947 0.9999970
1.5996186 -0.1952520 0.7453780
1.1028922 0.0143476 1.1958479
0.6685315 -0.0433630 1.1030942
1.2579238 -0.2100834 -1.0615491
0.7134666 -0.8977726 -1.6890248
1.4413865 -0.0365128 1.0426636
0.7990875 0.7482935 0.3750099
0.0977309 -0.2931495 -1.4157844
0.5014047 -1.0472652 -1.5087043
0.3221269 -0.1669833 -0.3113526
0.5844392 -0.5801005 0.2016006
0.1986300 -0.4936331 -1.8041629
1.4339418 -0.0038937 1.2425311
0.6441727 -0.8492762 -1.3717878
1.1445993 -0.1477392 -0.7545825
1.1766645 -0.3919663 1.0033689
0.3680100 -0.1535170 -0.7104173
0.6433773 0.2776562 0.7213128
0.6170313 -0.5768922 -1.6404428
0.6467875 0.0982930 -0.7313300
0.4214768 0.1948365 0.1433597
0.0741887 -0.8491601 -2.9056227
1.0170426 0.0831031 -0.3289544
1.5316633 0.2031986 -1.5123240
0.0204674 -0.7996712 -1.5774794
1.3378808 0.5303139 -1.5319301
0.9588975 -0.6343907 0.5405502
0.3816599 -0.6678331 -1.1284920
0.4342679 -0.3113207 -0.2224307
1.4951307 0.0712118 0.7461641
0.2667550 -0.1769802 -0.0491569
1.2597685 0.7177961 -2.6856363
0.6131005 -0.1470600 0.7278316
0.7463067 -0.2003033 -0.9873801
1.6864077 0.4430752 -1.4392817
1.5569142 0.4945946 -1.3807312
0.7323441 0.9154842 0.5795757
1.2022827 0.3596349 -1.2828344
0.4672820 -0.1643484 -0.7721422
0.7104352 -0.5331957 -1.2030339
0.7349494 -0.6177199 0.8624468
0.6280113 -1.0148237 -1.5373321
-0.0866711 -0.4191295 -1.6998105
-2.0643408 1.2308666 -2.6016264
0.2467739 -0.5632316 -0.1276798
1.3886305 0.5906855 -1.0103756
0.3330965 -0.8604682 0.2563564
0.6935176 -0.2220583 -1.1066048
1.0514981 0.2404407 0.6452412
1.4070511 0.6137391 -2.7944543
0.7057162 -0.5275454 -1.2205107
1.8508997 0.6978816 -2.9303930
0.7042128 -1.5535976 0.3551778
0.3623760 0.1018794 0.4181332
1.0207402 0.5797536 -1.0414662
1.1312923 -0.0801560 0.3759072
0.6795128 -0.1736963 1.0787041
1.2255590 -0.3224494 -1.1746255
0.4321819 -1.1785419 -1.6986563
0.7373499 -0.2453204 -1.0416776
-0.0957102 -0.5057065 -2.4703033
0.4112477 -0.7530997 -1.0006942
0.1183649 -0.1699530 -1.6114073
1.4675268 0.2078679 -1.5898697
0.9249421 0.3101929 0.0019946
0.5321629 -0.4022863 -0.4051333
1.4118741 0.4999387 -1.3194180
0.8294783 -0.0941109 1.1285160
1.0104591 -0.3639514 0.2349555
0.4392446 -1.1677768 0.3242912
0.8439232 0.1740925 -0.9942299
0.4964883 -1.1396252 -1.7729886
0.8872393 -0.4320746 -0.5420083
0.6006790 0.6922733 0.5278316
1.5867301 0.0523301 0.8349812
0.1040810 0.4368335 -1.5252105
0.7196854 0.7149077 -0.4835175
1.6052046 0.4375101 -1.6164135
1.0636981 -0.2915359 0.9049436
0.9197165 -0.1836582 1.2122012
0.8747529 0.8757472 -1.2458471
0.4243773 -0.9219729 -1.4875531
-0.1409522 0.3852277 -1.2861968
1.5028683 -0.2257538 0.9890223
0.6366282 0.1653342 0.7927439
0.8987191 0.6804840 -0.0645782
1.3614867 0.5701900 -2.6748083
0.8973947 -0.2355156 0.2589948
1.2523311 -0.1958848 -1.0295004
0.6017291 0.4206169 0.5240914
1.2541926 0.1583134 0.9344350
-0.1308169 -0.5819388 -1.7366713
1.4107497 0.4922843 -1.0062987
-2.2548842 0.9035110 -2.7515874
0.8052238 0.3581406 -0.1410240
0.7719662 0.7339667 -0.5796496
0.7525469 0.9114053 0.0351503
0.7841728 0.7040917 -0.2382607
0.6076497 -0.4854014 -1.4705788
1.2127266 0.7326471 -1.2419373
1.0878906 -0.0513085 -0.6736854
1.1319625 0.1360552 1.5943031
0.1377539 -0.3942844 -1.3430274
0.5698017 0.0768765 -0.9678802
0.9917070 -0.2942309 -0.4789321
1.0385344 0.0371078 0.4804286
0.7690286 -0.1457162 -0.4552516
0.5977911 0.3049697 -0.1825698
-0.1282977 -0.3718449 -1.8598555
1.2489357 0.2521297 0.6453702
1.0501343 -0.4484476 -1.0020937
0.2557594 0.0180462 0.0483154
0.6487511 0.0762727 -0.5120950
0.9891176 0.4236389 0.0856250
0.9092510 -0.0063419 -1.0664425
0.3393278 -0.8904077 -1.1897646
0.2903780 -0.4710501 -1.7042830
1.3955464 0.2388236 -1.7455976
0.9773178 -0.1766936 0.1731505
0.5549773 0.2402192 -0.5858297
0.9295698 0.4597961 -0.1015877
0.5869478 0.2633767 -0.3041021
0.7979102 -0.5458077 -1.1105242
0.6405438 0.6426650 0.0719087
0.5142242 0.1281560 0.7218258
-0.5870632 0.4424043 -1.9504468
1.3093190 0.1748413 1.0228140
-0.4849446 0.2237675 -2.0509589
0.2665975 -0.8783493 0.0941222
1.2606177 0.0074499 0.6743486
1.6440058 -0.1842245 0.6756557
0.5912976 -1.3770634 0.2851158
0.8226043 -0.5732198 -1.2050059
0.5438163 -1.0834881 -1.6339869
0.5318425 -0.8718675 -1.1578960
0.1512984 -0.2634057 -1.3034667
0.4564908 -0.6109666 -1.7925035
1.1743039 0.6575359 -1.3512418
0.7003340 0.5230062 0.5511153
0.8362390 0.2347312 -0.8297664
0.1746950 -0.3889825 -1.2338127
0.7104535 0.6184680 0.1323034
0.5831643 -1.0356661 -1.7793895
0.5744805 0.2911955 -0.6842123
0.1546071 -1.0699240 -1.4783412
0.8516677 -0.1066934 1.1405482
1.1108536 -0.1872910 0.1301060
0.9632711 0.8648696 -0.9113765
1.1659135 -0.4197729 -1.3456376
0.7247674 -0.0485000 1.1091197
0.3708004 -0.0908468 -1.1044570
0.7872295 0.6910871 -0.1540868
1.1202116 -0.3223616 1.6185095
0.8651668 0.6976804 0.2668519
-0.1654211 0.2129747 -1.4926852
0.4998776 -0.5528942 -0.8881585
1.3353484 0.1350843 0.9523639
0.7939482 0.3538117 -0.1495413
-0.0074522 -1.0803269 -2.8968132
1.1949756 -0.3847521 -1.2228568
0.7452075 -1.2015514 0.4238469
0.6899503 -0.9719484 -1.5961829
0.5563695 -0.3912717 -0.1430383
-0.0891916 -0.5996309 -2.3663468
1.3069121 0.3062832 -1.7675543
0.8396258 0.2929473 -0.2973709
1.1467609 0.1101168 -0.5681570
0.6870024 -0.7833707 0.8004703
0.7186434 -0.4601589 0.9669746
0.8339665 -0.3016528 0.3039697
0.2129406 0.3582235 -0.6606707
1.4805956 0.6358724 -2.2659879
0.7398707 -0.5240678 -0.5349903
1.4735316 -0.2099813 1.1136150
0.4345449 -1.0666299 -1.4522061
1.1255410 -0.4256219 -1.1249009
0.4012559 -0.3519044 -0.0835317
1.6404305 0.6567487 -2.8351767
0.4549939 -0.8627073 -1.1377928
0.9617127 0.5375929 -1.1514204
0.2624041 0.2241358 -1.3675163
1.2231585 0.2235821 1.0060900
-2.1155052 0.8289723 -2.7675815
-0.2271014 -0.7373868 -2.7492740
0.8580543 -0.2747409 -0.1885980
-0.7432718 0.3682313 -2.4227219
0.7591516 -0.1890592 -0.4919942
0.3234657 -0.4591105 -1.0211918
1.0805533 0.4787168 -1.1046921
-0.2686985 0.4427179 -1.4559672
0.7225379 0.9933064 1.6258705
0.6670083 -1.3859957 0.4178560
0.1775407 -0.4821833 -1.2427628
0.9106941 -0.1946090 1.2257546
0.7652686 -0.5681638 -1.0966761
1.1529906 -0.2303281 -1.1646129
1.1398956 0.2258469 1.7129990
0.4910969 0.1070201 0.7145520
-2.0230005 0.8119946 -2.8505058
0.7984373 -0.5261643 0.0871991
0.6725653 -0.4919480 0.1178949
0.9615468 -0.3876846 0.2528167
1.7300252 0.3121634 -1.4398811
0.2766688 0.2629031 -0.7472365
0.6706144 -1.3743014 0.3891953
0.6068343 0.3057244 -0.7254791
1.1023188 0.2499602 -0.5945905
0.3452841 0.3079211 -0.6876039
0.3599725 -0.6367824 -0.0150160
0.7254027 -0.5671283 0.6296856
-1.8441108 0.8807600 -2.8313212
-2.4388826 1.1489434 -2.5712595
1.4781489 0.2355652 -0.8677767
0.4355903 0.1448013 -0.5024822
1.5469130 0.8894016 -2.9440069
-1.0669246 0.5077635 -2.5911708
0.6893706 2.3995645 2.3365347
0.4715346 -0.9578922 -1.5723709
1.2879210 0.0946102 0.1277686
0.5480657 -0.3826208 0.7312585
0.4610041 -1.0379013 -1.4323597
-1.1133940 0.5047544 -2.4667251
0.7716385 -0.7966831 -1.4762264
1.3000002 -0.1784936 0.6202687
1.3411866 0.1277482 0.8433626
0.4865111 -1.0703354 -1.5439644
0.5721036 -0.9330164 -1.4835207
0.4382663 -0.2140136 0.7619643
0.7484196 -1.7713426 0.1525844
1.2686340 0.3143691 -1.4188858
1.5307637 -0.0011757 0.5747165
1.2291188 0.0160417 0.1901729
1.8348244 -0.0822641 0.4955189
-1.9321887 1.0981436 -2.5529053
0.5450786 0.4578988 0.8035200
0.9041384 0.7555234 0.7646297
0.9969836 0.2120183 0.5787224
1.5145729 0.4879922 -1.3199852
0.6583642 -1.0248021 -1.8869549
0.3489651 -0.3791893 0.0760755
-0.0786088 -0.4967052 -1.7644101
0.7044718 -0.1420897 0.9762400
-0.3486260 0.4474854 -1.5583190
-0.1886929 0.2747058 -1.4157047
1.3928093 0.2195652 -0.7885376
0.6455719 -1.2236662 0.5060517
-2.1216342 0.9388573 -2.5321524
1.4095449 0.2032589 -1.5138063
0.6178099 0.1057522 -0.5259851
-2.3660572 0.9904264 -2.6391079
1.1157405 0.1356580 1.6743966
0.9847143 0.8473402 -0.8825012
0.2626340 -0.1040044 -1.4481812
0.5725954 -0.8840332 -1.6332426
1.6035241 -0.0596120 0.8737147
1.1374601 -0.0432740 1.3513311
0.6732971 0.8294424 1.5270394
-0.0777884 -0.6928390 -2.5682945
0.3770640 -0.1283140 -1.4565471
0.9614247 0.7733412 -0.3475855
0.6718515 -1.0227792 0.5689432
0.8799810 0.2240874 -0.3161273
0.6841250 0.3325943 -0.8641644
0.1226937 0.1769752 -1.3831466
0.9312514 -0.4209641 0.2785368
1.0964684 -0.4588980 1.1859646
0.7267581 -1.0175996 -1.8694594
0.0780505 -1.0344757 -1.5256906
1.0424114 0.3231251 -1.0956213
0.3021956 -0.0783381 -1.2208438
1.3725588 0.5387700 -1.7776910
0.2666694 0.5005200 -1.1384237
1.1017008 0.5588062 0.1920325
0.1385602 -0.2250677 -1.6560748
1.1496005 0.6857557 -1.0269970
1.5549017 0.2222942 -1.0639454
0.6607593 -0.5041102 0.8876007
0.2449748 -0.1565279 -1.8770722
-0.2284344 -0.9631231 -2.9315464
0.7614047 -0.6995182 -1.3057772
-0.0666562 -0.7970613 -2.8531301
0.7520173 0.7494226 -0.5481462
-0.0825314 0.5096446 -1.6987065
0.3533790 -1.0716885 0.2106406
0.7472170 -0.3631787 -0.8689232
1.5416267 -0.1770525 0.5752308
0.9850513 -0.1791791 0.2637771
0.7955714 -0.6921138 -1.2494606
1.2285635 -0.1239727 0.0524858
0.9325018 0.0104610 1.3082646
1.1346035 -0.1316344 -0.9817167
-0.0581715 -0.5367374 -1.4662225
0.6042526 0.0131025 -0.5266939
0.6555462 0.5932566 0.2992633
0.5189623 0.2424882 -0.3159282
0.6692281 -1.0279833 -1.7478080
0.3958676 -0.4017121 -0.8563624
0.6825241 -0.4793280 -0.7455422
0.7684482 0.4086218 0.4203177
0.5088705 -0.0876807 -0.9550477
0.5502078 -0.6365343 0.4205144
0.9139199 -0.1711832 0.5837569
0.6906394 -0.7467196 0.6363949
0.0423746 -0.4716929 -2.4249024
0.8516622 0.7252445 0.3043449
0.8855860 0.3739102 0.1030482
0.9489822 0.6264486 -0.3361772
0.7467781 -0.4188568 -0.9118059
0.1322292 -0.3701263 -1.1892647
-0.0710584 -1.1446984 -2.9674137
0.2495257 -0.8189687 -1.4835824
-0.0324206 -0.6436979 -2.3252692
0.3539464 -0.4872891 -1.8396726
1.4377934 0.0674115 0.9812512
0.3532327 -0.1235958 -1.6518850
-0.0085116 -0.4013628 -1.7012523
0.5789291 -0.4326987 -0.4676880
1.1712240 0.0060125 -1.1620611
0.2059946 -0.8035708 -0.0929640
1.4894828 0.0410205 -1.3792901
0.7496039 -0.4486951 0.3564441
-0.0671219 -0.4845569 -1.5210433
1.1076134 0.0628409 1.2864345
0.9268994 -0.4508671 -0.8172942
1.2552305 0.3011501 -1.4093161
1.2586557 0.1373300 0.5689976
-0.8264481 0.4540259 -2.3181424
-0.0956308 -0.5666476 -2.8880289
0.3599676 -0.4871084 -1.6172453
-0.2263987 0.5229457 -1.8072621
1.2084308 -0.4597367 -1.5612546
0.8609742 -0.6180291 0.2488825
0.5249165 0.1024315 -0.4515282
0.9352493 -0.5683064 -1.2149723
1.0240252 -0.5213712 -1.4691277
-1.1779032 0.3785315 -2.4981997
0.9521641 -0.3035764 -0.4696257
1.0521348 -0.0828130 0.4569480
0.3447939 -0.4238941 -1.0954227
1.0891075 -0.3572504 -0.8880085
-1.8762506 1.1583389 -2.6721461
0.3887191 0.1791641 0.1150866
1.2022928 0.1906407 -0.6549229
0.2653224 -0.5283650 -1.1311462
0.3351702 -0.5371957 -1.9349514
1.0956711 -0.1391213 0.0132835
-1.9545085 0.9305536 -2.5368476
1.2325881 -0.2577001 1.4668994
0.7599661 0.7398468 -0.5524016
0.7082120 0.4046634 1.3827019
1.5670762 0.0127157 0.9210709
1.5179052 0.5882686 -2.2912672
0.6690024 0.8127299 -0.1863618
0.9865214 -0.5971435 -1.4956372
0.8565500 -0.2665488 -0.0920628
1.4046227 0.4516489 -1.1258554
0.1610240 0.4546295 -1.0593045
0.6865328 0.0640996 1.2046885
0.0728169 0.3809873 -0.9747249
-0.3796253 0.4037758 -2.0749743
1.0434595 -0.1574801 0.1749409
0.2947843 0.0753128 -1.1518683
0.0342241 0.4633932 -1.1630003
1.3079394 -0.2966562 0.8800083
1.2376225 0.0838729 0.4199928
1.1061323 -0.3518069 1.6932828
-1.1861861 0.4906739 -2.4523137
1.4719110 -0.2835658 0.9735224
0.6895635 0.3315124 -0.7865320
1.2744242 0.3005171 1.3375887
0.2553954 -0.6143698 -1.4993827
0.4217484 -0.4512643 -0.0037896
1.0559505 0.1260928 0.5740023
0.9556440 -0.6436642 0.3260496
0.4283680 -0.6194618 0.1276197
0.8920108 -0.3791472 -0.5493174
0.8927234 0.8438815 -1.3250285
1.0509034 0.3885242 0.1544825
0.3062515 -0.8035678 -1.7996674
0.7156544 0.3570214 -0.7265440
0.3427484 -0.6369168 -0.0308555
-0.1999246 -0.6409459 -1.8201938
1.3368400 0.2664036 -0.7435203
0.1061316 -0.5835893 -2.4169173
0.9037611 -0.5640834 0.1703127
0.2422630 0.0123846 0.2577336
0.8875625 0.2667525 -0.3326161
0.1291193 -0.6232384 -1.2485589
-0.5006863 0.2423393 -1.8924898
1.4370036 0.5768592 -2.6401296
0.3714790 -0.4960184 -1.0383693
0.3160976 -0.1194937 0.6184981
0.8610437 -0.5365548 0.3560811
-1.4570277 0.6973211 -2.6697111
-2.0706639 1.1282985 -2.5532882
1.3340391 -0.2158896 0.9427997
0.6814771 2.0281029 2.2167633
0.0260079 0.5442212 -1.4639615
0.6690261 2.0251181 2.1151896
0.8074632 0.1714991 -0.4530683
-0.0126304 -1.0285693 -1.5687447
1.1330664 0.4253553 -0.9680688
0.5342029 0.1864711 -0.3987107
0.9382500 -0.0907233 -0.9610329
0.0853481 -0.2838971 -1.4537586
0.6463738 -1.7478740 0.2200992
0.9948172 0.4544378 -1.0489798
0.7038015 -0.6106027 0.9611586
0.2066729 -0.2346750 -1.2020801
0.4874349 -0.9674256 -1.6621630
0.7591426 0.1878815 -0.4278251
0.7016692 0.3499098 -0.0381449
0.1184424 0.3690036 -0.8075424
-0.4795810 0.2559327 -1.8522334
0.8063734 0.8205405 -0.4718484
0.2257678 0.1171630 -0.8869597
0.8703877 0.1582611 -1.0380623
0.5380092 0.2655021 0.6905774
-0.0653945 0.2825600 -1.2222215
0.2300070 -0.1615126 -1.9140949
1.1852084 0.0822964 -1.2878631
-0.1412619 -0.5657248 -1.8403605
0.6992750 -0.4340223 -0.1390060
2.0063827 0.8681818 -2.9999442
0.1383408 -0.6446704 0.0508039
1.3401117 0.5711583 -2.6624811
-0.0750840 -0.4209163 -1.6681503
1.4216316 0.6293733 -2.9455562
-1.6111283 0.6342468 -2.7231522
0.2016800 -1.1816422 -1.6372428
0.6846502 -0.6363986 1.0106254
-0.1120670 -0.5509593 -2.8398592
0.7795789 0.8280821 -0.2569272
0.6365457 -0.4090030 -0.5958337
1.0090176 0.3131199 -0.5381581
0.3582467 -0.7156667 0.2092301
0.8440167 -0.3628165 -0.3300138
0.3499043 -0.0452838 -0.6154333
0.9149161 -0.2083579 -0.2818003
0.9770513 0.8591084 -1.2319757
0.6965507 1.3784655 1.7587050
0.4164490 -0.2449853 -0.7912154
0.7236960 -0.4222279 -0.5738315
0.3565678 -0.9188645 -1.3180252
1.2741845 0.5786373 -2.1780453
0.9092366 -0.2000775 1.2255497
1.3889223 0.1236927 0.3980182
0.7897716 0.6480322 0.2116326
0.3020326 0.0911472 0.3433206
1.5137774 -0.2363471 0.9950172
0.8508483 -0.3968115 -0.3261287
0.9191460 0.2700777 -0.9744921
0.1867760 -0.5751951 -1.6614910
1.3493012 0.3089804 -0.9102542
-0.0456492 -0.6596786 -2.8715725
0.5848072 0.1789982 -0.6849593
0.5556817 -0.1851518 0.7354660
0.9269623 -0.4835266 0.5571291
0.8308669 0.6761713 0.1982207
0.2139855 0.5070191 -1.2102791
1.3251578 0.2123596 -1.5916988
0.7519820 0.2979141 -1.0948017
0.7783490 -0.5967579 -1.1638877
0.3390215 -0.1238217 -1.5618805
1.5091225 0.2288893 -1.5725012
0.6311189 0.7401398 0.3156604
1.4525769 -0.3003845 0.8541740
0.4259651 -0.9411891 -1.5563561
0.1030962 0.4317653 -1.0057817
1.3236251 0.4312970 -1.3587104
0.8654152 -0.6340322 -0.8655148
0.2930873 -0.6914985 0.1937637
0.6036277 0.2588352 -0.0827506
0.4495415 -0.0586689 -0.5837144
0.7031466 1.3980119 1.9232985
0.3035504 -0.7207690 -1.3084215
0.7183110 1.6682727 2.0368335
1.3428444 -0.2741308 0.6817402
1.4149750 0.7688457 -2.6567409
0.3483749 -0.1330121 -1.6077411
0.1141619 -0.3622522 -1.4691274
0.0675560 0.4756766 -1.5536083
0.1672153 -0.7091136 -1.3249385
0.4783587 -0.9328137 -1.4763875
0.6874589 0.0512124 -0.5885923
0.9439834 -0.4506774 -1.2290181
0.3250180 -0.7007931 -1.9004490
1.2128909 0.4897621 -2.1437006
0.3398798 -0.2364668 0.7036523
1.3987712 0.5288482 -1.5952814
1.0348071 -0.2671440 -0.6855774
0.2941409 -0.0732009 0.3495970
1.3127236 0.1703262 -0.6624472
1.4015231 -0.2885623 1.1578985
-1.2558482 0.5423911 -2.4992607
0.5237859 -0.4743437 -1.6309533
0.7526808 0.6283430 0.2377298
1.0007559 0.8144257 -1.2626885
1.4127344 -0.1387580 1.4693980
0.1272092 0.4090682 -1.5038135
1.5554776 -0.1772995 0.5717433
1.0619059 0.5630863 0.4022102
-2.2449689 1.2569903 -2.5980427
0.9778883 0.8623408 -0.9450377
1.3141235 0.2488097 -1.6647733
0.7183614 -0.5290924 0.7843096
-1.7675016 0.7536404 -2.7401407
0.4820550 0.0049763 -0.5666841
0.4324342 0.1125443 -0.6118180
0.1650053 -0.5492721 -1.7810504
0.3853881 -1.0846890 0.1264974
0.2580153 -1.0061225 -1.4433062
1.4976642 0.6513172 -2.4239097
0.8254148 -0.7337928 -0.9717740
1.1993620 0.3998644 -1.1239949
0.6770912 0.6176473 1.4414606
0.7470466 0.6304513 0.1711221
0.8769749 -0.6399371 -1.3177171
0.4247172 -1.1054000 -1.5278065
0.9000258 0.3407343 0.1056707
0.5328906 -0.2611472 -0.5263997
-0.0424229 -0.4476005 -1.5354061
-0.2126702 0.4765672 -1.8706235
0.9974629 -0.0933495 1.2042664
0.5605873 -0.4634217 -1.5183861
0.3348486 -0.5579786 -1.0236503
0.4269195 0.0026415 -0.7815286
0.1463357 -0.7963237 -1.2709130
0.6915380 0.4202326 0.9223488
0.1632085 -0.3587495 0.4300557
1.1410028 -0.0004582 -0.0183774
1.0728910 -0.2998263 -0.7799888
0.3039559 0.0651523 -0.1269085
0.9528500 -0.1956593 0.2211218
0.1742667 -0.9082169 0.2918352
0.4825849 -0.3752385 -0.7590678
-1.1045966 0.4624237 -2.6408451
0.7273590 1.0793695 1.6247836
0.3284587 -0.8245860 -1.2279214
1.5980506 -0.0859090 0.6242290
0.6861250 -1.3455629 0.5308020
1.6180968 0.1979894 -1.3633330
1.3838999 0.3683404 -0.9869861
0.4992223 0.2163769 0.3458028
0.9054077 0.7772276 -1.0528884
-0.0028940 -0.4933836 -1.5271354
1.3420904 0.4432122 -1.4374708
0.0084187 -0.4958541 -1.4825605
0.8067753 -0.6628117 0.3237385
0.4020240 0.3033154 -0.6602653
1.0255078 0.4617434 -1.2228736
1.0495034 -0.0187351 -0.4546220
1.2374375 0.0479857 -0.8715492
0.7762001 -0.3702189 0.4240476
0.9428369 0.7807860 -1.1935198
0.3604153 0.1884595 -1.2742854
-0.3150586 0.5064327 -1.3973013
0.7059113 -0.6510131 1.0406917
0.7095187 -0.8465357 -1.2846642
1.0166506 0.0782772 -0.3329839
0.7979014 0.7645950 -0.2000382
0.6838961 1.6570153 2.0586216
0.2002071 -0.1440838 -1.3635747
1.3374528 0.4048465 -1.4061185
1.1239934 0.3576281 -1.1622148
0.7812228 0.4293397 -0.6820665
0.9220899 -0.6375093 -0.8123415
0.7436448 -0.4097890 -0.0773635
1.2831515 -0.2298890 -1.1359518
-0.9743714 0.4845617 -2.4537618
0.4572494 -0.6910440 0.1642079
0.6799663 0.1645154 1.2388846
1.2863846 0.0948074 -1.3203245
-1.6696619 0.6987509 -2.7541883
1.3794245 0.0336986 0.2332492
0.3889433 -0.0374682 -0.9988394
0.8109018 -0.4501739 0.0784364
0.6712254 0.1887248 -0.9757977
1.3427434 0.1382153 0.8541769
1.3881935 0.2120690 -1.6014072
0.4657990 -0.0868030 -0.8786501
0.0130757 -0.3871228 -2.2090139
0.4903526 0.0518098 -1.0316788
-0.2095758 -0.8205733 -2.8305748
0.9720653 0.5221956 -0.7239406
0.7018067 0.7320337 0.6268086
0.6938784 -1.2905328 0.5487303
1.2281604 0.1170862 1.5642399
1.2152619 0.0571764 -0.5719590
0.6589070 0.8402892 -0.2302059
1.5667802 0.6033528 -2.9036798
-0.3131483 0.5234172 -1.7667441
0.9979057 0.8497593 -1.0551895
0.7554508 -0.3263932 -0.7770445
-1.9256732 0.7791204 -2.8043206
0.8423021 0.4070420 -0.6147732
0.1326253 -0.4961000 -1.9889448
-0.0554627 0.5421872 -1.4550292
1.1105372 -0.1879462 0.0569449
0.9568582 -0.2022288 -0.3824152
0.7662778 -0.0584790 1.0477417
1.2145908 -0.2524743 1.5622556
0.4925337 -0.4402640 -0.8136195
0.6596088 -0.2046266 0.9762116
1.9844620 0.5961324 -2.9618733
1.5605363 -0.1095764 0.9489170
0.3709564 -0.7810014 -0.0324391
0.2678089 -0.2058065 -1.0499873
0.9707708 -0.1278136 -0.2525739
0.8120730 0.5059872 -1.0105628
0.5652198 -0.3218424 -0.6507283
-2.4260705 1.2641066 -2.6277118
1.1830094 0.6385264 -1.3479398
1.0830443 -0.0680304 -0.9949207
0.2539728 -0.1306341 0.2041229
0.6475904 -0.5888005 0.6872313
1.2267857 -0.0644093 0.6682860
1.0831441 -0.5195257 -1.6022753
0.8019174 -0.3980440 -0.6413407
0.3527876 0.2568811 -0.6402829
0.5297550 -0.6020238 -1.6380527
0.6919746 0.9423023 0.0705846
0.8189561 -0.0403725 -0.5365979
1.3688034 -0.2549566 -1.4529946
1.3482049 -0.4093975 1.2414720
0.7985225 0.0087630 1.3433517
1.1457074 -0.4471029 -1.1788234
-0.0506582 -0.3441216 -1.8830324
-1.7614574 0.7432262 -2.7300396
1.0189481 0.6113740 0.3934941
0.8986809 0.3307394 -0.9582367
0.2720131 -0.0362291 0.3657711
0.3978466 -0.0642216 0.6847932
0.9919430 0.3485844 -0.9283665
0.7201597 -0.4935030 -0.4760833
1.5223587 0.5635016 -1.0593735
0.3969724 -0.9318250 -1.6283131
0.1430769 -0.3760909 -2.1279545
0.8210863 -0.5909521 -0.7772348
0.8050807 0.6051048 0.3023584
0.7811350 0.9302529 0.0458285
1.3772832 -0.2251962 0.9649103
0.6944377 0.7781833 0.2026350
0.2076223 -0.2547053 0.2397254
0.2396043 -0.5307475 0.1478405
1.8425272 -0.1481734 0.4672644
-2.4876413 1.2740295 -2.6011918
0.6585849 0.5039757 0.0989658
0.2934310 -1.1382983 -1.6311872
1.6058960 0.4259504 -1.2476929
0.7253743 -0.7632881 0.8166827
1.0127034 -0.2987248 0.1752232
0.5795704 -0.0673529 -0.9652489
0.5590047 0.1881679 -1.0778154
0.6282141 0.3776285 0.0253196
0.7070177 2.1677055 2.3116896
1.2442600 0.4358197 -1.1737700
1.3201607 0.2727330 -0.7477331
1.5838451 0.1866028 -1.1616938
-0.4465584 0.4812736 -1.8212010
0.9998507 -0.1421023 -0.0731886
0.2605488 -0.1252627 0.0258775
0.3888048 -0.6741073 0.0699876
0.1232495 -0.4364071 0.3611154
0.8149969 0.2902005 -1.1264420
0.3665202 0.2987804 -0.7049276
0.5992561 0.2272003 -0.3892464
1.2492927 0.2436192 0.3597894
0.8393062 0.8212946 0.0181078
0.1585346 0.2637477 -0.9028463
0.9045750 0.5626864 0.4104346
0.5605457 -0.6920612 0.2323703
0.9592714 -0.4392302 -0.8200053
0.0879928 -0.1715098 -2.0622990
0.9068431 0.8927370 -1.0504106
0.4252342 -0.7556898 -1.7816143
1.0892696 -0.4339873 -1.0606412
1.2630906 -0.0701463 1.2177253
0.5093103 -0.3667484 -1.3689040
0.9314595 -0.1801907 0.5447974
-0.0620896 0.4501093 -1.1481107
0.9043875 -0.6376540 -1.3421384
1.2255658 0.1078247 0.9645393
0.7247121 0.7703068 1.4553691
1.4762907 0.0007864 0.9705654
1.6589402 -0.0222883 0.6911001
0.8364639 0.6454251 -0.2437895
0.6912779 2.1464725 2.3095913
1.4217266 0.6399416 -2.9603467
0.5777478 -0.4914871 -1.5885248
0.9285281 -0.1997820 0.4923339
0.4421932 -0.2926484 -1.1926491
0.6447164 -1.4163828 0.4893049
0.3026458 -0.2137804 -1.1247144
0.5648223 -1.0791687 -1.6376178
0.3505087 -0.6913733 0.2199551
0.5699556 -0.5042000 -1.6102133
0.8795590 -0.0364879 -0.5334684
0.3415530 -0.8545170 -1.4616553
0.7026846 2.2147419 2.3309596
0.3680013 0.1456639 0.1752227
0.3646531 -0.0022541 -1.0650336
0.9174343 0.2914027 -0.0568089
0.6657112 0.1715466 -0.9402865
0.9467590 0.3538851 -0.9541450
0.9314023 0.3616917 -0.5669392
0.8813086 0.8523898 -0.9772462
0.9915761 0.6808295 -1.0834968
0.6781151 0.6121707 0.1511439
0.4055753 -0.0663024 -1.0974900
1.4813793 0.1631664 -0.8638915
1.3319341 -0.1800849 1.0750109
1.6411089 0.3750465 -1.5855988
0.6039186 -1.2107022 0.4490753
0.6565918 -0.4955435 0.8685002
0.1914855 -0.3264114 0.4880861
0.4556866 -0.9218010 -1.7204902
0.4552894 0.3891729 0.5163441
0.7182872 0.4887449 1.3815248
0.3854634 -0.0895153 -1.1542099
1.4664187 0.6552285 -1.0522302
0.5468376 -0.9547797 -1.3265119
-1.7341518 0.7204732 -2.7062120
1.1950212 0.1243158 -0.0212333
0.4153813 -0.4387797 -1.6348035
0.3248764 -0.9044721 0.2477907
0.5459194 -1.2325656 0.3612523
0.7985335 0.2748294 -0.5455952
0.5244277 0.2145769 -0.3733700
1.0306063 0.1428858 0.7965011
1.4959812 -0.2471267 1.0405167
0.9824599 -0.4483883 0.0363943
-1.9258717 0.8482308 -2.5728679
0.3067803 -0.0940322 -0.2466429
-1.8925797 0.8935037 -2.5801296
0.0706321 -0.5818090 -1.3131750
-0.0844695 -0.4722035 -1.6115903
0.3444428 -0.2669498 -0.7930978
0.7306155 0.3622723 -0.0417752
0.9964988 -0.3354774 2.0026982
0.6000319 -0.0522645 -0.9452270
0.9358955 0.6672745 0.0969239
0.5554678 -0.8016589 -1.0649284
0.4110053 -0.3552064 -0.8644405
0.0026950 0.1608358 -1.3786266
1.7931297 -0.1475570 0.4409970
0.8482012 0.0055413 1.2267969
0.6353067 -0.3482876 0.6579235
0.9248565 0.5998726 -0.2658040
0.6605438 -0.5276712 0.8856380
-0.3971478 0.2533993 -1.7498714
1.4753891 0.2325883 -1.6118090
0.3364108 -0.7604618 -1.0532726
1.1069121 -0.5515794 -1.5833249
0.6684597 0.5704349 0.1751681
1.8081666 -0.1185802 0.5101938
0.5806521 -1.0035548 -1.6394460
0.0518241 0.4151768 -0.8601978
1.2752954 -0.3269603 0.8186746
0.6327755 -1.7793869 0.1662089
0.4144720 -1.0793022 -1.4535999
-2.1417141 0.8742790 -2.8137579
0.7265263 -0.3333000 -0.4118718
1.8731947 0.6668447 -2.9358749
0.3420951 -0.9065076 0.0366043
-0.0778792 -0.8960226 -2.8452008
0.5515932 0.0417175 -0.6150593
1.0213703 0.5741348 -1.0486727
0.6554386 -1.8135782 0.2825924
0.8600608 0.2125220 -0.9767888
0.7034193 0.4655271 0.5949013
-0.2258760 0.2324531 -1.7736132
0.8086948 -0.4685790 -0.7928759
-1.0424633 0.4784743 -2.4214125
1.1242481 0.3429173 0.5203997
0.6534756 -1.0278336 -1.6601864
-2.0934598 1.1362488 -2.8943813
1.1537272 0.3137311 0.5312826
-0.3766738 0.3770597 -2.0807006
0.8671905 -0.3537362 0.3425501
0.9389742 0.6010790 -0.1714743
1.1066970 -0.3501872 1.7515714
1.1272517 0.0572652 1.1668767
0.5413216 -1.1134105 -1.8042201
0.9971399 -0.0615592 0.6523438
1.1162379 0.6501692 -1.2836388
0.5585458 -0.6765363 0.2094452
1.1867722 0.0014703 0.1176148
-1.0123357 0.4169728 -2.3619621
0.5738670 0.2239505 0.8391004
1.4956186 0.7199049 -2.5947802
1.4427382 0.6129019 -2.8157334
0.4665712 -0.1164169 -0.9182016
1.2097356 0.5704817 -0.8231120
-1.6787075 0.7995580 -2.7755525
1.6269419 0.3129359 -1.6014407
-0.0398112 -0.9475623 -2.8462253
0.9528512 -0.3968475 0.0724899
1.2820415 0.2155353 1.1075234
0.8212034 -0.6401250 -1.2104775
0.9903796 0.5340012 -0.0925324
-0.2573967 -0.6310822 -2.7705746
0.2129740 0.1894204 -0.8579891
-2.3066235 1.2196684 -2.7350521
0.0581152 -0.2702260 -1.5289828
0.9023403 0.7124895 -0.1509843
0.9871862 -0.1912005 0.0154910
0.6833893 0.0726992 0.9569014
0.9852506 0.5513470 0.4851215
0.1915722 -0.9735655 -1.4683857
0.4701430 -0.4245212 -0.0143527
-0.0116504 -0.2580582 -1.7415016
1.0600252 0.3474008 0.5068270
0.7895962 0.7040498 -0.2340137
0.6403822 0.4451977 0.7129576
0.3626685 -0.4224484 -0.9346118
1.1158880 0.0014697 0.0198838
-1.5703144 0.6214908 -2.7464781
0.9517931 0.6210293 -0.3219958
0.7141677 -0.0968151 -0.5017071
1.9372678 0.7179841 -2.9212840
1.0517440 0.0565110 -0.0092809
0.8902163 0.1393584 1.0670397
0.1994393 -0.5610152 -2.1140842
0.7380369 -0.4925992 0.6827226
0.6007390 -0.5252406 0.2710579
0.8846059 0.5087321 -1.1108173
0.1803533 -0.6738113 -1.9043741
0.6227925 -0.1309161 -0.4768773
0.4602285 -0.4660305 -0.0319010
0.6020091 0.2818889 0.8037860
0.6698509 0.3964174 0.5930182
0.7724097 -0.3760218 0.4299058
0.6793828 0.6963336 1.4914355
1.0573984 0.0820973 1.2341740
0.7110875 0.7962366 1.5781642
1.0841464 0.1206086 1.9067690
0.7857891 -0.5790918 0.1683485
1.5602790 0.1793126 -1.0876420
0.2260598 0.4611076 -1.0376939
0.3345535 -0.2920858 0.6877448
0.3285022 -0.1917050 -1.0609610
0.6970078 0.0395475 -0.6631401
0.8255643 -0.1868804 0.8170947
-0.0038155 -0.9065015 -1.6604819
-0.0176410 -0.4313470 -2.2129657
1.3346995 0.3644150 -0.9637354
0.6819753 -0.8217253 -1.4335392
0.8842594 0.4916970 0.4673460
1.0600486 -0.4556044 -1.0507262
1.0370514 -0.2657806 1.0134779
0.7378471 -0.8869821 -1.6598690
-0.5632857 0.4685422 -2.1671283
0.8504753 0.7524827 -1.2973762
1.1401899 0.0582626 1.6610237
0.1918177 -0.3450036 0.1725995
0.2670015 -0.9094897 0.1897219
0.4547325 -0.3163712 -0.7614198
0.3304243 -0.6797870 -1.2068038
0.4365857 0.0957315 -0.6071784
0.5645256 -0.9301209 -1.2967582
0.6761776 0.6644529 1.4613510
0.5922690 -0.8134694 -1.6223415
0.0708866 -0.2796527 -1.4908071
1.4053245 0.2235032 -1.6387181
1.1179930 -0.4401682 -1.2650459
0.7234007 2.1342487 2.1623304
1.4844377 0.2445534 1.2327973
0.9623242 0.2356799 -1.1119931
1.1281149 0.3086559 0.3988011
0.2673861 -0.2346500 -1.0095394
-0.9130383 0.3288321 -2.2935843
0.0906654 -0.1817248 -1.7023274
-2.2278090 1.0245916 -2.5096755
-1.4470909 0.6697042 -2.6203980
-2.1342471 1.2457907 -2.5942941
1.3339206 0.5360246 -1.6436565
1.6387982 -0.1781825 0.8485053
-0.0611488 -0.6127847 -2.8875680
1.4414244 0.6732916 -2.3850093
1.5066622 0.5134173 -1.6145461
1.0271865 0.2658274 -1.1720500
-0.3176839 0.4530980 -1.5077733
0.2012075 0.4691007 -1.0664347
1.4245765 -0.2397867 0.9130568
0.0748654 -0.9599608 -2.9835956
-0.5586817 0.2828327 -1.9133267
0.8816715 0.5299874 -1.0880070
0.0376155 -0.5664831 -2.0898714
0.8324127 0.4038222 -1.1453753
0.7952189 0.2652815 -0.5546690
0.7742789 -0.7136943 -1.3370515
1.0707443 -0.0729435 -0.0536639
0.3199986 0.3716133 -0.8099845
1.1364007 0.2933570 0.3968872
1.1461879 -0.4480092 -1.5670605
1.9266376 0.7552026 -2.9007947
0.9994246 -0.3127073 0.0913085
0.1606112 0.0839062 -1.0892770
-0.0191522 0.1603267 -1.3297336
-0.1784191 0.4994831 -1.2467902
-0.1315171 -1.0434846 -2.8763463
0.4953520 -0.3369427 -0.7109063
1.4470575 0.0646724 0.9294150
0.9417398 -0.5178365 0.4910311
0.1141227 -0.7247290 0.0040190
0.8726340 0.4428290 -1.0953906
0.7384961 -1.6992642 0.1779324
0.0876120 -0.5191800 -0.1247399
-1.5390338 0.7290444 -2.6569521
0.2319793 -0.6590776 0.4303589
1.0019528 0.8275667 -0.8774400
-0.2726275 -0.6880095 -2.7910681
0.7298609 -1.5028715 0.3612695
0.3005174 0.4176575 -0.9294554
1.2251505 -0.3165033 -1.1063247
0.6864940 -0.1190380 -0.5256153
0.9799453 0.1463279 1.1292902
0.2566464 -0.8212399 -1.4747381
0.7083260 0.6041407 0.0509895
0.0928924 -0.5439808 -2.0165026
0.6821749 -0.4690184 -0.3491426
1.0682477 -0.2710311 -0.5144833
1.3849030 -0.3070874 1.2292589
0.7088252 -1.4639622 0.3979958
0.7980863 -0.1664909 0.7008649
1.2962632 0.5300854 -0.8469561
-0.0738689 0.4630010 -1.0263729
0.3002159 -0.1637711 -0.9660113
0.9103591 -0.5382575 -1.0369852
-0.6179011 0.4387287 -1.9580321
0.7232668 0.1805319 -0.8180871
1.2031571 -0.0197417 0.0371180
0.7608595 -0.6621639 -1.1985370
0.7259058 -0.0053628 1.1539361
0.5569000 -0.5661452 -1.7535148
-0.0058387 -0.6709394 -2.3773975
-1.6072791 0.6500162 -2.6572356
1.3852119 0.2679263 -1.8026352
0.5845887 -0.5279596 0.0849916
-0.0080591 -0.9289404 -1.5159882
0.9969851 0.5350617 0.0992398
1.0116662 0.0321793 -0.1763840
1.2249640 -0.1345742 -0.9030088
0.5557878 -0.0094516 -0.6957549
0.6637094 -0.4066512 -1.2809278
0.6940411 0.1601191 -0.8491933
0.8558996 0.5608612 0.5418531
0.7348030 -0.4632003 0.8629799
0.0464474 0.2848638 -1.0425438
0.8791546 -0.2997260 0.3007822
0.9229199 0.7855679 -1.3858554
1.2838242 0.5175326 -2.3449562
0.3238376 -0.0851209 -0.8374892
-0.0512710 -0.9946219 -2.9590378
1.2765363 0.5821255 -2.1875074
0.8711559 -0.2060646 0.8238394
0.8648993 -0.0606467 -0.4520067
0.6999170 0.3494173 1.3755629
-1.4416935 0.5886086 -2.7518544
0.6916392 0.8198720 -0.3945924
0.4264979 0.1814132 -0.5880319
1.2183362 -0.3114217 -1.1870763
0.2676396 -1.1139934 -1.4894630
0.9243185 -0.6425313 0.3938436
0.7182777 1.0380868 1.6746258
0.9587306 0.3706532 0.1330693
1.6680201 0.4564655 -1.4835646
1.2736489 0.2297396 0.3690645
0.5807590 0.3527208 0.5864487
0.6467311 -0.4731434 -0.3813448
0.6687094 1.9309274 2.0405874
0.7607334 0.8161973 -0.3697986
1.2008256 0.0219991 -0.8632776
0.0595507 0.4251746 -1.0636884
0.2882289 -0.0628420 -0.2014449
-0.0859354 -0.7758483 -1.6054968
0.3742613 -0.3124491 -0.1983592
0.3577828 -0.0767977 -0.5752957
0.4960197 0.5734496 0.2264089
0.5222448 -0.2610270 -1.2410939
0.0784877 -0.5252845 -0.1302469
1.0541657 -0.2478788 1.0658668
-1.0039470 0.3360045 -2.5571518
0.7365667 0.9288290 -0.2206440
0.8408319 -0.3737673 0.3381707
1.2944602 0.6141148 -2.3053126
0.3824453 -0.3284285 -0.2242739
0.4849779 -0.8292658 -1.2020621
0.6240391 0.6397765 0.4028214
0.2448415 0.4436224 -0.9782688
0.7495864 -1.7684147 0.2410080
1.0796292 0.3792309 -0.6643954
0.5111146 -0.7033795 -0.9608908
1.1156809 0.3117351 0.4588841
0.6871807 0.5871281 0.0877511
0.7031963 0.0832104 -0.8811250
0.3528573 0.0871589 -0.1659241
0.7269031 0.2242623 1.1945871
0.8625000 0.3465096 0.6483670
1.4475992 0.6526483 -2.2792568
-0.2128801 -0.9844010 -2.9566667
0.6345889 0.2920236 -0.2684642
1.0633252 0.7156312 0.5632325
0.8971833 -0.4522174 -1.1551394
0.5416453 -0.5854270 0.1259724
0.6647912 0.5704554 0.2059083
1.1175824 -0.0172835 0.2927848
0.1881063 -0.7123976 -1.2973013
-0.1541837 0.2057949 -1.5389827
-1.3677311 0.5515588 -2.7344277
0.1754053 -0.4847702 -2.2592559
0.5586401 0.1283904 -0.6604630
0.2403592 -0.7621064 -1.2383784
0.9474270 0.6870793 -1.1948719
0.6836274 0.3559394 1.3298985
0.6501506 -0.9881976 0.6352521
1.2409329 -0.1533921 -1.0598321
0.6403376 0.8111060 -0.1035398
0.8233936 -0.4979400 0.4100585
-0.0819000 -0.7749961 -2.9598622
0.3495020 -0.0218909 -0.7348653
0.4096993 0.0986838 -0.4608235
0.7395400 0.6032837 -0.2127787
0.7259354 0.3667543 -1.0144241
0.1246695 -0.8201838 -1.4063730
1.4382511 0.6841431 -2.4273775
0.6513818 0.4580964 0.7085658
1.4745809 0.4963666 -2.3714721
0.3496063 -1.1271478 -1.6405003
0.9337888 0.1528219 -0.3296089
0.1948832 -0.7115985 -0.0835016
0.8934511 -0.5352311 -0.6739990
0.9952608 -0.2688719 -0.9899971
1.3372055 0.2397266 -1.5130984
1.4460782 0.4220972 -1.9517512
0.0900548 -0.6878726 -0.1565833
0.0057694 -0.5074418 -1.4738662
0.5461843 0.4906052 0.4117900
-1.8151948 0.7865184 -2.6903310
1.5389582 0.0267344 1.0141237
1.4263467 0.0126200 1.2189867
1.2612933 0.1011253 0.4658002
1.1176628 -0.4444049 -1.1415068
0.8026900 0.4755379 -0.9619520
0.3985196 -0.7138391 0.0097785
-0.1681089 -0.9485036 -2.9866021
0.3643192 0.0881397 -0.1970823
0.1834704 -0.5968360 -1.6968877
-0.4156531 0.2187435 -1.9396703
0.1634757 -1.0111260 -1.4282410
0.7444247 -1.6697090 0.2801437
0.1891988 -1.0581094 -1.4418261
0.8360623 0.6494832 0.6694102
1.3342713 -0.3799029 1.2874122
0.5926936 0.2871464 -0.0300224
-0.1261257 -0.5026705 -0.1014679
0.8022107 -0.5499156 -0.6963235
0.6231964 0.2159837 0.8562383
1.2165267 -0.2299205 1.0496532
0.7271269 1.7307159 1.9581327
0.6495934 0.2981098 -0.8113253
1.1571608 -0.0498644 -0.9629352
1.0313301 -0.3643831 -0.7919884
0.4418345 -0.7867789 -1.1650493
0.1705499 -0.2703232 -1.2483969
1.3214710 0.5089258 -1.6336569
0.9456913 -0.4316478 -0.5193374
0.3905739 -0.0005548 -0.8897134
1.1959040 0.2551330 1.0252408
-0.1007579 -0.8920315 -1.7107606
0.7497014 -0.6479339 0.7695851
0.1586126 -0.3093621 -1.2174392
0.9559970 -0.1404332 1.2428153
1.1366546 -0.0616819 0.3326088
0.1658357 -0.2115208 -1.8433872
-2.2570975 0.9938170 -2.7878437
0.6470793 0.5700537 -0.0263919
1.2361414 0.4199834 -0.9589174
0.2585243 -0.2382326 -1.0355175
1.1396813 0.0759408 0.4759457
0.7142633 -0.5378304 0.2644200
0.8568827 -0.7132185 -0.9262220
0.9391274 0.4986148 -0.1624684
1.4933718 0.5664429 -2.4189892
0.6816080 -0.4461077 -0.3001302
0.6791508 -1.8531840 0.2534266
0.7350200 -0.2224207 1.0123645
0.7397660 -1.3617333 0.4155462
0.6406152 -0.3610109 -0.2797986
0.4744170 -0.5133461 -1.6248560
0.3379171 -0.1429904 -0.5864829
0.5675765 0.2248749 -0.3735684
0.9564129 0.3362466 -0.9158134
1.0167048 -0.0634803 -0.3561164
0.2743141 0.1904810 -1.3309666
0.2891576 0.2691573 -0.6689429
0.1392796 0.4215445 -1.4898664
0.8923166 -0.4281033 -1.1027277
1.4959782 0.1111759 -1.2498136
0.5169171 -0.2799503 -0.5519922
0.3795774 0.0294645 -0.7568341
1.4003431 0.3069417 -1.8525124
0.9678767 -0.6664988 0.7226095
1.2922543 -0.2933940 1.4691828
1.0166843 0.0106600 -1.1439433
0.6914032 -1.4011937 0.3624186
1.7956944 0.7543865 -2.9599719
1.3471442 0.3948988 -2.0140193
-2.1343486 0.8629468 -2.7920225
-0.0332388 -0.9864118 -1.5857469
0.5051248 -0.7291645 0.2669780
1.0308648 -0.0808277 0.3228637
1.3026876 0.2733199 -1.6180935
0.0711022 -0.5932455 -2.1060812
0.6398130 0.1055041 -0.5253811
1.5768185 0.7503701 -2.7918084
0.4298875 -0.6398702 -1.0337754
0.4946523 -0.3928286 -0.7566770
0.3573379 -0.1948213 -0.9825798
1.0114235 -0.1531810 -0.0444424
-2.3393710 1.0695478 -2.5424888
0.4599388 0.0189132 -0.7455326
0.7097568 -0.3979807 -0.0260828
0.4582271 0.1790372 -0.1202919
1.0912108 -0.1580149 -0.5447652
1.3265967 0.4634852 -1.3145529
0.7360609 -0.3926657 -0.2071761
0.2234980 -0.7325990 -1.4932907
0.0729285 -0.5037035 -1.2884566
1.4691925 0.4562491 -2.3023832
0.7238404 -0.8561991 -1.3834972
1.1512338 0.1489453 0.0770333
0.3225364 -1.0758184 -1.5377907
0.8705857 0.4322475 -1.0120745
0.8901450 0.6914939 -0.1518553
-0.0245715 -0.6752787 -2.5816946
1.2091041 0.4141037 -1.9189978
0.1660348 -0.4044417 -2.1564007
1.4614961 0.5260033 -0.9696200
0.6903599 -0.9711857 -1.8620255
0.5951734 0.5215986 0.8745568
-0.2598160 -0.8912297 -2.9190280
0.7928751 -0.7088970 -1.2573301
1.3076394 0.5602183 -1.6317676
1.0261668 0.8026739 -1.0643365
0.5657644 -1.0023674 -1.6152459
1.4470966 0.3579478 -0.9007971
0.4107331 0.1963109 0.0905110
0.8517632 -0.5155868 0.2013677
1.1704937 -0.0220716 1.2126950
0.7233493 0.6425433 0.0766430
1.1724221 -0.3133765 -0.9948903
0.8638563 0.5361802 0.5135657
1.4558678 0.5843225 -1.0645237
-1.1823636 0.5428650 -2.6517763
-0.5320989 0.4681937 -2.1447043
1.2900244 0.0513707 0.1306454
1.3516690 0.1251579 0.9970016
-2.2253177 1.2158320 -2.5644457
1.0356625 -0.1353941 1.3307902
1.4190025 0.5058275 -1.0101026
0.2281799 0.3384050 -0.7536824
0.6741559 -1.2224990 0.3582257
0.5935403 -0.3893524 -0.3588647
0.7769932 0.7323119 -0.1537810
0.1426128 0.1356632 -1.3162115
0.5455027 0.1615218 -0.4044273
1.9012307 0.6509840 -2.9584239
-2.1682894 0.8480033 -2.5939360
0.5208825 0.2096854 -0.4006374
0.6041204 0.2447133 0.8599737
1.4647179 -0.3070858 1.0491765
0.3643897 -0.8466586 -1.3807002
0.4799489 -0.4413703 -0.5366355
0.8943127 0.4961375 -0.9318658
0.9579543 0.4547240 -0.9984515
0.6711059 0.3567109 -0.9520224
1.7291138 0.8378170 -2.9849842
0.6909798 0.7356026 1.5657014
0.3294949 -0.5860980 -1.0403603
1.1726280 -0.3447615 0.9922410
0.1661519 -0.6001524 -1.7426822
0.6819383 0.3481858 1.3180474
0.9744114 0.1949833 -0.2961799
0.8932272 -0.2361288 0.3165875
0.5706943 -1.4065713 0.3339027
0.2359572 -0.3304977 -1.1860580
0.7656036 -0.4878891 0.1802513
0.6732730 -0.3971118 0.9771563
0.0542114 -0.6107510 -1.3413078
1.2721632 0.7611359 -1.1448766
0.0882963 0.3006229 -0.9822326
0.3657529 0.0305840 -0.7794439
1.0907196 -0.2208665 0.7513416
1.0858253 -0.2992464 -0.7995906
0.7185215 -0.0282381 -0.8876188
1.5098106 0.0240327 0.6141407
1.3115268 0.4230433 -2.2703891
-0.1818034 0.4777549 -1.2241689
-0.0644268 -0.4907096 -2.3588939
0.5197276 -0.0575217 -0.5249810
0.3411578 0.3888180 -1.2858346
0.3140511 -0.1307168 0.6705899
0.4601495 -0.3827811 -0.4735360
1.0549403 0.5363469 0.2459761
0.8751212 -0.3953345 -0.3726135
0.2329317 -0.7582913 -1.7028767
0.7458153 -0.3650962 -0.2325325
0.4134810 -0.7123531 -1.7962518
0.6849705 2.1995223 2.1863136
1.0708964 -0.5464072 0.1543405
0.6204026 0.7274094 -0.2931553
0.6925195 -0.4191612 -0.3549779
1.5007607 0.2938332 -1.7317287
0.0700708 -0.2480985 -1.9788151
0.2957767 -1.0004131 -1.4302231
0.7624556 0.9114988 -0.1285605
0.9494081 0.7861405 -0.4527088
1.4652377 0.1275213 0.8672879
1.2006006 -0.4428027 1.1138414
-0.4370371 0.4870429 -1.6546736
1.0264107 0.6806590 -0.3586039
-0.1221478 -0.3325779 -1.9385958
1.2682432 -0.0816136 0.1348562
1.2680638 -0.5116662 1.3152841
0.5554254 -0.3830577 -0.1169545
1.6083237 0.2020571 1.1500480
1.2471994 0.0133136 -1.1266520
-1.1578238 0.3583603 -2.5041218
1.1369442 0.1605234 0.9366190
0.7105711 -0.7833781 -1.1524733
1.1506944 0.1954515 -0.6015968
0.6858881 1.2851993 1.8393481
1.2959661 0.5424216 -1.6308037
-1.1592426 0.3887941 -2.6298513
-2.2242324 1.2214710 -2.5758965
0.8886762 0.8168073 -0.9186881
0.0245191 -0.9026044 -1.6069688
0.8157012 0.2898801 -0.2860241
-2.2958636 1.2718852 -2.5802608
1.2293726 0.0998895 1.5778899
0.9555502 -0.1961191 -0.1763831
1.3107256 0.0531997 -0.7248756
-2.4698222 1.2297165 -2.5790071
0.3408820 0.0104699 -0.8690943
1.0791564 0.1323262 1.8768991
0.8125423 -0.3633783 -0.9083073
1.4587013 0.0450168 1.2585349
1.2662739 0.2338296 0.3742678
1.0065435 -0.0589246 0.6446390
1.2703763 0.1850395 0.9592186
-1.9162637 0.8591712 -2.8539929
1.5751907 0.2191192 -1.0907738
1.2026845 -0.0265704 -0.5833319
-0.0078719 -0.6486394 -0.2723323
1.1436182 0.4519463 -0.6936010
1.0955808 -0.5278149 -1.4537357
0.9272342 0.6388375 -1.2215401
0.7276166 1.4662732 1.8351991
-0.1765915 -0.7817145 -1.7553235
0.0959496 0.5196054 -1.2991505
0.6864115 0.4642414 1.4004941
1.2136323 0.1983391 1.0184642
0.9793975 -0.5118856 -1.0593035
1.0001446 -0.5381423 -1.4106189
0.0142312 -0.5342151 -2.5284250
1.4002215 0.0775243 -1.3287225
0.7295936 1.8367651 2.0559351
0.8619007 -0.7213141 -1.0095294
0.5392044 0.8781220 -0.1174159
1.1276704 0.6918877 -1.1592760
1.0349779 0.6123302 -1.0928539
0.2674673 -1.1367288 -1.5222399
0.3450876 -0.8912564 0.2504675
0.5520982 0.2825073 -0.2210489
1.5136968 0.1726276 -1.0494094
1.0534692 0.2680162 0.1420670
1.3223958 -0.0389801 1.1099154
1.4384062 0.0643707 -1.1712419
0.9323603 -0.4454580 -0.8196211
1.1547303 0.1076564 1.0956879
0.3883240 -0.6019043 -0.9706057
1.3106652 0.2051918 1.0254542
1.0775249 -0.5654286 -1.4941193
0.8850927 -0.0094711 -1.0474573
0.1432691 -0.3937148 0.3260702
1.3380475 0.1379779 -0.8852488
0.6835647 -0.6895574 0.9203539
0.1425139 -0.9558408 -1.4010400
-1.8825312 0.8438804 -2.6082003
0.8620567 0.5319934 -1.0011313
1.0339043 -0.0128888 -1.1262565
0.4195905 -0.7669424 -1.1054041
1.0213821 0.4689561 -1.1483527
1.2526377 0.2187756 0.8510984
0.8106634 0.6979592 -0.1951039
1.3789771 0.1944063 -1.5624963
1.0460401 -0.1717992 0.1264221
1.2775317 0.0720040 1.0065219
0.9991272 0.1643959 0.9709958
1.1012754 0.5620291 0.1747120
0.7026243 0.1661789 -0.8196993
0.3294026 -0.4972461 -1.6012616
0.7212682 1.1665001 1.6537699
-2.1040590 1.2965590 -2.7561812
1.2407721 0.3804734 -2.0290742
-2.1756365 1.0516520 -2.8379927
1.1988740 -0.3964759 -1.1829389
-0.0655772 -0.7629589 -1.6742821
0.3835069 -1.1671047 -1.6109653
0.5094847 0.3058299 0.3397470
1.2325137 0.1982577 1.0612261
0.7497442 -0.4045649 -0.8943073
0.6356950 -0.5265452 -1.5456234
0.8280234 -0.2863003 0.3315652
0.1335443 -0.3498116 -1.4362535
0.5389097 -0.5502691 -1.6651855
1.1604831 -0.0976240 -0.6321411
0.4668930 -0.5357105 -1.6304876
0.1831753 -0.7694312 -1.2178804
1.3804108 0.7969907 -2.7995734
0.6246048 -0.5122721 0.0313030
0.5606873 -0.5202479 -0.7807317
1.4484788 0.3506917 -0.9211309
-2.5514648 1.1642947 -2.6529377
1.0247124 -0.4418638 0.0772952
0.6625713 0.3864616 0.5878031
0.7468917 0.8159944 0.5067456
0.7214190 0.5247355 1.3842658
0.7380320 0.0623563 1.0296528
0.7192811 -1.0012896 0.6504769
-0.0358472 -0.5278058 -1.5549958
1.3166963 -0.2806831 0.7070350
0.3731804 0.0841034 0.5283610
1.2974776 0.5657839 -0.8695356
0.8869667 0.8101369 -0.1304574
0.4110368 -0.3765827 -0.0993202
0.5292909 0.4090359 0.3371190
0.4081502 -0.0906219 -1.4318626
1.4246081 0.0373771 1.3619241
-0.0830565 -0.9078041 -1.7171160
-0.0139862 0.5222983 -1.3162242
1.0081652 0.1731273 -0.1741325
0.2114522 0.2010121 -0.8475124
1.3310753 0.2420306 -0.7363586
0.7172231 -1.2730730 0.4251984
1.3154132 -0.2932326 -1.5199542
0.4324184 -0.7393866 -0.9812948
0.3833605 -0.6873688 0.1344491
1.4688920 0.0991959 1.3035871
0.6096110 0.4059401 0.5466624
1.3278115 0.2791204 1.2770119
0.8535821 -0.3654795 -0.5937643
0.9846381 -0.1699764 0.2437291
0.6809259 2.1490514 2.2356834
-2.1065958 0.9709900 -2.4945860
0.7964491 0.4083651 -0.7491836
0.2830472 -0.2353652 -0.9503280
0.3879967 -0.7376606 0.1999631
-0.1103004 0.5108535 -1.7287663
0.6195309 0.0984762 0.7982545
1.0788494 -0.1307463 -0.6276933
0.6313640 -0.8579464 -1.3943619
0.5806054 -0.9837356 -1.5805275
1.4354727 0.6640745 -2.3330395
0.7771211 -0.3358961 -0.3516141
1.0887239 -0.2586624 0.7934901
1.3099945 -0.2034704 1.0148948
0.5823951 -0.9376659 -1.4908915
0.4414264 -0.4216557 -1.3907766
0.2072906 -0.7540554 -1.7619914
0.2129796 0.4551403 -1.3883141
0.1829572 -0.6969324 -0.0045632
1.2722305 0.2286340 1.1024412
0.3323788 0.2179428 -0.6995342
0.2079237 -0.6184723 -2.0240221
0.8829460 -0.3973665 -1.0461379
0.1598476 -0.3850747 -1.2896574
0.6613219 -0.1127927 1.0439372
0.2802418 -0.4754746 -0.9778079
-0.0196154 0.4313399 -1.1089687
0.6535884 -1.2092053 0.3336156
0.7954347 0.9330338 0.7306889
0.5560352 0.2441659 -1.0754057
0.5662397 -0.6089481 0.3414848
1.2287229 -0.2971703 -1.1450400
-0.6352056 0.2750387 -2.0038636
0.6695468 -0.5560773 0.7779125
0.7086402 -0.4944916 -1.2051902
0.3486971 -0.2128774 -0.7843656
0.4656584 -0.0283651 -0.7832624
1.5061749 0.1395584 -1.4157633
0.9910389 0.7264365 -0.4387090
0.1581616 -0.1513544 -1.7393792
0.3367127 -0.5825338 -1.9423726
0.1127155 -0.4493610 0.3453826
0.7204540 0.4883653 1.3115664
0.6532145 -0.4329966 -0.3049185
0.5034029 0.2440588 0.2862371
1.2277138 0.3438658 -0.9178230
0.6527295 -1.7918861 0.2422073
1.1110996 -0.2757521 1.5782808
1.4752699 0.5461794 -1.5744029
1.4497652 -0.3758690 1.1472434
0.1349069 -0.8385407 -1.3904006
0.9951536 0.7757270 -1.2111866
-0.8445186 0.3641814 -2.1956360
-0.0274995 -0.6795126 -2.6533780
1.0224862 0.7596569 -0.5651872
-0.1921086 -0.7692729 -2.8127978
0.7413495 -0.8469889 0.5696809
0.6260879 -0.9566599 -1.4023231
0.6907077 1.4172821 1.9259661
0.8621439 -0.7155811 -0.9123487
0.7622425 -0.7311807 -1.3713528
-0.0007640 -0.6790284 -2.4348180
1.0108570 -0.1577408 0.4982581
0.5237434 -0.9593570 -1.5297108
0.1812270 -0.5980681 -2.1931939
0.4177979 -1.0589663 -1.5934443
1.4138303 0.5664796 -1.3878373
1.6910322 0.2902847 -1.2999202
0.8259395 -0.6701290 -1.2876204
0.6669190 0.9368998 0.0736137
-0.1906562 -0.7360906 -2.6914008
0.9389170 -0.3905670 0.0564976
0.4951491 -0.9665257 -1.6636252
0.3657878 -0.3916771 -1.2459396
0.9231604 -0.4751109 0.5214186
0.6430986 0.5872801 0.2893843
0.9088286 -0.3406711 -0.4526585
0.9841858 0.7611578 -0.4416254
0.1192994 -0.2333868 -1.8160617
0.5487218 -0.8827796 -1.1989404
-0.4008812 0.3706149 -1.6625136
0.9804532 -0.4147288 0.4814172
1.0230702 0.7271465 0.2073910
1.2838074 -0.2997786 0.8210804
-0.0558162 0.1806472 -1.4108435
0.8119230 -0.3439483 -0.8707820
0.7260793 -0.9891882 0.5851982
0.9449217 0.5689915 -0.9800740
1.7516783 -0.1614088 0.5519319
0.2914483 -0.5029216 -1.9475433
0.6134126 0.6990666 -0.1784751
0.8125014 -0.4074072 -0.9764797
-0.7372604 0.3058669 -2.1013947
0.0840874 -0.6905913 -1.4377409
0.7040753 0.4089820 0.4533803
0.8795789 0.1550115 0.9790985
-1.2495036 0.5599602 -2.4631422
0.6700987 0.1240780 -0.8203520
0.9994462 0.7682121 -0.9938536
0.6283892 -0.3458139 -1.2828867
0.2496606 -1.1917670 -1.6475255
0.4993629 0.2370212 -0.5337247
-0.0568343 -0.3806196 -1.8378859
1.3332566 -0.1576657 0.5838063
1.1213286 0.3561381 -1.1607579
0.8490887 -0.3086223 0.4191158
0.8859271 -0.5638849 -0.7493787
0.4169694 -0.0033363 -1.1093665
0.2042504 -0.7912951 -0.0170112
0.6341345 0.4983920 0.4134512
0.6943141 0.7358816 -0.2098814
1.6587969 0.7912872 -2.8581531
1.2320846 0.0876474 0.7595539
-1.7328955 0.9188217 -2.7495668
0.1706452 -0.4919394 0.1992761
0.6553392 -0.6433836 0.8190773
0.3087419 -0.1396021 -1.8171244
0.8726560 0.3295628 -1.1374370
1.0194350 -0.6088050 0.3557414
0.1531548 -0.6405955 0.3758063
1.4913284 -0.2546751 0.8022637
0.1336260 0.0909382 -1.1457196
0.1580596 -0.3361747 -1.3896484
1.4174930 0.2536155 0.3370736
1.1671482 0.1856274 0.1792656
1.0810999 0.3332242 -0.9623432
0.4999220 0.4575891 0.2968267
1.4295986 -0.2387755 0.9132385
0.8927999 -0.4119612 0.3403816
1.0334276 0.0267627 -0.6904809
1.3278422 0.5248349 -1.6504692
0.2778039 0.0260394 0.4514984
0.9114915 0.7401191 0.4519252
0.2856605 -0.2829713 -1.1052356
0.8746533 0.1585937 -0.3987330
1.2018263 -0.4142849 0.8508512
1.5870095 0.0325309 0.7198880
0.1952558 -0.4733251 -2.0760713
0.3396615 -0.0751672 -0.7744058
0.6656293 -0.5293884 0.7966059
0.4380907 -0.3463164 -0.5929509
0.6777387 1.9819779 2.1808171
-0.0406613 -1.0174206 -1.6170784
-0.0922967 -1.0287385 -2.9442761
1.3433057 0.2524684 -1.6125591
-0.0546427 -0.4897070 -1.7135073
0.7190368 0.7422344 1.5096518
0.5167037 0.0118315 -0.8801851
0.7345208 -0.1983023 1.0295283
0.8756945 0.4915107 -1.1178523
0.5934858 0.1534579 -0.4363704
0.0162199 -0.7393003 -0.0746254
1.1722605 -0.3582912 1.1082796
0.5753793 -0.6273903 -0.9020480
1.0369012 0.2774185 -0.5753083
1.3027853 0.0509780 -0.7319424
0.7340776 -1.3012915 0.4281794
0.7791245 -0.7310995 -1.2288748
0.4932998 0.2729655 -0.5464821
0.1557011 -0.7298512 0.0257170
0.4789060 -0.9655112 -1.4691834
0.7322970 -0.8313583 0.8914034
0.2368411 -0.3408860 0.1170244
0.7147874 0.7102216 0.4319224
0.9349991 0.7358648 0.0522895
0.7660925 -0.1571144 0.8671616
1.1471645 0.7056972 -1.1871063
1.3207957 0.6311624 -2.4441841
-0.8528673 0.2969834 -2.4691682
1.3169001 0.6364173 -2.3382924
1.0167742 -0.4043431 -1.2355425
0.2536205 0.4714776 -1.0515107
0.2512717 -0.2089082 0.2823777
1.2106353 -0.4592771 -1.5252625
0.7445902 -0.6179099 -0.9963041
0.7871569 -0.6277095 -0.8270250
1.0156000 0.5720281 -1.2047443
1.2468715 0.0049721 -1.0966095
1.4901346 0.0242665 0.5701379
0.9469938 -0.3035010 -0.5936483
1.0952842 -0.2532344 -1.0930750
0.1196460 -0.1501625 -1.9929069
-1.9459883 0.7583185 -2.7245514
1.8232001 -0.1241548 0.5221438
1.4042671 0.2038207 0.4855483
1.4533695 0.5759044 -2.5943394
0.8253580 0.6954901 0.0101000
1.2334419 0.5274869 -2.2080092
1.2812430 0.4186793 -1.0720458
-0.0535147 -0.6528649 -2.4263835
0.6216688 0.1654608 -0.5933188
0.6038124 -0.3037503 0.7014709
0.8539817 0.6721114 0.1208373
0.6858904 -0.9473835 0.7590101
0.4997636 0.3198097 0.2421710
1.3951352 0.5858206 -1.5722824
0.0256446 -0.3777318 -2.1299138
0.5302306 0.2999493 0.5021783
0.6323707 -0.9499504 0.6062025
0.6322466 0.1095840 0.8220898
1.1404867 -0.4885111 1.1837357
0.1819929 -1.1699162 -1.5818387
1.0569912 0.4218304 0.1535378
1.0785803 -0.0433352 1.3890220
1.3092513 -0.3647826 1.3313987
0.1928650 -0.5912186 0.0844061
1.1233752 0.3544461 0.5465750
-2.2926250 1.0496989 -2.7609794
1.3956343 0.1446330 -0.9359177
0.7090735 1.5724986 2.0018651
0.7095628 -0.0599002 -0.5033807
0.9544343 -0.5696284 -1.4563483
0.2448655 -0.0724842 0.0144800
0.9280888 0.7338363 -1.1091763
-0.0209390 -0.6223724 -1.4526507
0.0834135 -0.5756106 -1.3991441
0.4028897 -0.0007207 -0.9319757
0.0762015 -0.2355046 -1.5308182
0.8900411 -0.1137530 -0.9301090
0.9741502 0.3995536 0.0998724
0.8113369 -0.3004761 -0.3277024
0.0109421 0.5018561 -1.2641788
1.2790614 0.4308650 -1.7383708
0.7821389 0.8207141 -0.2535934
0.9203975 0.6934384 0.4842710
0.2071685 -0.0911591 -2.0765700
1.4040433 0.5325553 -1.4947584
0.8346121 0.7335178 -1.3240927
0.3616225 -0.2622100 0.7184036
0.9074474 0.0309081 -0.4443943
1.2961634 -0.0775240 1.2223605
0.3180542 0.1080269 0.2237612
0.7696105 -0.7124644 -1.1598071
0.5312340 0.2204593 -0.4278640
1.4951512 0.0797535 0.8222957
0.4165173 0.0022671 -0.7019187
0.0577619 -0.4212960 -2.3358846
-0.1765837 0.2671655 -1.8132211
1.1381059 0.0606427 0.2284587
-0.1114850 -0.5024787 -0.0769712
-2.1663380 0.8965572 -2.5559289
1.1845466 0.4127821 -0.9361846
0.3622192 0.0557114 0.5553437
0.5695537 0.4998114 0.8690389
0.8557179 0.3897410 -0.0032552
1.0087115 -0.3068736 -1.0632328
1.1876309 -0.2771900 0.8281916
0.7066587 -0.3528651 -0.4012592
0.6120560 -1.3181061 0.3093787
0.4572421 -0.0301555 -0.4581607
0.7078757 -0.5383813 0.6403393
1.6274590 -0.0048013 0.6166931
0.7371645 0.2855947 -0.2777916
0.8171653 -0.0827364 -0.5473118
1.2264212 -0.0691351 1.2879605
0.0898649 -1.0563812 -1.5338540
0.7014127 -0.0078234 1.0373962
-1.1020792 0.4869442 -2.3674488
1.5852696 -0.2041413 0.7700394
0.7458888 0.6955363 0.4028882
1.0341698 0.5114307 0.5605914
-0.0937494 -0.5691890 -2.9101095
0.1551625 -0.2499114 -1.4938887
0.7154936 0.2611028 -1.0145795
0.2151364 -0.7773898 0.1555706
0.9197902 -0.1868571 -0.0368975
1.4896129 0.1082904 0.8537046
0.3240445 -0.2865377 0.6448658
0.1489234 -0.5704418 0.1086991
-0.4629937 0.2407455 -2.0899487
0.7173719 2.0200672 2.0607030
0.7857742 0.3319474 -0.5863728
1.5452108 0.1685619 -1.0801364
0.6577048 0.5249036 0.4036497
0.6417303 -0.2630957 -1.1973042
0.2160164 -0.7616594 -1.7562439
0.1574265 -0.6247762 -1.6890647
0.7248309 0.4159624 0.0272043
1.0180103 -0.3030375 1.9716302
0.5391250 0.6431145 0.1613956
-0.0067700 -0.9484865 -2.9385614
1.1390607 0.0746714 -0.0408791
0.1438601 -0.5989072 -0.1321020
0.1711652 -0.1543745 -2.1601994
-0.9592408 0.4711380 -2.3891387
0.2836595 0.2692131 -0.7401694
0.3417760 -0.3928714 0.0563785
0.1310038 -0.5957448 0.3876501
0.5247260 -0.5305830 -0.0230542
0.5642099 -0.6734287 0.2406021
0.6713430 0.4497537 1.3087660
1.0065227 -0.4981307 0.3448018
1.0236448 0.1493092 1.0577375
1.4016391 -0.1409604 1.0699999
0.8052084 -0.1007287 1.0950873
0.5671707 0.2874910 -0.5613569
0.9044150 -0.2088876 1.0402554
-0.1512060 -0.5978715 -2.5434864
0.2815107 -0.0957364 -1.4858880
1.3670255 -0.0099163 0.2515408
-0.0508659 -0.6216955 -1.5845084
0.5991537 0.0170724 -0.7513901
0.6776209 -0.2854819 0.8983316
0.7341568 -0.5539905 -0.6239920
1.5226401 -0.2099933 1.1266519
-0.0737527 -1.1459105 -2.9450572
0.8514943 0.6234456 -0.4940161
1.3612260 0.5204431 -1.9348950
0.5999011 0.2754478 -0.2798383
0.6633313 -0.9203787 0.5487285
0.1080714 -0.7605579 0.0781081
1.2635818 -0.1062371 0.0588610
0.2930515 -0.6849750 0.1897236
1.0699000 0.6578094 0.4078434
1.4263734 0.7001588 -1.0888921
0.9929553 -0.5032897 0.2980269
1.3060812 0.7087727 -2.6238809
0.0818399 0.5179699 -1.4776486
0.5579019 0.3326602 -0.7402928
0.8178539 -0.4055508 -0.3116431
0.1854336 -0.2019947 -1.2576324
1.2370446 0.0773689 1.0251535
0.3372568 -0.6911538 0.4095781
0.2955112 0.0553240 -0.8550018
1.6878833 -0.0688303 0.7207361
-2.2865734 0.9209586 -2.6193776
1.0049415 -0.1414797 0.7284191
0.8605283 -0.5662163 -0.6670954
0.6203585 0.7272567 -0.1734232
-1.4015812 0.6576922 -2.6340497
1.3909706 -0.2211556 0.9415864
0.6944931 -0.3835420 -0.2193129
0.7140411 -1.2336690 0.5200582
0.6105281 0.1289180 -0.5166624
-1.9634497 0.8993989 -2.8774066
0.7395111 0.8782832 0.6509445
0.8746074 0.8599383 -0.8943231
0.5161541 -1.1600866 0.3214268
1.3641924 0.1991457 1.2885951
0.5645029 0.5902809 0.2909954
1.1831607 0.3542933 -0.8748021
1.3263752 0.7335605 -1.0555193
0.0443129 -0.2458397 -1.5953513
0.7027071 0.4428791 0.4047920
0.1771952 -0.2086428 -1.7946393
0.7300014 -0.0844933 1.0225258
0.0522361 -0.6765084 -1.3663880
0.1797122 -0.9117829 0.2965389
0.7221969 1.6670310 2.0026681
0.9283867 -0.5554283 -1.0742499
0.9996756 -0.5602187 0.1252177
0.4752868 -0.3748480 -0.1951679
0.5046742 0.3368759 -0.7330329
-0.0203407 -0.3565047 -1.6186951
1.3352623 0.5932729 -2.7472658
1.3245635 -0.1922936 -1.1425104
1.1052424 -0.3868260 1.1434360
-0.0255842 0.5267162 -1.6024748
0.5929870 -0.4095743 -0.1474079
0.7405874 -0.4955905 0.1385884
1.0737090 -0.1929924 0.2100766
0.7730038 -0.5817151 0.1673373
1.2671831 0.0237540 0.0312181
-0.8938968 0.3929542 -2.5250535
0.7210597 -1.4189783 0.3609711
1.2883800 0.3726663 -2.0596135
1.1017444 -0.5043136 -1.3753672
0.6931149 -0.4237205 -0.4667737
1.5454623 0.5224438 -1.1018937
1.5292735 -0.1994381 1.1220181
0.6512449 -0.9227151 -1.6060278
-0.0562445 -0.4768368 -2.3179257
1.5338714 0.7025670 -2.7373319
0.7797611 0.6860095 -0.2568381
-1.3733637 0.5247394 -2.5626519
0.4142511 -0.3587392 -0.5361400
-0.3333136 0.3567888 -1.5671066
-0.2888421 0.3596422 -1.5077038
0.7197656 0.8504275 0.6321664
0.3575158 0.0520659 0.5517821
0.7160657 -0.4650573 -0.2888669
0.1651789 0.4351509 -1.0125192
1.1131161 -0.0069687 1.2089674
0.4022430 -0.1117537 -1.2750453
1.2721467 0.4111014 -2.1730623
0.8379473 0.8217995 -0.5911788
0.4392095 -0.7226245 0.1828382
0.0083578 -0.7835832 -2.8598897
0.6579667 -0.1283126 -0.4730551
1.0195026 0.3045655 -1.0987999
1.1939241 0.0667622 -0.7443586
0.6864083 -0.4007690 -0.3923174
0.3081148 -0.2251394 -0.0222147
0.6685918 1.4002057 1.7971460
0.8103345 0.6984375 -0.1961936
0.9106326 -0.4671282 -1.2161626
1.4476565 0.7345407 -2.5580690
0.9726222 -0.2695934 0.9515142
-0.1979441 0.5354252 -1.6002003
0.3271398 -0.1048928 -1.7998277
0.8397202 0.2912939 -1.2455463
0.7440736 -0.3476671 -0.2712411
1.2050645 0.4556583 -2.0598590
0.5619558 -0.4558338 -1.4931136
1.5627118 0.6002598 -2.9272978
1.1654859 0.0916850 1.6075269
0.8168936 0.6616900 -0.2693570
1.4300882 0.3533010 -0.8469131
0.1467657 -0.7592220 -1.2627462
0.8611830 -0.1282797 1.1330383
0.6787089 0.7920492 -0.1287399
0.1857034 -1.0716704 -1.5485116
-0.0551132 -0.5751370 -0.0263432
1.3251481 0.2483359 -0.7128106
0.5228931 0.2572117 -0.0124143
0.6451335 -0.5919638 0.8025923
1.4073085 0.6546651 -1.0552022
1.2042853 0.0896765 0.2443011
0.8178318 -0.4789300 -0.4983817
0.6855705 -0.4275399 -0.1696697
1.7587063 0.7464663 -2.9686332
0.9212607 -0.2299700 0.3852112
0.7734604 0.2376071 0.7937270
1.5327054 -0.0079548 1.1574613
0.4513884 0.2819548 -0.5431874
0.5384454 0.2399978 -0.5834367
1.0408556 -0.3591628 1.9938360
0.8740250 0.2885039 0.7217255
0.4987971 -0.0458477 -0.8951384
-0.4933678 0.4654686 -1.8768667
0.3955894 -0.8551728 0.0121432
0.8464229 -0.0920050 1.1446522
0.1438230 -0.5078443 -2.3523612
0.6224491 0.0479379 0.8236526
1.4496922 0.4873217 -1.1950254
0.6139743 -0.5402188 0.4804883
0.8368149 -0.1830057 1.2029351
1.4130028 -0.4199587 1.2641686
1.3218193 -0.2842571 -1.3827761
-0.0490477 -0.9792020 -1.6422285
1.5501791 0.3173206 -1.6343378
0.5430406 -0.3861004 -1.3925872
0.6552943 0.2272489 -0.9570839
0.4671371 -0.9450587 -1.5364583
0.6790266 -0.4430486 0.0114358
0.3389434 -0.4605648 -1.2592348
0.3844980 -0.5098238 -1.0175596
1.0841643 0.3201667 0.4293564
1.3148900 -0.2804738 0.7059982
0.2992220 -0.6168711 -1.3643870
1.3262591 0.1420080 1.0984980
-0.1134859 0.5344920 -1.4563179
1.2570945 -0.0143733 0.0138057
0.6863437 0.6291894 0.8178812
0.7010900 -0.8534372 -1.5497915
0.9439054 0.0310786 -1.1118786
1.2183620 0.7438081 -1.0002898
0.3478442 0.3190783 -0.6648479
0.7224697 -1.4012636 0.3706181
0.5691485 -1.0531719 -1.7830676
0.1837756 -0.4809858 0.5131921
1.0952942 0.3125424 -1.2090223
0.1488066 0.3358881 -0.8231295
0.4739584 -0.8864127 -1.3413227
0.8382729 -0.3948331 -0.3151937
1.5209650 -0.0154291 1.1019539
0.1346698 -0.9917545 -2.9209020
0.9495455 -0.5683379 -1.4406717
1.1315467 -0.2677127 1.6278850
-0.0354854 0.1677314 -1.3271574
-2.2903156 0.9222112 -2.6404939
0.7122993 2.1546006 2.2817318
0.6278996 0.3529119 -0.7152835
1.3462003 -0.3103783 1.2931063
0.0843522 0.3845162 -1.5534940
-0.1025734 -0.5753451 -2.9509490
0.7548811 -0.4929501 -0.5532809
0.3823862 -0.2931889 -0.8522753
0.4629054 -0.0226789 -0.6106271
0.4090110 0.1432418 -0.1696887
0.4533686 0.1024672 -1.1242923
0.5078642 0.1768982 0.7300797
0.7732547 -0.8681760 0.6157791
0.4821793 -0.5381860 -1.6581793
1.3379587 0.1028555 0.1713722
1.1894200 -0.3624807 -1.3579245
0.7529459 -0.6360825 0.7011365
0.3890601 -0.6327741 -0.9091536
1.0014086 -0.5070628 -1.0887564
1.2710873 0.2086062 -0.6741997
1.1052892 0.0414988 -0.7726097
-0.2476304 -0.8651261 -2.9734056
1.2762910 0.5270581 -1.0102377
0.8271294 0.4439450 -0.6846088
1.5517422 0.1814299 -1.4657136
-1.0969362 0.5009835 -2.4579301
0.7320872 -0.5350943 0.7929119
0.5931913 0.8690385 -0.1477881
-0.0118390 0.4313044 -1.1080929
0.5703984 0.2675859 -0.3411107
1.0861901 0.0978254 -0.7320107
1.0198528 -0.3447703 0.1116367
0.3013434 -0.1493924 -1.2343329
1.6621983 0.7142563 -2.8427913
0.6908448 -1.6938977 0.1722602
0.3569098 -0.3565662 -1.0120616
1.3588878 0.4659725 -0.9911220
0.6425858 -1.2482169 0.5562847
1.8283856 0.6754898 -2.9262831
-0.5489256 0.4456388 -2.2042968
0.9914682 -0.4332320 -0.8532621
-1.9841323 1.2133673 -2.7266452
1.4881560 0.1668753 -0.8749944
0.1985351 -0.4237107 -2.0626760
0.8417282 -0.5359695 0.3756777
1.4907162 -0.0059581 0.9770942
1.3867480 0.0956501 0.3041083
0.9185339 0.6935324 -0.6631150
1.1349760 0.3178005 0.5446942
0.3068849 0.2614442 -1.3424069
1.8310541 0.7451574 -2.9664373
0.6443461 0.4739355 0.4289946
0.9409828 -0.3353963 0.3789598
0.5562932 -1.3802457 0.3928943
-2.2358475 0.9913461 -2.5307577
0.9175562 0.0554958 -0.4271887
0.2166640 -0.7285801 -1.4659129
1.2466065 0.1849586 -0.6405651
-0.1568487 -0.7124296 -1.7553806
0.0848516 -0.5800820 0.0717715
0.4123017 -0.2925904 -0.3795701
0.2436054 0.4325402 -1.3692362
1.1825212 -0.2445857 -1.1941203
-0.0123684 -0.7787201 -2.9807308
1.4150541 0.4081946 -0.8624499
-0.1208703 -0.5530622 -1.7974539
0.4312867 0.1817462 -0.1769899
1.4639806 -0.2517049 1.2417113
-0.4722096 0.4901546 -2.0036366
0.4450908 -0.9865265 -1.2950550
0.7445160 -0.5179728 0.1183281
0.1398558 -0.4459005 -1.1708478
0.9728182 0.4537553 -1.1585195
1.0222521 0.7396560 -1.0358225
-1.9298134 0.9254413 -2.8905537
0.9920005 -0.3770145 0.2969351
0.9084300 -0.3124243 0.3806496
-1.4547397 0.5220922 -2.6948061
0.8022799 -0.2040572 0.5448369
0.6065573 0.1428931 0.7385474
0.4681829 -1.3108476 0.2512673
0.9138617 -0.2350394 0.0740810
1.2286142 0.1019587 0.7827367
1.1796206 0.0735254 0.0630036
0.7465472 -0.5732410 0.6555026
1.5538650 0.6973929 -2.9505796
0.2536002 -0.5785781 0.4839901
1.1556920 -0.0687868 0.2204153
1.5264895 0.1498970 -1.4173018
1.1771983 0.5571538 0.2991939
-0.5451930 0.3129525 -2.2474363
0.6957755 -0.4295097 -0.2818929
0.9892495 -0.2832214 0.1977108
1.5478576 -0.0020660 0.9605734
0.4445859 -0.4516890 -0.8718885
1.7196184 -0.1633183 0.5310441
0.9973700 -0.2514202 -0.4619617
0.2750772 -0.8479540 0.2142283
-2.0392954 1.1140893 -2.8673697
0.9766442 0.1605351 0.6344011
1.0346792 0.0107465 0.7096841
1.4574146 0.5322438 -1.3554748
-1.8862591 1.0638794 -2.8773613
1.1462106 0.2395424 0.1823192
0.5511078 0.0811381 -0.6361784
0.4698551 -0.3693369 -0.5896641
0.5902620 -0.1653616 -1.1114551
0.6706302 -1.8796293 0.2024149
0.8372856 -0.3984599 -0.9894830
-0.3324746 0.3716928 -2.0399044
0.4446311 -0.0140779 0.6838325
0.3824913 -0.6266770 0.1252814
1.0391320 0.4643851 -1.0999162
0.2796121 -0.6921654 -1.3798485
0.6825004 1.0358407 1.6905866
0.5257100 0.1814922 -0.4006597
0.1496275 -0.9437981 -1.4827392
0.2951131 0.0673196 0.0090326
0.6788108 -0.8143166 0.5416405
0.9777410 -0.0407795 0.6813529
-1.5598358 0.5979297 -2.7239997
-0.1727483 -1.0535595 -2.9776168
1.4475936 0.1066897 -1.3902431
0.2326857 -0.6941683 -1.1205350
0.8786153 0.8460776 -0.3232876
0.6402000 -0.3607119 -0.2554378
0.7508494 -0.7744829 0.6852590
0.4579343 -0.1223008 -0.8519568
1.1531494 -0.2079651 -0.8439955
1.2321489 -0.0206542 -1.0233119
1.4703989 0.0613701 1.1355430
0.8155655 0.9274582 0.7550604
1.0864480 0.2203129 0.1449253
0.8639971 -0.2285286 -0.0615270
0.4537481 -0.5080106 -1.8085239
0.2745664 -0.1805560 0.2154807
0.1256960 0.3991222 -1.5067492
-2.0192759 1.0509262 -2.5382261
1.0349126 0.1450880 1.0718082
1.0789022 -0.1605454 -0.4562532
0.0795234 0.4259001 -1.5559632
-1.6379199 0.6510622 -2.6831932
0.7828876 0.3070583 -1.0584385
0.5223836 -0.0541489 -0.9261194
1.2539166 0.0110765 -0.9430318
-0.1093042 -0.5632817 -1.5491478
1.1591100 0.1188190 0.5912247
0.4201654 -0.4525568 -1.7390984
1.3270166 -0.2842479 0.9406040
0.8473243 0.3500590 -0.1487978
-1.9398055 1.0586971 -2.5393209
0.6807604 0.8390063 -0.2499780
1.0978938 0.6786823 -0.8840657
0.0318719 -0.5091866 0.0428633
0.5205564 0.0194472 -0.9076802
-0.0251596 -0.6360692 -2.2548409
0.2678263 -0.3942027 -0.9625347
0.3236767 -0.7823163 0.2567295
1.2010550 -0.0127095 -0.9101572
1.5434968 0.5532389 -1.0940970
1.1315900 0.5823969 -1.2968086
1.4718832 0.5090243 -1.0542132
0.5304244 -0.6890746 -0.9551046
0.2539617 -0.5823006 -1.0507923
1.0773687 0.2085022 -1.2211891
0.5089819 0.4675164 0.2472382
0.4237848 -0.5282077 -1.5289221
0.6777185 -0.4366525 -0.6486632
0.4776155 -0.6854029 0.4570653
0.7020354 -0.5064360 -0.8058499
1.1142908 0.3506179 -1.1678413
0.2712274 0.0532919 -0.9015176
0.5669997 -1.3998708 0.3152935
-2.3033006 1.1646837 -2.5285487
0.2921983 0.0647817 0.0164980
0.3966765 -1.1026373 0.1320662
1.0197369 0.4142793 0.5822783
-0.1146127 0.5474829 -1.5871751
0.6407500 -1.7942368 0.2323264
0.7126768 0.1974265 -0.8982457
0.6363732 -0.9231936 -1.5010673
1.0810971 -0.4510549 1.1266594
1.1223899 0.1507969 1.1813489
1.1376407 -0.0000965 -1.1573319
0.2478819 -0.2230210 -1.0933105
1.4846886 0.0030317 0.9656004
-0.8455377 0.3417570 -2.4936922
-0.0352937 -0.4837372 -2.2054102
1.2447063 -0.0697439 1.3198638
0.7137981 1.1851597 1.7763647
0.3918973 -0.9868162 -1.4103918
0.9161613 -0.3350238 -0.6033453
1.2667831 -0.3583779 -1.3880953
1.2557783 0.2958975 0.1786420
0.9806661 0.1508958 0.6264330
1.8009006 0.5981477 -2.9618361
-0.2335923 0.3772010 -1.4059464
1.2294557 -0.3986024 1.0346575
1.1106209 0.0074730 0.3420256
0.6374702 0.9397185 0.1206989
0.0038338 -0.3760230 -1.7013537
1.0039734 0.1670758 0.9544695
1.3881278 0.1067635 -1.6009463
1.0021240 0.8412042 -1.1276654
-0.0333622 -0.9530319 -2.8475447
0.1266066 -0.5731109 -0.0934931
1.3168247 0.1198635 1.3273660
0.8696095 -0.3824892 0.3430208
0.5050976 -1.0006802 -1.5787252
0.6652548 0.2003205 0.7681228
-1.9614029 1.0187809 -2.8999109
0.3230985 0.1215056 -0.7497017
0.5466652 0.1257510 -0.4141375
0.1614925 -1.1009452 -1.5950575
0.3615547 -1.1538650 0.2674141
0.8247998 0.4217680 -0.6296558
-0.0742357 -0.6984222 -1.5505258
0.3212694 -0.9004165 0.2444451
0.1036377 -0.2443047 -1.7033150
0.3876283 -0.6685221 0.0595070
0.8605567 0.8179216 -0.1091796
0.1197025 -1.0097779 -1.5643966
-0.2148274 0.2358198 -1.5138074
0.5506116 0.0190198 -0.6025544
1.5687872 -0.2248457 0.6453092
0.9283485 -0.1854258 0.5343485
0.7810360 0.5378059 0.3558599
-2.2154772 0.8767861 -2.6187553
-2.1312988 1.1778288 -2.8842130
0.8135711 0.3746392 -1.1728472
-0.1727978 -0.7812189 -2.8162024
1.1645864 -0.3958037 -1.1429447
0.0916705 -0.4440467 -1.9601777
1.6481712 -0.1880848 0.6456552
0.8769096 -0.0705105 -0.9842219
0.4596224 -0.4513937 -0.1063724
0.7551475 -0.1274961 -0.4964259
0.4635076 0.1017446 -0.5389844
0.4611745 -0.4496265 -0.0321657
1.2948370 -0.3023309 1.0248929
-1.2815479 0.5877406 -2.6869206
-1.9732107 1.1675798 -2.5860300
0.7039170 1.0625354 1.7456615
1.5532042 0.4764287 -1.6856507
-0.0042558 0.4543270 -1.0224497
0.1714728 -1.1047612 -1.5963296
0.2217508 0.2541567 -0.8035396
0.7964100 -0.4202350 -0.6827417
0.6248548 -0.6046402 -0.8842455
1.0144800 0.4542271 -0.9711372
0.4503861 -0.8559353 -1.2758174
0.7072434 1.9502777 2.2419496
1.3753190 0.2551587 1.2737782
0.9421341 -0.3879322 0.0529530
0.3462799 -0.4677741 -0.8423912
0.9419340 -0.4189025 0.3144195
1.5438359 0.4248424 -1.0659474
1.3575739 0.1346564 1.3783478
0.8225040 -0.5837743 -1.0536935
1.4638448 -0.2553209 1.1519163
0.4404006 -0.0476338 0.6915572
0.2714198 0.0239807 0.0557192
-2.5227580 1.1497560 -2.6569335
-2.0548618 1.1995558 -2.8278027
1.2824553 0.0852430 0.1185274
0.7730477 0.5530317 0.5896118
1.1143851 0.1971009 -0.4909668
0.7797002 -0.4209045 -0.0880838
0.3105458 -0.6629506 -1.5221508
1.1486634 0.6829463 -1.0994810
-0.0524040 -0.4484490 -1.5668863
0.6772580 0.9595847 1.6180356
0.7392930 -1.7690643 0.1214650
0.4830184 -0.5177518 -1.6292188
0.5583022 0.4441812 0.7703441
1.0637772 0.0106635 -0.4490815
1.1735954 0.1595554 -1.3290191
1.0284235 -0.0640646 -0.0649445
0.5191849 -0.7749844 -1.0375081
0.3539183 -0.1284521 -1.6221262
0.4230597 0.1951989 0.1391007
1.3906689 0.3568641 -0.8733459
-0.0064670 -0.9873251 -1.5312128
0.4781502 -0.7002655 0.2497735
0.7345844 0.0377015 1.1089443
0.1198255 -0.3493806 -1.4717982
0.9487070 0.4611534 0.4779603
1.4411327 0.1501525 -0.9879843
1.0066676 -0.3090096 -0.5170383
-0.1226560 -0.3357989 -1.9145949
0.7066637 0.2008888 -1.0436376
0.7429475 0.1730267 -0.4884538
0.6675386 1.8798547 2.0611739
0.5230725 -0.3371769 -1.3410004
0.7339500 0.6860688 0.3307939
-0.6681085 0.2565702 -2.0557327
1.4256657 0.8659297 -2.9232981
1.7155406 -0.1383207 0.4822059
0.3901943 -0.4939127 0.6164143
1.2119199 -0.3597763 0.9265833
0.2161571 -0.2757080 0.4741026
0.3095842 -0.4389163 -1.0342946
1.2084693 0.3351461 -0.6920008
1.0343500 -0.3663136 1.9550333
-0.7409427 0.4519916 -2.2098796
1.1000723 -0.4860803 -1.3168805
0.2203755 0.1050765 -1.2318740
0.3267264 -0.6072317 -1.4587082
-0.0417654 -0.7030872 -0.1164035
1.3257514 0.1870321 -0.7188645
0.6447831 0.5494919 0.3115237
0.8053732 0.3137771 -0.2061777
1.1743499 0.0397611 0.5140827
0.1695747 -0.6905221 -1.7796351
1.0696033 0.0736332 1.2489665
0.6415862 0.2313846 -0.3925332
1.5159922 -0.0477037 1.2501600
0.4674197 -0.8397803 -1.1127667
1.4651623 0.1026618 0.8970932
1.3005404 0.6343816 -0.9504025
1.0112107 -0.2764200 0.8805273
0.1564039 -0.6734796 -1.8639984
0.7046024 -1.1489002 0.4882634
-0.1741497 -0.8585394 -2.8566988
1.1746383 -0.3497474 0.9934358
0.9589550 0.7214354 -0.7328356
1.0285311 0.8671228 -0.4584927
0.3817573 -0.3135337 -0.8510883
0.9446558 -0.4988891 0.4385432
1.6715090 0.2814376 -1.5175526
0.5375384 -0.4471316 0.6522537
0.9175985 -0.0303771 1.2038440
0.5736005 0.5095136 0.8696207
1.1664395 -0.4334762 -1.5739518
0.7154332 -0.8214534 0.7827863
1.5870457 0.2048956 -1.1456171
-0.4651071 0.4375314 -2.1359222
0.6705145 -1.6020187 0.3202489
0.8466257 0.6644520 0.7454966
1.1359240 -0.1528561 1.1917716
0.4137107 -0.2356540 -0.7954798
-0.0038776 -0.4032082 -2.2649376
0.7254089 0.9762821 1.5967246
0.4081177 -0.9481836 -1.3509210
-2.2037706 0.9011288 -2.8465774
1.3346330 -0.2666703 0.8434871
0.9143990 -0.2271966 -0.8419122
0.8268094 0.7757472 -0.7273403
-2.1770394 0.8004741 -2.7033694
0.8902634 0.6050369 -0.2393159
-0.9377002 0.3680264 -2.2934465
1.0557508 -0.0446961 0.6919883
0.4718259 -0.3579295 -0.3727586
0.6613626 -0.5464334 0.6451144
1.4734721 -0.2452533 0.6871874
0.6846905 0.7202233 0.5289023
-0.2805038 0.2377626 -1.8661455
1.4029802 -0.2326898 1.3684827
0.1982136 -0.4458939 -1.1956576
0.4774309 -0.7992043 -1.0593097
0.7378975 -0.6031002 0.8687740
0.4686068 0.1025172 -1.1148888
-2.2686071 1.0815271 -2.5217969
0.5610158 0.2390241 -0.3430324
0.8026453 -0.5634289 -0.9385283
1.0028770 -0.3855850 -0.7709632
-0.0432945 -0.6530097 -2.7509241
0.6720030 1.7516404 2.0549681
0.6535166 -0.6023994 0.6498161
0.5561904 -0.6576254 0.1672936
0.7954547 0.8733314 0.5198763
1.1413033 -0.0867640 0.1287667
0.7299678 -0.2233297 0.9509034
-0.0056703 0.2734255 -1.1413823
-0.4618176 0.2909721 -2.1518798
1.1110427 -0.3781433 -1.3072706
0.4607187 -0.9639573 0.1109659
0.3068058 -1.0066504 0.2895691
-0.1087175 -0.5323030 -1.8000288
0.6027605 -0.3818236 -1.3440391
0.6883582 -0.3800118 1.0140312
0.6616104 -0.9917024 -1.5347027
0.3074739 -0.5667588 -0.0163135
0.3547662 -1.0057412 0.2968957
0.8577839 0.6623508 0.2726034
0.0225767 -0.3907717 -1.6483806
1.4164674 0.1360742 -1.4707352
0.3549137 -0.2334804 -0.4960376
-0.0612315 -0.8392842 -2.8616757
0.9868613 -0.4163948 -0.8216212
-0.0194621 0.4835439 -1.2031167
-0.5647455 0.4880252 -1.7907951
0.9394590 0.3003351 -0.1203101
0.7124533 0.0373189 -0.8887171
-1.5251267 0.5614214 -2.6550376
0.9610161 0.4289833 0.4812535
1.2407628 0.4956079 -1.5215862
1.7431202 -0.1457940 0.6350301
0.3357958 -0.0242472 -0.3376686
1.0622449 0.1912369 1.9772173
0.3511104 -0.0513044 -0.6982471
1.1798654 0.4565104 -1.0216827
0.0484600 0.5186647 -1.5204179
1.5077140 0.1138820 -1.1684058
1.0473795 -0.1182150 -0.4602980
-1.6141753 0.7745501 -2.7586339
0.4778041 -0.7647443 -1.7338628
1.2094889 0.4174304 -0.7484092
0.5468751 0.4395384 0.1814465
0.6391514 0.5749214 0.2845444
0.9559911 -0.4305187 0.3580509
0.3250042 -0.1362096 -1.2541218
0.2604674 -0.6941324 -1.1916107
0.9219401 0.3206227 0.5694628
1.1921265 0.2613593 1.0370593
1.0615339 0.3054018 0.1528340
1.0547198 0.0836764 0.4081598
0.7970992 -0.4173840 -0.5768989
0.3145225 -0.3200537 -0.9909803
0.5647309 0.3259504 -0.7326999
0.6848753 -1.2236832 0.3868284
1.3631860 0.7248434 -2.5872087
0.4396444 -1.1222607 -1.5946168
0.6300053 -1.0666000 -1.7429992
0.5565366 -0.0096549 -0.7485107
0.8306361 -0.5051659 -1.1755476
1.5552951 0.8997970 -2.8936529
0.8152736 -0.3963293 -0.3173820
0.9180005 0.2182388 0.7203462
0.4402083 0.0342468 -0.3602722
0.1624313 -1.0998096 -1.5933051
1.5721025 0.2944477 -1.0819724
0.2862507 -0.3938376 0.5907019
1.0378560 -0.1082539 -0.8088573
0.6362656 0.7503133 0.5774851
0.4930156 -0.1155793 0.7275683
0.2892454 -1.1872032 -1.5973027
0.1508798 -0.6402447 -1.7464503
0.7201290 -1.3081834 0.5129961
0.6340593 -0.3804189 -1.3044493
0.7019414 -1.6375306 0.2215058
0.8841820 0.3233753 0.5309265
0.8982717 0.5112649 -1.1159810
0.9938807 0.2933423 -0.1206154
1.2144064 -0.3067337 -1.0509248
1.0414919 0.2761996 -0.5765193
0.4906223 -0.5410895 -1.6443169
0.9196279 0.7717875 -0.8942032
0.4208281 -0.7057202 -0.9535096
0.5272508 -0.5481704 -1.6778064
1.2939510 0.2107448 -1.4570203
1.0238940 0.1464858 -0.4585378
0.2689245 -0.4781145 0.1283924
-0.0815744 0.3784334 -1.7564332
0.5055344 0.1744209 -0.3872411
0.1263154 0.1043365 -1.2253864
1.7765536 0.5985757 -2.9522583
1.1664499 -0.1396741 0.1889629
0.4868286 -0.2100103 -0.6487904
0.3252226 -0.9751808 0.2150768
0.3066957 -0.6518267 -1.4680339
1.1702919 0.5649254 -0.7586635
-0.1467851 -0.4069875 -2.7194796
0.8546404 0.2683133 -0.5413880
-0.3739331 0.5065160 -1.8615522
-0.2000145 0.5116537 -1.4210410
1.4882129 0.8748487 -2.8378463
1.2167653 0.3845699 -1.0262377
0.0152894 -0.9638152 -1.4848554
0.8507773 -0.6318348 -1.4285562
0.1531757 -0.4631065 -2.3053262
1.0736206 -0.0301215 1.4117728
0.4656997 -1.0268611 -1.5940411
1.4138955 -0.2949448 1.2338417
0.9105502 0.4122592 -1.2071093
1.0548669 0.1896099 -0.4818482
0.3580759 -0.7352861 -1.1109389
0.2999568 -0.0770027 -1.1111861
0.6540519 -0.7444351 0.8045890
0.6803856 0.3813632 1.2508816
0.9848048 -0.0065053 0.6855883
1.5479013 0.1520394 -1.3581082
0.4678656 0.3109993 0.6625636
0.7928819 -0.0544914 -0.5393999
0.5723308 -0.3845693 0.7132640
0.7072308 -0.1146329 0.9951020
1.1955378 -0.3703797 0.9403796
0.7079536 0.6737067 0.3656221
0.7401264 -0.3166097 0.9039489
0.0271688 -0.4145308 -2.0782824
1.5147872 0.6335078 -1.1000857
0.6745983 -1.6239022 0.2460488
0.7656791 0.9255419 0.0324894
0.8061528 -0.0796181 -0.5451118
0.6235580 -1.7811817 0.1768421
0.4491735 -0.7591964 -1.1218972
0.2514366 0.1217560 -1.2437036
1.1977751 0.5816795 0.3628639
-0.0115849 -0.5038032 -2.1342974
0.1462196 -0.3252310 -1.2242302
1.1687474 -0.4381184 -1.3880260
0.6799406 0.0377692 -0.7276329
0.3418175 -0.0201935 -0.7811621
1.7761818 0.6960880 -2.9370105
-2.1638687 0.8698268 -2.7900681
1.0131025 0.0006756 -0.0929903
0.1809697 -0.7152247 -1.7902887
0.1075909 -1.0778998 -1.6209148
0.4989614 -0.4562290 -1.6251378
0.8578448 -0.5500320 0.1465500
0.9941166 0.4792470 -1.2815965
1.4627196 -0.3560764 1.1783967
0.4534100 -0.5403003 0.0617614
0.7198317 -1.2709751 0.4883659
0.1110480 -0.4421571 -2.3388565
0.3354054 -0.1132064 -0.5426164
0.9518835 0.6793138 -0.1972832
0.7645959 0.9075913 -0.2064774
0.2918113 -0.7554121 -1.1777682
1.0408652 0.7773760 0.2141914
1.3398423 0.1786123 1.5160540
0.6621231 -1.8676972 0.2283278
0.7189663 1.6073848 1.9633995
0.1260554 -0.7234372 -1.2795126
-2.0247307 1.2140080 -2.6167405
0.7753447 -0.5742743 -0.9375853
1.2996737 0.0464318 0.1383568
1.1083637 -0.2857131 1.7858512
0.5587091 -0.3600233 -0.1887494
-2.1097982 1.1195499 -2.5278294
-0.2089564 0.5347482 -1.6169841
0.6125774 -1.0013138 -1.7724698
1.4302925 0.4235860 -2.0926771
0.4837756 -0.2032185 -0.5925822
1.0863602 0.1632266 0.9019030
1.1483936 -0.3876119 -1.3742394
1.0341285 0.0956194 -1.2130196
0.3514658 -0.2182656 -0.5896516
0.6733619 0.2070709 1.2375904
1.4981402 0.2468299 -1.6011257
0.5105389 0.3125101 0.7321479
0.4286275 -0.1968405 -1.0355418
0.7253177 -0.4350084 0.9467379
1.2445019 0.1896419 -0.6476088
-0.1713732 -1.0653909 -2.9125607
0.6134509 0.9559517 0.1335254
0.1820266 -0.4564684 -1.1173378
0.9120699 -0.1901332 0.5312427
0.5566439 0.2634272 -0.2844929
0.7306435 -1.2622523 0.4191611
1.0118628 0.1404891 -0.1429624
1.3513277 -0.0508643 0.1823520
1.0986868 -0.1693709 -0.6902536
-1.2479714 0.5891925 -2.6565356
0.7408457 -0.6505901 0.6434870
0.1798582 -0.9601315 -1.3745180
1.3673470 0.7084576 -2.5400634
0.4671941 -1.0423170 0.1497986
0.1835530 -0.6964607 -0.0776385
-0.0018384 -0.4873362 -2.1214902
0.2432723 -0.9042148 -0.0961163
0.1711825 -0.9799566 -1.4938604
0.7133473 -0.4071410 -0.8650130
1.2438366 -0.1891922 -0.9682867
0.9921188 -0.3215083 -0.6793901
0.2131053 0.5064756 -1.1718453
1.4479716 0.0992490 -1.0592567
0.8757464 -0.2872387 -0.1605227
0.6547731 -0.9007016 -1.5538678
1.2396199 0.0659819 1.5558887
0.7533526 -0.4868891 -0.4489242
-1.9765948 0.9170572 -2.8775880
1.4601631 -0.2467062 0.9911138
-1.5490799 0.6993775 -2.6298258
0.2404663 -0.1222240 0.1725494
-1.1595117 0.5606473 -2.5942183
1.2839411 0.3965885 -1.5335487
0.6638590 0.6763639 0.0775316
0.7348777 -1.0789523 0.5728962
1.4877501 0.0962550 0.9758014
0.7980906 -0.4531850 -0.7554873
0.9573292 -0.2127507 0.2821868
1.5196412 0.6417304 -2.9700060
1.0770866 -0.4006990 1.8491174
0.6775527 2.1532149 2.1541743
1.3585525 -0.2288321 -1.4927485
1.2630162 0.3634638 -1.7244301
0.3402260 -0.4999472 0.5967185
0.4725200 0.4480611 0.3738057
0.8764865 0.8248761 -1.3320403
0.3019285 -0.6464553 -1.2918547
0.7873827 0.7006454 -0.1461218
1.4799402 0.6626020 -1.0620875
0.3143068 -0.4518647 -1.0328652
0.2318323 -0.1889102 -1.4550616
0.0725336 0.1329313 -1.1123101
-2.0052090 1.2361747 -2.6909781
1.0941710 0.6700203 0.4603027
0.3679178 -0.5121185 -1.0561023
0.2046427 -0.2745537 -1.3291016
1.4252310 -0.0479814 0.5712692
1.3819542 -0.3104598 1.1920445
0.6714692 2.0330267 2.1366384
0.3496277 -0.0616711 -1.3673788
0.3158761 0.2482903 -0.7181441
1.3497335 0.7115767 -2.5712326
0.5500946 -0.6165757 0.0672841
0.6901918 -1.6041839 0.3316033
0.7259177 1.4591597 1.8013240
0.8941751 -0.5428540 -0.7116875
1.3298372 0.6170618 -2.1642504
0.5152321 0.3065293 0.1203241
1.6121441 0.6405403 -2.8353183
0.7017417 0.6012577 0.9849082
0.1855483 -0.6184047 -1.6376317
0.0712972 0.5045630 -1.5178697
0.8974992 -0.2483311 -0.2847228
1.0927083 -0.4827166 1.2295771
1.3371595 0.2388262 -1.7751952
0.0025287 -0.2351871 -1.7779915
1.1289027 0.5638111 -1.1061286
0.6636372 -0.8052223 0.8799615
0.9935956 -0.2639804 0.1418491
0.3554969 -0.0849444 -0.5774571
0.4934025 -0.3637887 -0.3588330
1.1105622 0.2126799 -0.5314567
0.6641780 -0.2313360 0.9571085
1.2405477 0.7050189 -2.7205522
0.2698354 -0.8938060 -1.2474743
-0.0276307 -0.2340218 -1.9401360
1.1415881 0.2200463 1.1408950
0.6758950 0.3308801 1.2873610
0.8448867 0.8354548 -1.1899794
0.4045680 -0.4063461 0.0132650
0.1982287 -0.7359516 0.0345429
0.5540411 -0.5152671 0.5358658
1.4157099 0.6405607 -2.1642652
1.2007581 -0.4132040 -1.4504054
0.4347261 -1.0913267 -1.5097698
0.2773782 -0.7489437 -0.0935660
1.6571223 0.3237073 -1.1776810
0.8837706 -0.5441122 0.3172639
1.2826252 0.7129438 -2.6606221
0.6901523 0.7465931 -0.2020077
0.3229825 0.2606928 -0.7171195
0.7846697 0.3147391 0.6743655
1.0638424 -0.3670892 1.8221095
-1.0833106 0.5069677 -2.4660516
0.7317471 -0.9406474 0.5432457
0.4696606 -0.1322227 -0.7596517
1.1322548 0.2944768 0.3725774
1.0101011 -0.1388269 -0.0651064
1.3099658 0.7723262 -1.1126530
1.1471772 0.1089912 0.5960987
0.6400538 -0.5154306 0.0114811
0.6742852 -1.8404145 0.1223005
1.2561156 -0.1712446 1.1127907
1.4138004 0.3322895 -1.8919172
1.5640297 -0.0156575 0.9178006
1.7398785 -0.1603695 0.6078584
0.5919542 -0.5352923 0.2359011
0.7184844 2.0842602 2.2083952
0.7260371 -0.1823475 0.7373291
0.3692490 -1.0029782 0.3250079
0.6884100 0.6604846 -0.0285326
1.3317739 0.1648199 -0.8739488
0.4486546 -1.1143620 -1.7329926
0.5162185 -0.9224924 -1.2248343
0.2075994 0.1887358 -0.8697236
-2.1141820 1.1809628 -2.8522079
1.2666262 0.3261706 -1.5279248
1.2915705 -0.0080753 0.6373031
0.7774212 -0.1714284 0.6343730
0.2652841 -0.7637912 -1.8097115
0.3268133 -0.2145117 -0.2751099
0.6630312 -0.7393768 -1.4335436
0.7797570 -0.0484203 -0.5368659
0.7052873 -0.6290593 -1.0750778
1.1008493 -0.0301910 0.6962235
0.4108746 0.1937905 -0.0450030
0.3590491 -0.2472830 -0.2991567
1.4009073 -0.2899761 1.2074745
0.3105386 -0.3834295 0.1018804
0.6318852 0.7501510 0.5688202
0.9121189 0.2700284 -0.0871329
1.5543741 0.0373619 0.6377896
1.8420314 0.5924527 -2.9794700
-0.1521044 0.3780817 -1.8460943
1.4924921 -0.2297358 1.0409584
0.9269895 -0.1465504 1.1495168
0.2899748 -1.0309476 -1.3703600
0.5648472 0.1665883 -0.3997401
0.5200652 -0.3239009 0.7620868
0.5339689 -1.0858999 -1.7814765
1.5695802 0.4683373 -1.7000660
-0.1270117 -0.4504429 -1.9395698
0.7992456 -0.1364200 1.0014747
1.4741775 0.5678027 -1.0126264
-0.0129288 -0.9543748 -1.5301318
1.1043410 0.1874245 1.8847042
0.5424477 0.4583778 0.1073720
0.3056916 -1.1873096 -1.5989760
0.2870359 -0.7353126 -1.5508410
1.1517503 0.4728209 0.2963645
-0.2339517 0.3085789 -1.4605410
0.4426845 0.1801910 -0.2914819
0.9139808 -0.2546141 -0.1643573
0.7465862 0.1706085 0.9095082
0.7331463 0.5404817 0.7751415
0.8854375 0.3726708 0.5027228
1.5614315 0.3735119 -1.7352539
0.3634051 -0.9421833 0.0445185
0.9821237 0.3434825 -0.9210368
0.7223420 1.5511868 1.9082075
1.1373106 -0.2833574 0.9637717
1.1152816 0.3843913 0.3655989
-1.4550776 0.6120548 -2.5881441
1.4678005 0.1911482 -1.5115300
0.1087270 -0.5268199 -1.2512939
0.8235677 0.3188001 -1.2332658
0.3139779 -0.5613030 0.5697544
1.1852237 0.4754587 -1.0382073
0.4670940 -0.0478934 -0.5040935
0.8060446 -0.4464615 -0.5121877
1.1872419 -0.4796832 -1.6430429
1.0999707 0.6094522 -1.3191884
0.2491053 -0.0207085 0.1552166
1.4181474 0.4075575 -2.1959562
1.2059343 -0.1292555 0.2371497
-1.6255115 0.7494357 -2.7735765
0.9244102 0.2458517 0.6976458
0.5214745 -0.4117543 -0.6826642
0.0396906 -1.0107751 -1.6034659
-1.1057159 0.3620864 -2.5983081
1.1638830 0.1626488 0.2934764
0.6707821 -0.9473687 -1.7431597
0.4864078 -1.0650769 -1.6934136
0.4091780 -0.1410104 -0.7905923
0.0603824 -0.5222403 -2.0470223
1.3474891 0.0308567 0.9773932
0.7907696 -0.0341105 1.1183032
1.0255367 0.8308461 -0.9557201
0.6657430 -0.3580625 -0.2438348
0.5522922 -0.6164820 0.4017212
0.2491401 0.0055810 0.3550996
-0.0573546 -0.7627929 -1.6642579
0.0824996 -0.2430465 -1.9264363
1.5011914 0.4753229 -1.0663406
1.5155430 0.6180403 -2.6423557
0.7684286 0.3827217 -0.6267617
0.8132972 -0.4015582 -0.4043683
1.1921356 -0.0418978 -1.0087889
1.2579157 0.2249125 -1.4139177
0.2520147 -0.1158350 0.2346528
1.3214946 0.1550366 1.4054375
0.4834220 0.0795755 -0.5256656
0.8064848 0.5012801 -1.0071806
0.8861640 0.6504775 -0.5455596
-2.0131819 1.0596490 -2.8892817
-2.6151831 1.2328007 -2.5788956
-0.6897148 0.4568776 -2.1570804
0.1518111 -0.5441897 -1.7706115
0.5296665 0.1104382 -0.4707028
0.4729223 -0.9001237 -1.1781653
-0.2542691 0.2319289 -1.8043249
1.4984163 0.6435490 -2.4026201
-0.0199238 -0.8311444 -2.8495295
1.0011342 0.4302982 0.5613979
-1.9764771 0.9269776 -2.8802066
-1.0823667 0.5274488 -2.5286198
0.5498579 0.0283194 -0.8252978
0.9348749 -0.2096360 -0.8341435
-2.1518688 0.8212398 -2.6270034
0.3293000 -0.5904908 -1.4117723
0.6474881 0.3504176 0.7942477
0.3474050 -0.3376516 0.0659420
0.8722909 0.5401787 -1.0150847
0.6447071 -0.0542917 -0.6916125
1.4469359 0.4250012 -1.0183769
1.0985836 -0.0700927 -0.0347700
0.7208731 0.4446775 1.3425599
0.5789541 -0.5370505 0.0485802
0.3828668 -0.1988143 -0.7157455
1.1684253 0.1758659 0.1712947
0.8124685 0.3753221 -1.1710792
1.0114878 -0.3820262 -1.1864151
0.6544784 -1.3168892 0.3674072
-1.6169086 0.6736702 -2.7626178
0.8807951 -0.2331962 -0.3069963
1.0373629 -0.4513639 0.0940666
-0.0003913 -0.4101098 -1.4998239
0.6370580 0.6533220 0.3392563
0.3875796 -0.2569311 -0.9396996
0.4181073 0.1703814 -1.2167624
1.1440718 -0.4407526 -1.1574832
1.2237089 0.2927347 1.1341647
-0.1478383 -0.6090337 -2.5443690
0.7105832 -0.6780822 0.6189060
1.6771853 -0.1638722 0.6060500
-0.0866030 -0.3961903 -1.7242886
0.6917711 1.5495205 2.0058956
0.8047662 -0.6225080 -1.2315494
0.7494956 0.3845450 -1.0840166
1.1366860 0.6851528 -0.9649809
0.7446954 0.1479035 0.9406651
0.4570285 -0.9270621 -1.7177243
0.8878405 -0.3162236 0.3661873
0.2092357 -0.2256926 -1.1999779
1.1078308 0.0611986 1.2639301
0.4379554 -0.5150636 -1.8051343
1.1857378 0.1989526 0.3461088
1.7391671 0.6787705 -2.8695021
-0.4299251 0.4140364 -2.1188734
1.2803160 0.1919644 1.0068927
1.4665295 0.4582536 -2.0966704
0.7303418 -0.5244935 0.6477371
0.8711368 0.5613519 0.4768680
0.3361807 0.0689752 -0.7680478
-0.0981555 -0.6390324 -1.6430236
1.1236235 -0.2989667 1.5771219
0.7043741 0.9624963 -0.1177514
0.8601220 0.7596743 -0.1642523
0.1785543 -0.1198772 -1.9603674
0.5450396 0.4158056 0.2614346
1.0230957 -0.1086432 -0.7914484
0.5772063 -0.9943521 -1.6013377
1.0729877 0.1686563 0.9541834
0.1093072 -0.3024153 -1.3736073
1.1540140 -0.1727383 0.1611719
0.7652946 0.8346315 0.6205723
0.7166303 -0.3540271 0.8589841
0.7013060 0.0286959 -0.7096372
0.8939433 -0.5565432 -0.6775831
0.5706578 -0.6959839 -0.9624518
0.7159138 -0.6281995 0.6069275
0.3222691 -0.8834814 0.2453382
0.5494361 -0.1010616 -1.0021216
0.7293065 -0.8196978 0.9191722
-0.4338180 0.5142106 -1.6169370
0.1746311 0.1033390 -1.2451435
1.1872416 0.1073256 0.1950587
-2.6188149 1.2871331 -2.5653474
1.2907169 -0.1395794 -1.0313945
-0.3771329 0.2206083 -1.8836175
0.2373766 -1.0820748 -1.5523604
0.6001866 -0.4714592 0.0861869
0.5514315 0.5483178 0.2813056
0.4117637 -0.2268107 -1.0623813
-0.1645931 -0.6109952 -1.6273955
1.3304513 -0.2380526 1.0997247
0.7037126 0.8751951 1.5022724
0.5628456 0.4625762 0.6710770
0.7087761 -0.5620097 -1.3386376
0.4751881 -1.0018593 0.2555114
0.6768754 0.5058812 1.3798630
0.1011735 -0.4040086 -1.4406840
0.9116057 -0.6547534 0.6969214
1.4422860 -0.3057983 1.0885303
0.7130581 1.7095246 1.9231662
0.4490070 -0.6564771 -1.7964491
-0.2438893 0.4035677 -1.9407887
1.3143286 0.4017860 -1.3813457
0.1066199 -0.8056845 -1.3230188
-0.2314683 0.2326600 -1.7807038
0.2732653 -0.1564935 -1.6510586
-0.1142604 0.5311785 -1.4177375
0.9455026 -0.6429554 0.3178606
0.3658958 -0.3099681 -1.0509520
0.2779061 0.0411051 0.4399363
-1.1585213 0.3586139 -2.5688806
0.1986739 0.1140533 -1.2569284
0.3976899 -0.5648293 0.0834841
0.6370524 0.1449180 -0.8265545
0.6113891 -0.8571811 -1.5330616
-0.4285981 0.4479008 -2.0951955
0.8517310 0.0143307 1.1820329
1.5236951 -0.2302253 1.1765163
1.3538164 0.5137143 -1.9247946
0.6534028 -0.8512262 0.7582944
0.6383407 0.3367741 -0.1307115
0.6521685 -0.6970627 -1.0084718
0.6789020 1.1001961 1.7058744
0.3169518 -0.9062238 0.0353252
1.8499467 0.7070416 -2.9040852
0.6289542 0.2840886 -0.8452089
1.0719714 0.6095003 -1.2707283
0.6536843 0.0372214 -0.7388318
0.6695325 -0.9855670 -1.5370413
0.8269373 -0.2863196 0.3572415
0.6145266 0.2978612 -0.5819432
0.4527192 0.5038220 0.5571232
1.7232234 0.9083185 -2.9488752
0.7866859 -0.9022873 0.6855487
0.2002057 -0.5017773 -2.1741614
1.8159454 -0.0237423 0.4779037
0.7406473 -0.0221481 1.0134420
0.8300562 0.5639763 0.4472928
1.2006449 -0.4165866 -1.5598713
0.7008570 -0.9485531 0.7530380
0.3830715 0.0011897 -0.8756694
0.3915445 -0.8778551 -1.4140878
-1.9444451 0.7921172 -2.6344650
1.0941187 0.1586159 1.6390350
0.4678320 0.0788378 0.7037724
-0.0805438 -0.5722095 -2.3128397
0.2852016 -0.0698234 -0.1227746
1.1324750 0.3947990 0.3268005
1.0935153 0.0564438 1.1687833
1.8196661 0.8288167 -2.9709454
-0.2826925 0.5013721 -1.8917453
1.2270974 0.0709973 0.1787306
0.9199870 0.1008516 -0.3813510
0.8799115 -0.6667430 -1.5591077
1.4505143 0.1912128 -1.5315716
1.0371168 -0.2051859 -0.6372428
0.1590536 -0.1321301 -2.1455712
1.2994860 0.2425881 -0.7078881
1.0049859 -0.3741612 0.2785060
0.5173764 0.1092498 0.7005050
1.2184153 0.1890078 1.0209521
0.1983714 -0.9157254 -1.3235140
0.8791916 0.3386452 0.5876973
0.6874908 2.2012091 2.3091955
0.1001542 0.3386219 -0.9572308
0.6819957 0.7379103 1.5253060
0.6445056 0.1497661 -0.7959918
0.6994520 0.6296816 0.9577886
1.2463849 0.1153232 0.5209730
0.4643275 -0.3219123 -1.2567216
-0.6436960 0.2112211 -2.1473746
0.9503059 0.2544180 0.0260725
0.9047621 -0.4049156 -0.7083931
0.1692989 -0.7258761 -1.6370385
0.7280878 0.0341107 1.1405408
-0.1890552 0.3614243 -1.8933334
1.2958299 0.4191143 -1.8840636
1.5518466 0.0978599 1.0536411
-2.3309007 1.1483157 -2.5333624
0.7551175 -0.2588992 0.6564481
-0.1535728 -0.5033285 -2.7741404
0.5206972 -0.4420708 -0.1353131
0.8466601 0.9479742 0.7679389
0.8499798 -0.3755947 -0.3684967
0.5688357 -0.6526668 0.3050256
0.8801824 -0.4775309 0.2456403
0.3165150 -0.4882693 -1.8701309
0.4659953 -0.6541274 0.1414687
1.2799282 -0.4117089 1.1439966
1.6770990 -0.0493138 0.7161985
-1.1327913 0.3721043 -2.6106265
0.7620633 -0.8274344 0.6993017
-1.2513404 0.3982294 -2.6042950
0.7747715 -0.1879194 -0.5690698
0.8553465 -0.1160110 -0.5188340
1.2611336 -0.0097262 0.6702787
0.1660916 -1.0584426 -1.5504838
1.6288924 0.2159110 -1.3855132
0.6185192 0.7938561 -0.0306694
1.3333467 0.1064100 -0.7386143
1.2667608 -0.2819529 0.7923164
1.8273509 0.6999808 -2.9279697
1.1319469 0.4770625 -0.7053610
1.4614798 0.4839906 -1.4708619
1.3650520 0.4506051 -1.3844383
0.3095155 -0.0800706 -1.3973682
0.9009563 0.3332650 -0.0961379
0.4928632 0.0824715 -1.0785235
0.1209824 -0.4822963 0.1964153
0.4515126 -0.2897808 -0.7757689
1.7720754 -0.0556575 0.6257094
1.1269132 -0.4759119 -1.5992943
0.6967224 -0.7165504 -1.2074486
0.1257505 -0.6364151 -1.7236099
0.9383821 0.2588573 0.5911263
1.4767765 0.4416465 -1.0427977
0.2762063 0.0286126 0.4165919
0.1098904 -0.2357015 -1.8680935
0.9957154 0.1261146 -0.3014465
1.2109001 -0.4569663 -1.5499324
0.3148648 -0.8479166 -1.1640457
0.1990993 -0.4953923 -1.8168069
-0.1988249 -0.5852916 -1.7125121
-0.0257835 -0.7437204 -0.0867349
-2.1374207 1.2617548 -2.6809945
0.9011735 0.2635891 -0.8260670
0.6623418 0.9814398 -0.1094068
1.0772066 -0.0622657 -0.8411021
0.6382090 0.0197466 -0.5649148
0.9125605 0.7647429 -0.8618889
1.3479217 0.4923810 -0.8736162
0.5381632 -0.6425883 0.0918668
1.1995096 0.2272640 0.1670631
0.8526531 -0.1773664 0.6481200
0.2939092 0.4931688 -1.1243646
1.4878232 0.5365463 -1.6525329
0.4864373 0.2639763 0.5922849
1.2327328 0.0609409 0.3327388
0.3759189 0.3013479 -0.7021523
1.4338732 0.0581644 0.4398254
1.2932854 -0.2242345 0.9873803
0.3892015 -0.2910945 -0.4217076
0.6400211 0.1921929 0.7511677
0.1905863 -0.7812430 -0.0542230
0.6629450 -0.1254234 -0.4730712
0.0848605 -0.8792111 -1.4604737
0.4684359 -0.5269059 0.6117906
0.5704445 0.2178864 -0.3800729
0.6324348 0.7419632 0.3224376
1.3502159 0.5759385 -2.6338897
1.4638175 0.4807940 -1.4696808
-2.1280940 0.8428439 -2.7775176
0.7982997 0.4081945 0.5139709
0.9998572 0.0365834 -0.2671498
1.2110015 -0.3489762 -1.2416428
1.0585333 -0.4151745 -1.2949636
0.6339440 0.1950289 -0.5777528
-1.0929574 0.5062049 -2.4644890
0.8168545 0.7086188 -1.2670697
-0.7382691 0.4520927 -2.3523862
0.6227263 -0.3370371 -1.2815282
1.4247079 -0.2334140 1.3980347
1.0449586 0.3786516 0.5015946
-1.5059534 0.5892901 -2.6165323
-0.9968463 0.3808684 -2.3488095
-0.6230364 0.2107829 -2.1194019
-0.0288600 -0.4630536 -1.6809511
0.2871217 -0.9255596 0.1913401
0.3811149 -1.1271256 0.2535242
0.4852829 -0.0917169 0.7180429
0.2470079 -0.1298378 -0.0823913
0.6695127 0.7334566 0.2642144
1.3334144 0.0390571 1.0227841
1.0085196 0.0730287 -0.3441671
0.8059254 0.8099924 0.4039187
0.4550005 -0.3752704 -0.6859229
0.9282629 0.7324123 -1.1061617
0.4789035 -1.0286731 0.1822399
0.3627332 0.3859014 -0.8431034
0.7887773 0.7993050 -0.3506466
1.0154406 0.0368695 -0.2834448
0.6143321 0.1359850 0.7658282
1.3575729 -0.2290410 0.9846783
1.3392410 0.4535113 -1.3532346
1.5614630 0.0340116 0.7557589
0.8029543 -0.3300416 -0.0293767
1.1052281 -0.3213583 1.6142555
0.1899516 -0.0998682 -2.0479302
0.7882457 0.4276519 -0.0450904
0.6938232 -1.0327551 -1.8183686
1.0167315 0.1909974 -0.1609523
-0.1312022 -0.6790798 -2.5757680
1.2635291 0.6436254 -2.7468684
1.1768947 0.4235198 -0.9684579
0.9707224 -0.4232952 0.0438719
0.8048471 0.9136276 0.5263728
1.2111406 0.6907680 -0.9362140
0.6501238 -0.8608565 -1.2469697
0.7698807 0.4553543 0.3853462
0.7025553 -0.7330328 0.6383315
-0.0027473 0.3581068 -1.0942113
0.5456923 -0.0809329 -0.5224711
0.8932385 0.4506754 -1.0395088
0.7710815 0.2267779 -0.3705223
1.1858611 0.7074106 -1.0996306
1.4779679 0.1024008 1.3326458
1.1488152 0.3235946 1.2362646
0.5023901 0.5636036 0.6219105
0.8887778 0.5025538 -0.9634265
0.7251071 1.4952636 1.8192931
-0.2327849 -0.7301263 -2.9782910
1.4204088 0.2889370 0.5817037
0.9752578 0.7139015 -0.6138982
0.8721375 0.6548724 -1.2998264
0.2700958 -0.1312100 -2.0029917
0.8580781 0.8448962 -1.3005525
0.4228625 -0.3414536 -0.4861089
-0.0949024 0.1934746 -1.4745760
-1.2444190 0.4977379 -2.6982358
0.7300299 0.3891803 0.0093692
0.5301444 -0.3840642 -0.3656085
0.4229787 -0.6909223 -0.9392927
0.8832982 -0.2436927 -0.3025822
0.4497476 0.2417579 0.6239334
1.2387387 -0.3451573 1.0074111
0.9600989 -0.3843088 -1.1225100
1.1622907 0.1365841 0.1155915
0.5026967 0.2250049 0.3909951
0.2246548 -0.3771192 -1.0276083
1.3529786 0.5761388 -2.6017327
1.6766742 0.9060754 -2.9435167
0.6803630 0.8028747 -0.2418162
0.0177639 0.2332910 -1.5122219
0.1892898 0.0814570 -1.1704010
0.5676937 -0.6817049 -1.6494598
1.2825775 -0.3047148 1.0836467
0.1892679 -0.2269486 -1.4387264
1.5008763 -0.2872856 1.1452305
0.8038468 -0.4110683 -0.3839886
0.5737574 -0.3328048 -0.6563830
0.2000622 -0.9992917 -1.4781259
0.2043457 0.1987939 -0.8634958
0.2422745 -0.5593610 -1.6529576
1.1914932 0.0899027 0.0961216
0.7069820 0.7142097 0.1862068
1.3363370 -0.0683555 0.5838440
0.2877201 0.0492672 -0.1184893
1.5366452 0.4605786 -1.0624362
0.7544429 -0.3937842 0.5003272
0.2298628 -0.0643078 0.0838142
0.3430188 -0.5559335 0.5693955
0.6341947 -0.7600965 -1.0716057
0.5825561 0.3478497 0.6129789
1.3310369 -0.2354269 1.0949956
1.0001874 0.4285513 0.6543308
0.6334872 0.3091747 -0.6892665
0.2764606 -0.0481301 -0.1166824
0.6673644 -1.8473185 0.2566829
0.7133349 0.3799143 -0.9353138
0.4030519 -0.5197165 -1.5084134
0.8726679 -0.5537235 -0.7272506
0.2609500 -0.3466004 -0.9631937
-2.4235473 1.2596210 -2.6132882
0.9633155 -0.5216475 -1.3514882
1.0183270 0.0523437 -0.0614950
1.3586334 0.0368800 0.9628933
0.9031804 -0.6487792 -1.4116536
0.1762019 -0.4619575 0.5052924
-0.8640937 0.3598272 -2.5076191
0.6638154 0.3444031 0.5361937
0.8274696 -0.2393312 0.6121125
1.1242832 0.3866495 -0.7240262
0.7128317 0.7107710 0.3661942
0.3002646 -0.3704458 -0.8907371
0.2011605 -0.2919588 0.2040009
1.3280739 0.2031466 1.0565269
0.6833433 -0.6163354 1.0030142
0.5772537 -0.9129335 -1.5520234
0.8000914 0.8693928 -1.2472681
1.2426409 0.2635830 -1.5995483
1.4713390 -0.2556408 0.7954550
0.7378895 -0.8170649 -1.3111109
0.4471088 -0.3929830 -0.0620146
0.2828895 0.4356849 -0.9678012
0.7901407 -0.1834195 0.6766157
0.3121090 -0.1085182 0.5846848
1.4666581 -0.2561651 0.7533532
0.1896501 0.4353296 -1.4340110
-0.1246198 0.2008399 -1.4713360
-0.5516671 0.3236800 -1.8845503
0.6990536 -1.1625921 0.4819960
-2.1996641 1.1104693 -2.8147089
1.2339164 -0.0650004 1.2862898
0.9546812 0.3469304 -1.2607585
0.9558136 -0.3616769 -0.5180053
-1.9474285 0.9861797 -2.9011710
1.1781673 -0.0506395 -0.5027649
1.6339107 0.3031728 -1.5846695
0.7138488 -0.6803837 0.6228554
1.1489599 0.3658841 -1.2065781
1.0508364 0.4007572 0.5555542
0.9968442 0.4327310 0.6677417
0.2778191 -0.1791412 0.4269567
0.7250749 -0.2642485 1.0261635
0.3023337 -0.3482078 -1.0119267
0.6090552 0.1766088 -0.7197919
0.3224568 -0.6765249 0.1908781
1.5160143 -0.2583902 0.7321575
0.8418129 0.5783874 0.4938351
1.1432014 -0.1937833 0.1277916
0.7523508 0.6920295 0.1575364
1.0075537 0.1279807 -0.3284969
1.2179512 0.2406346 -1.5830772
1.8663669 0.6961120 -2.9292738
1.5074254 0.6136447 -2.4294832
0.4687225 -1.0573275 -1.4821508
1.4950881 0.0492006 0.6298929
1.2065074 -0.0712197 1.3804169
1.3952897 0.7468489 -2.9254322
0.4872148 -0.6979448 -1.0399522
-0.2379821 -0.6999181 -2.9779997
0.0481448 -0.4361178 -2.0243924
1.4328541 0.2774626 0.5839848
0.6329172 -0.3545517 -0.2743734
0.2391573 -0.4872191 0.1633571
1.3109423 -0.4580071 1.2864060
0.9681688 0.2941269 -0.1169447
0.1540122 -0.5709320 -1.7357875
0.8708366 0.4513733 -0.8383386
-0.6124480 0.4568506 -2.0458193
0.6398600 -0.5664129 0.2231901
0.0932971 -0.2729783 -1.6199989
0.6729978 0.2343733 -0.3784910
0.5295848 0.2461879 -0.2400761
0.3944345 -0.6526657 0.1617748
0.3780319 -0.4336486 -1.3259867
0.6440030 0.8694667 -0.3153182
1.4091097 -0.2962696 1.2357423
1.0905211 0.5589266 -1.1434318
-2.4395063 1.2159222 -2.5744278
0.2556645 -0.7710986 -1.4169389
-0.2183864 0.2800179 -1.8809915
1.1565154 0.0586240 0.3917904
1.0415941 0.7997199 -0.5389536
1.5089381 0.4837447 -1.4469855
-0.0896564 0.5421078 -1.4938431
0.9674988 0.5575613 -0.9012259
-0.8490469 0.3165319 -2.4844334
1.0058872 0.1608524 -0.1834729
-0.4420167 0.5181961 -1.6126834
0.7791721 -0.3682149 0.4789999
1.1364551 0.3692267 0.6028504
0.1385984 -0.6005937 -1.8485290
1.1517607 -0.4638845 -1.3866930
0.8294095 -0.6819708 -1.5338324
0.6878467 -0.8070118 0.5851939
-0.5035519 0.4806633 -2.0832825
0.9361323 0.8825911 -0.7635148
1.2604898 0.0180399 -1.1192183
0.6736335 0.1685795 -0.4528022
0.2607807 -0.1562266 0.1687204
-0.1132544 -0.9905760 -2.9044378
0.7231368 -0.5166370 -0.5198262
0.2554213 -0.1343321 -2.0381892
0.2449019 0.0381389 0.1654008
0.1342037 -0.2846294 -1.5012101
0.2367321 -0.7956896 -1.4743090
0.0739277 -0.3402472 -1.4130169
-0.2240962 0.4015958 -1.3711829
1.2230022 -0.0343199 0.2096835
0.8199678 -0.1814393 -0.5949393
0.7154698 -0.6637788 -1.3050264
0.0268932 0.2283986 -1.1038090
0.7943019 -0.2694834 -0.9456747
0.3074258 -1.0433327 0.2311426
1.0778607 0.0940432 1.1432707
0.0390274 -0.8408818 -1.5612444
-2.4690986 1.1202290 -2.6683376
1.2895604 0.3251770 -1.7560526
0.1746059 -0.4744443 -1.2425746
0.9695587 0.1444417 1.1301497
1.7317790 0.7511768 -2.8461916
-0.0947485 -0.6652492 -2.5198953
0.1901522 -1.1763287 -1.5907249
1.4629054 0.2471398 -1.6859336
0.6105958 0.1294274 -0.9534483
-0.0106113 -0.4415396 -1.6612918
0.7467561 -0.7900892 0.6768988
0.7106975 0.6673343 0.4025280
0.2023409 -0.1676627 -1.2508060
1.4342427 0.1481456 -0.8186440
1.4298743 0.4612241 -0.8995777
0.6500684 0.0770280 -0.7852054
0.1999279 0.0853971 -0.9699064
0.7891586 -0.4018327 -0.4759460
0.4216181 -0.7431700 -1.0755458
1.2860383 0.0418270 1.0180349
0.7446122 0.8878782 0.5723609
1.3239044 0.1571179 0.9013248
-2.1442924 1.2389357 -2.6097038
1.0126721 0.1692096 -0.4712023
1.4557636 -0.3901515 1.1516885
0.8157719 0.3085203 0.5533695
0.6007190 0.5621678 0.8286560
0.9306277 0.8862411 -1.0408114
1.3091817 0.1364355 -0.7515088
0.2785692 -0.4897458 0.0660303
1.4239143 0.5471590 -1.0106281
1.2263081 0.3942521 -1.0531256
0.0130875 0.4146024 -1.6362194
0.5027392 0.2336079 0.2645805
0.8348141 -0.5072550 0.1958840
1.0387512 0.0491149 0.5161549
1.1964461 -0.0477169 -0.6078125
1.1633826 -0.4264254 -1.5338578
1.3668826 0.4231208 -1.0446600
0.7959214 -0.0921478 -0.4932123
1.0661713 0.7041409 0.5395411
0.9505777 0.7780011 -0.4246147
0.5130243 0.2444171 -0.0017229
0.1209417 0.4030252 -0.8778425
1.1086316 -0.1559500 -0.5129586
0.8062199 -0.2060581 0.6542841
0.6692033 -0.5544131 -1.5182594
1.1657780 0.0499800 -1.2390414
0.7391491 -1.1846198 0.4236656
0.8149098 -0.6909120 0.3392089
0.4809792 0.1824374 -0.4334042
-1.2268035 0.4386908 -2.5034311
0.7941846 0.3673255 -0.6037819
0.7336523 -0.1325945 0.8554186
1.4063148 0.3238123 -0.8116201
0.6798120 -0.4119175 0.9863817
1.5767591 0.1707156 -1.2690970
1.2606558 0.1446779 0.2434694
1.7134668 0.3852636 -1.3656543
1.7229182 0.8968539 -2.9044638
0.3143940 -0.2191858 -0.1771324
0.3187764 0.0601282 -0.1801216
0.7100411 1.9808972 2.2308376
-0.7963328 0.3575037 -2.1486940
0.3009639 0.0898632 0.3479567
0.7804073 -0.4369199 -0.4565555
0.6141326 -0.5497012 -1.6195109
1.4885399 0.3696234 -1.8113637
0.7374861 -1.2215638 0.5410966
0.8206591 0.7062331 -0.2146844
-0.0818420 -0.7232363 -2.6636789
0.7165673 -0.7933215 -1.1799958
1.7385546 0.3943825 -1.5009364
-0.0435113 -0.4624768 -2.2848253
-0.7667115 0.3326720 -2.4410040
1.3917860 -0.0881792 1.1081033
-1.5220326 0.5882378 -2.6292143
1.5609909 0.0188980 0.6134861
0.4746982 -0.8580375 0.0940688
1.3526548 0.5742211 -1.0003260
0.4197389 -0.3892316 -0.5541280
1.6185809 -0.1180914 0.6152073
0.6839427 1.0839552 1.7229292
0.1430600 -0.7327341 0.1266288
-0.0516907 -0.6462436 -1.5957540
0.5021418 -0.3697329 -0.6080270
0.4856659 -0.9705264 -1.5930905
1.1448593 0.0630073 -0.5216129
0.3617736 -0.0170464 -0.5537648
0.6338006 -0.7029403 0.7270070
1.4827784 0.5382743 -1.3096457
0.8204333 -0.4297942 -0.4499672
0.9074104 -0.6082723 -0.8363398
1.3144119 0.0472960 1.0696847
0.5885093 0.1756394 -0.3919636
1.5839713 0.4672310 -1.6439157
0.3926397 -1.1276970 -1.6929778
0.6993911 -0.3902026 0.8209365
0.4390821 -0.3182397 -0.3202503
0.9229838 0.7685076 -1.3759643
0.2859690 -0.4868722 -1.0891274
1.5696771 0.7481166 -2.9673948
-1.0947306 0.3528104 -2.4561100
0.9826394 0.1332981 1.1186252
1.4453481 0.1193914 -1.0202475
0.2481614 -0.1285131 -2.0784593
1.1164925 0.0906772 -0.0390459
0.9681097 -0.4225555 0.0701135
0.3718779 -1.1266448 -1.5143067
1.4329810 0.3484570 -0.9969342
0.4064201 -0.2322529 -0.6683944
0.7779315 0.3620505 -0.6066277
0.7320277 0.1694408 1.1699078
0.7321296 0.8673939 0.6474680
0.3168954 0.0991683 0.3411819
1.2858130 0.3908892 -1.5056159
0.0907826 -0.4259192 -1.4267777
-0.0767506 -0.4908670 -1.5381349
0.7720585 -0.8578487 0.6829321
0.4986644 -0.1298502 -1.0143191
0.8589453 -0.4989476 -1.2118502
1.3331214 0.5195001 -1.6874919
-0.1174974 -0.4683338 -1.9196296
1.2337962 -0.3390875 1.0106173
0.5032200 -0.7487627 -1.0087303
0.3171453 -0.8750114 -1.3887895
-2.3043203 1.2631776 -2.6508934
0.6077449 0.1127465 -0.9433003
0.4308171 0.1405414 0.5971486
-2.1137977 0.9843197 -2.4803789
1.5048325 0.6119549 -2.6985233
0.9010572 -0.3510728 -0.4564385
0.6112945 -0.1540364 -0.5111345
-0.6653473 0.3111213 -2.0173395
1.0374101 -0.1782685 0.3002215
1.0784029 -0.3640270 -1.2657107
0.7533185 -0.9494305 -1.7353071
1.0145072 0.5276774 0.5195647
-2.0174749 1.1242583 -2.5575511
0.5073338 -0.6870775 0.1973676
0.4888206 -0.7130943 -0.9607861
-0.2577501 0.2316000 -1.5893016
1.7209853 0.3130001 -1.4730278
0.8802930 -0.2266148 0.4322953
1.1009793 0.1963927 0.1174572
-2.0241053 0.7765962 -2.6454487
0.6499467 0.6152416 0.9210821
0.4233217 -0.5818894 -1.8401579
0.6959968 -1.0157208 -1.7742932
0.3743267 -0.0560018 -0.8346434
0.7624105 -0.8935335 0.7138516
-1.7419729 0.7497935 -2.7557321
-2.0588226 0.9244345 -2.5066364
1.7030452 0.4253570 -1.4473785
0.7122428 0.0720579 1.0711145
-0.7564346 0.4524051 -2.2492590
0.1607902 -0.7119911 -0.0727518
0.4050896 0.0969899 -0.6486967
0.4017125 -0.3578047 -0.1132130
-0.0071820 0.1804706 -1.4249625
1.0617718 -0.3997043 -0.9127477
1.0745142 -0.2819249 0.8474469
1.2647560 0.0909469 0.9552762
0.7493163 -0.7789789 -1.2430296
0.7458033 0.9075773 0.0333524
1.1717095 0.2063531 1.1300793
0.0425426 0.3790117 -1.5981690
0.9437922 -0.6404063 -1.4066733
1.1695698 0.0386370 -0.8281882
0.9337493 -0.6599886 0.4759253
0.2795462 -0.8061502 0.2412480
0.5092489 -0.6545794 0.1029002
1.4995600 0.1974840 -0.9157101
1.3065259 -0.3390810 -1.4364610
1.1869771 -0.0745288 1.2722934
0.3956379 -0.0452884 -1.0468174
1.0593917 0.3323754 0.5154805
1.1474118 -0.0719469 0.3729490
0.9759177 0.6677783 -0.3865626
0.7132531 1.3173436 1.8491088
1.1689537 -0.0451896 0.2076984
0.5070363 0.5726726 0.1188112
0.6157617 0.2872969 -0.9285735
0.9757115 -0.0556640 -0.6419867
0.4163456 -1.0697582 -1.6168773
0.8061362 -0.1520165 0.9787076
1.2462023 0.2452129 -0.6809728
0.4063623 -0.4107503 -1.3448431
0.9166973 0.2836068 -0.1281198
1.0627263 0.1021080 0.7619541
-0.7305741 0.2500183 -2.1364133
0.7784475 0.4704947 0.9922908
1.1856248 -0.4307354 1.1252333
1.0522829 0.0595046 0.3657215
0.4218086 -0.4969630 0.6188943
0.7077317 0.3237186 -0.2016371
0.7255885 1.1239010 1.6759293
0.8602244 -0.5824109 0.2376459
1.3388104 0.4015140 -0.9350195
0.8256763 -0.2035181 0.4950613
1.1581050 -0.1158751 -0.4968683
0.6641842 0.0505659 1.1354213
-0.0278933 -0.2776885 -2.0475962
0.3687690 -0.4846522 0.6164321
0.1288278 0.3863200 -1.5052360
0.6962222 0.3431155 -0.7915784
0.7893730 -0.6775985 -1.2616518
0.1229726 -0.4172038 -1.3272893
1.4959030 0.6222736 -2.2774050
0.6852834 -0.6938027 0.9176667
0.6712978 -0.4305092 0.9515867
0.7729700 0.7008619 0.1092441
1.5922717 0.0181706 0.7419059
1.4313016 0.0266919 1.2309964
0.4887916 0.1135232 -0.5577482
0.2444520 -0.1266562 0.0758701
1.3473493 -0.2557970 0.7732197
1.2535657 0.1772873 0.5419621
0.1751252 -0.6280448 -1.9668709
-0.1010880 -0.6795113 -2.5628886
1.1929023 0.0059812 -0.7018242
0.8446297 -0.4272079 0.0605328
1.3928041 0.4916349 -1.2389935
1.1395907 -0.0435551 1.2198180
1.3381310 0.0140091 0.5953489
1.0843798 0.1460689 1.8768559
1.3236680 0.3373281 -1.8341311
1.3522842 -0.2579197 0.9060348
0.9910020 -0.3185636 1.9993726
1.4732227 0.3072038 0.7602327
1.0701063 0.1629885 1.9226779
0.8348014 -0.3164502 0.5020652
0.4373474 -0.3952989 0.0146231
0.7232296 -0.3026043 1.0212618
0.0930858 -0.6532322 0.0186637
0.7838085 0.3785480 -1.0645361
1.2562239 0.2534530 0.3935900
0.5411076 0.0738768 0.7012240
0.7637109 -0.4511339 -0.4787488
0.5721008 -1.1288056 -1.7880396
0.6656985 -0.3644630 0.8726269
0.2217067 -0.7147603 -1.5942786
0.9303805 -0.6397430 0.4514394
0.7024852 -0.8667859 -1.5774648
-0.2641104 0.2427106 -1.5793009
0.6376835 0.2758190 0.8540112
0.7998337 -0.4247091 -0.2930475
1.0430855 0.1897359 -1.1912489
1.2535976 0.7561069 -1.0639127
0.3328608 0.2464218 -1.3167593
0.9123742 0.0718685 -0.4301508
0.6258867 0.1558948 -0.6823856
0.5738775 -0.3663846 -0.1431699
0.3168465 -0.8872331 0.2434527
0.2481629 0.2174128 -1.3715591
-2.0000694 0.8819495 -2.5134327
0.9626124 0.5154617 -0.1498249
0.6797850 0.8738774 1.5851328
0.3180602 -0.1568131 -0.2724535
0.9634354 -0.5084012 0.2383962
0.9984058 0.7035421 -0.3549067
0.9561108 -0.6228420 0.2665265
0.4850634 0.3205681 0.4958438
1.1664585 0.2430559 1.1548107
0.4791214 -0.3538279 -1.3257480
0.7156939 -0.9829209 -1.7152348
0.1636158 -1.1755385 -1.6013738
0.9044081 -0.1866982 0.7513849
0.4024276 0.0776703 -0.4433841
1.3377368 0.6540755 -2.4609375
0.5040359 -0.3426391 -0.3379098
0.8543884 0.9043117 -1.1323816
-2.0895329 0.7762424 -2.6437645
0.1810137 -0.1302691 -1.8836389
1.1169473 0.1452642 1.7860321
0.8230153 0.6352989 0.2853444
1.0923613 -0.1507538 0.3134954
0.4092290 -0.3085496 -0.6230798
1.2869657 0.2968313 -1.4696542
1.3604013 0.7195305 -1.0458151
0.6956242 -0.7343084 -1.3314217
1.0912642 -0.2146557 -0.4802161
-2.3086684 0.9458822 -2.6618278
0.7094740 1.6401271 2.0640674
1.2098678 0.0696055 -1.2735038
0.7164398 -0.4558201 0.4536671
1.2725827 -0.1225025 0.0584827
0.9065390 -0.2188706 0.4423612
1.2855908 0.3086796 -1.4511261
0.3201241 -0.1401359 -1.4319332
0.3396141 -0.1173569 -0.6192396
0.3310528 -0.8555115 -1.5812025
0.0282728 -0.2827877 -1.8269342
0.3792160 -0.3195400 -0.8564116
0.7171475 0.7215731 0.6558947
0.9194134 0.6717137 -0.0815977
1.2553346 -0.2149865 -1.0694566
0.0665134 -0.5789954 -2.4790246
1.2529396 0.1421204 0.7563311
0.6924010 0.0106823 -0.8605812
1.1429290 -0.1011833 1.2252237
0.7155409 -0.4052677 -0.3099915
0.2749214 -0.3331857 0.5706744
0.8529371 0.7151330 -1.3646955
0.9312026 -0.1565758 0.7302837
0.4727204 -0.6943655 0.3830205
0.8245390 0.2718517 -0.9479617
0.8658214 0.2915028 -0.9241550
0.4180501 -0.9163433 -1.5004580
1.1047965 -0.0778313 -0.6648903
0.3434603 -0.2214728 -0.2890677
0.2934553 -0.1553187 0.5996760
0.7245284 1.3458995 1.7461530
0.9485395 0.6018001 0.3587852
0.3780884 -0.7224866 -0.0279401
0.6680927 1.8664654 2.0254107
-0.8731088 0.4278867 -2.4999053
0.8757856 0.6129361 -0.3540899
0.9883109 -0.6028122 0.3307185
0.2850860 -0.1598057 -1.4022266
-0.0924614 -0.4513278 -1.6764264
-0.2597306 0.5236528 -1.8204275
1.7589068 -0.1615496 0.5683429
0.5990649 0.6860595 0.4464644
1.4224738 0.5473394 -2.5278678
1.4255162 -0.2597732 0.7849671
1.7049761 0.7408296 -2.9834480
1.3074512 0.3178414 1.3287414
-0.1011786 -0.4262866 -1.9309115
1.5842456 -0.0127771 0.5724297
0.0752946 0.4078360 -1.5631878
-2.2310882 1.2517183 -2.7152693
0.9514061 -0.1603636 -0.2877365
0.0552305 -0.5341640 -2.0584457
0.5923412 0.3205021 -0.0114501
1.2441106 0.4706951 -2.2360528
1.4197909 -0.1875738 1.2390250
1.1762149 0.0118731 0.0901197
1.0447998 0.0227740 -0.3781906
1.2582332 0.1497993 -1.4122598
0.9388546 0.3806062 -1.2658378
1.0638441 -0.0200017 -0.4537725
1.3525723 0.0520607 -1.0804513
1.3193167 -0.3888552 1.4989889
0.4171885 0.1582102 0.5203977
1.0330421 0.0275592 -0.6866981
0.1774715 -0.5831088 -1.6061287
1.3831888 -0.0606658 0.5795106
0.2013962 -0.8457052 -1.2384677
-2.0242257 1.1977520 -2.5815504
1.1720407 -0.3257553 -1.3025625
1.0204691 -0.2206679 1.1144505
0.8442570 -0.7170503 -1.4950870
0.7887253 0.0294659 1.1321563
0.1964055 -0.2613649 -1.3609443
0.4716159 -0.4026559 -0.1423096
-2.1080487 1.2604816 -2.6673532
-0.1050227 -1.0259618 -2.9049175
1.3845413 -0.4058259 1.2346184
0.2317209 -0.8500025 -1.3279581
0.3716635 -0.2970505 -0.2391837
1.0271679 -0.1914785 -0.9134437
1.0834146 -0.0235075 0.6998884
1.5544834 -0.2205764 0.6301050
0.9479979 0.2338826 -1.0936744
0.6604822 0.8376778 -0.2324395
0.5709289 0.3504929 0.4930892
-0.0197095 -0.9086266 -1.6832504
1.1944481 -0.0094241 -0.8920451
0.8101899 0.9056547 0.5268214
-2.1732793 0.8609018 -2.7824562
0.7613956 0.4913976 0.9920307
0.9680859 -0.1443691 -0.2978610
0.3193525 0.0855059 -0.0662778
1.0424688 -0.3184714 -0.7544809
0.1617936 -0.4895015 -1.1585834
-1.8826582 1.0849857 -2.8385386
0.8673599 0.3689515 -0.5759443
1.4709395 0.5290036 -1.3191378
-0.1188618 -0.6245342 -1.6638229
1.1015514 0.5450295 -1.3372277
1.0959822 -0.3742120 1.6946098
0.2025600 -0.6465676 -1.1423022
0.1449365 -1.0291606 -2.9274263
0.3498704 -0.0631796 -1.4317971
1.2759029 -0.3403551 1.0076323
-2.0240471 0.9555833 -2.5132568
1.2693044 -0.2896015 1.1443516
0.8739619 -0.3998802 0.3375737
-0.0293180 -0.5031239 -1.6051158
0.6691827 1.9895562 2.1098704
1.3255881 0.0530357 -0.9557996
0.8121787 -0.3583349 -0.3454606
-0.0596670 -0.6295591 -1.5034688
0.8816152 0.7628019 0.0768159
1.3743354 0.0763855 0.2984162
1.3287679 0.2619390 -0.7112260
1.1827117 -0.3963152 1.1026323
-0.3320587 0.5073263 -1.4128438
-0.4384070 0.2626430 -1.7927988
-0.9501801 0.4170495 -2.3148899
0.5623763 0.2603008 -0.5915389
0.1486043 -0.7616454 0.0755465
0.5028726 -1.0878153 0.2729418
0.7259708 -0.8172867 0.5754474
0.3068156 -0.0754098 -1.2061030
0.4218258 0.3688189 -1.1991367
1.1352865 -0.1216821 -0.5174057
0.8793022 0.3380955 0.5203708
0.8213815 -0.4630139 -0.5339738
0.4398085 -0.5343543 -1.6706023
0.7055652 -0.6152631 1.0150083
0.3010701 -0.9151086 -1.3275737
0.6917386 0.3759254 -1.0558361
0.5143842 0.2316430 -0.2487799
1.1067261 -0.2248800 -1.0598531
-0.0653682 -0.3258869 -2.0083365
0.0819289 -0.3616571 -1.9896244
1.9313188 0.7575722 -2.9643679
-0.1107536 -0.9032072 -2.8553662
0.8098311 0.2848924 -0.4407651
-2.5372221 1.2368634 -2.5733159
1.0081747 -0.0518958 -1.0649462
0.4733867 0.0739125 -0.3843250
0.4389106 -1.0478903 -1.6028641
0.2810099 -0.7648191 -1.1946877
0.1935432 -0.4733746 -2.0742762
1.0017525 0.1430491 -0.1469838
0.1766457 -0.6081925 -2.1168988
0.7362162 -0.8002757 -1.2435085
0.5047140 -0.0050156 -0.8316391
1.2135075 -0.1409231 0.0378398
0.9024630 0.6135511 -0.3705531
0.7470171 -0.6170322 0.6913205
0.9369165 0.2863057 -0.9039243
1.1282883 0.4719632 -0.6984928
0.7006226 0.2479710 1.1692668
0.6830791 2.2718420 2.2703447
0.8718357 -0.6502550 -1.3482493
1.1858773 0.0066409 0.1053922
1.2942154 0.2240079 0.3535184
0.8777866 -0.2398558 0.3473051
1.3384854 0.3100114 1.2751616
0.9009203 -0.1879900 -0.0969641
0.7405260 -0.4104242 -1.1461290
0.9115308 0.3327521 -1.2040472
1.2489872 0.0646076 0.0563071
0.5884830 -0.8824667 -1.5634294
1.0253592 0.7671609 0.2008218
0.6542932 0.6787597 0.0930871
0.7291430 0.4286458 0.0115695
0.3780976 -0.7043696 -0.9716060
0.3647793 0.4637328 -1.0409697
0.2914250 0.2978580 -0.6436854
0.9662515 -0.1867050 -0.8317372
0.4273800 -0.3684094 -0.0270828
1.2057037 0.1522571 0.9908246
1.1402402 0.0969637 0.5080913
0.8196164 0.2143110 -0.3730560
0.7603624 -0.9257305 0.7623076
0.7785426 -0.3791661 0.4656364
0.2234668 -0.0452793 0.1384044
-1.1561220 0.4417793 -2.4514971
1.3109930 -0.0414941 1.1208777
-0.0697398 -0.4981546 -2.3634694
1.5392237 0.3956474 -1.7844654
0.6672034 -0.3600670 -0.3107186
1.0270908 -0.5289447 -1.2991979
0.8832665 0.6375125 -0.1959580
0.3649122 -0.6431379 0.1342306
0.5411649 -0.5264079 -1.5899464
1.4673666 0.2680639 -0.8798831
0.3645698 -0.8292069 -1.1088104
0.5687562 -0.4521804 0.6644057
0.4999235 -0.2307706 -0.5996456
1.2591816 0.1168738 0.7994065
-0.2443781 -0.7725990 -2.9811168
0.9541559 -0.1576840 1.1734138
-0.2120601 -0.7353559 -2.9729140
0.8775897 -0.1339458 1.1379682
1.4160359 0.5248100 -1.2780004
0.4651926 -0.0587331 -0.5049391
-0.0578125 -0.3478628 -1.9075484
1.5530937 0.1417513 1.0339973
0.5254277 0.3877238 -0.9353729
0.8818845 -0.3795231 -0.3528185
0.2058233 -0.9379215 0.2954453
0.2491114 -0.1807302 -1.3804665
1.2749887 0.0669774 -0.6702636
0.8251704 -0.3202838 -0.8550797
1.1750544 -0.2534828 1.0308276
-0.6694023 0.4510807 -2.0929725
-0.7808279 0.3920051 -2.4452419
-0.5798876 0.2207731 -2.1476176
0.0694659 -0.7556437 -1.4842477
0.8480852 -0.4513764 0.3017463
1.6561551 -0.1654559 0.6070551
1.2521273 0.0655687 -0.8664862
0.9599455 0.6092652 -0.1052454
0.1669859 -0.9827391 -1.4041632
0.3760096 -0.9719859 0.2901198
0.1539474 -0.2868353 -1.2679077
0.7571392 -0.3196556 -0.3935003
0.9585295 -0.4719291 0.2995480
1.3217263 -0.2151607 -1.2322589
0.2832999 0.4709201 -1.2657287
0.2288036 -0.3469165 -1.0160280
1.1294075 -0.4370751 -1.4913857
1.1669234 0.3769827 0.6271780
1.4004751 0.1647059 0.5235848
0.3467219 -0.2530540 0.0521409
0.8018308 -0.0880074 -0.9277980
1.1253545 0.4064341 -0.7442332
1.0423541 0.7643510 0.1920993
1.2616411 0.0432675 0.3175026
1.1137182 -0.1516265 0.3227294
0.7293357 -0.5940086 0.6252682
1.5887486 -0.0753304 0.8994004
0.6325502 0.4434339 0.5636974
0.8663307 0.7260600 0.7794871
0.8269001 0.3773951 0.4951416
0.1366883 -0.5695281 -1.8550059
0.7781882 -0.3408145 -0.2875221
0.7598566 -0.4381564 -0.6908970
0.4831351 0.3188031 0.6572251
1.1087111 0.1545514 0.8639724
0.5137293 0.2415512 0.6499753
0.4356729 -0.5380337 -1.8374999
1.0047313 0.5885562 -0.9066347
1.1646329 0.3812676 -1.1910090
-0.4400566 0.2548519 -1.8067846
0.7242772 0.2396067 -1.0013013
0.6397777 -0.4817943 -0.0679683
0.7622418 -0.8366273 -1.5654895
0.6936125 0.5121729 0.5238769
1.1462448 -0.0026854 1.3268554
0.8483158 0.3389512 -1.2426820
1.1958272 0.6307737 -1.1145173
0.6401568 -0.4194193 0.6172178
1.6441156 -0.1862629 0.6773259
-0.3470795 0.2230581 -1.8645144
-0.0854287 -0.6682218 -2.9707701
0.6895490 -0.0789663 0.8931918
-2.3870442 1.0377926 -2.7027099
0.4233095 0.2097758 -0.5748155
0.6741212 1.9705890 2.1496584
1.0270127 -0.1184580 0.3495188
0.7535655 0.4395659 0.3513389
0.0174389 -0.2781682 -2.0468831
0.8897079 -0.1764158 0.6004733
0.9915217 -0.3116569 0.1572983
0.9048873 -0.0066677 1.2302598
-0.0593365 -0.6959898 -2.8290486
1.1518151 -0.3596727 -1.3370743
1.5091138 0.0051390 0.5965553
0.9925820 -0.3370391 2.0325406
0.7728554 -0.5680222 -0.7153874
-0.0879170 -0.5895551 -1.5238353
0.6715629 -1.0079139 0.6539960
0.3078661 -0.0870606 0.6619267
0.2336725 -0.1507903 -1.9562440
0.9945726 0.0704305 -0.1610888
0.4195333 0.1925844 -0.0288487
0.3416933 0.3943738 -1.2828449
0.7127301 2.3339765 2.2755017
0.8965625 -0.6738780 0.5968219
0.3841303 -0.0505349 -1.0259246
0.5723777 0.1384204 -0.4341038
1.0168633 0.6467094 0.1374193
0.9978999 -0.3012925 0.0762563
0.8704394 0.7555194 -1.3691313
1.4368244 0.5679135 -1.4937071
0.6168211 0.0619025 0.8086340
0.9720069 0.2011188 -0.0254134
0.9456716 0.3166790 -1.3167961
1.2433000 -0.2765169 -1.3298086
0.1116310 -0.9147859 -1.4603213
0.6835279 0.4526540 1.3813913
-2.0552480 1.1651586 -2.5578444
1.1643035 0.5911247 0.3265906
1.2814057 0.4475514 -1.9231659
1.5378562 0.3509554 -1.7199022
-2.4539578 1.0885537 -2.6587768
-0.2167738 0.4220246 -1.3526095
-2.4057195 1.0631282 -2.6914353
1.0278155 0.3948789 0.4627528
1.0109066 -0.0369666 -0.0956075
0.4569766 -0.4469113 -0.8013527
1.4886290 0.5190265 -1.5153446
1.2222904 0.4172845 -0.9537871
1.3172556 0.1600099 1.3966334
0.9075168 -0.4303530 -0.5484633
0.0672842 -0.7359979 0.0798293
0.6167005 -0.9164557 0.6864059
0.9501293 -0.5119923 0.4993687
0.5981160 -0.8960944 0.6337952
0.1917005 -0.5708574 -2.2075276
-1.3266957 0.5419723 -2.7245245
1.4715132 0.2912060 -0.9259613
1.0604411 -0.3533515 1.8216149
0.5159131 0.3256532 0.1291618
1.4570301 -0.2501209 0.9327883
-0.0620609 -0.3405625 -1.9719598
0.7415195 -0.3514473 0.9007928
0.4160018 0.1923069 -0.0630658
1.4490398 -0.3132724 0.8696765
-1.8424075 0.8202921 -2.7983842
1.0398070 0.0320224 0.7224593
-0.0197658 -0.3407563 -1.7987763
-0.0091674 -0.7979974 -1.5044312
1.3715725 -0.2712532 0.7043970
0.8999171 0.3758232 0.0995994
0.5998878 0.0614159 0.7783979
-0.0195978 -0.2301579 -1.9723964
0.6456297 0.3224524 0.9709640
1.5116442 0.5588301 -2.3514562
0.7576246 0.4632400 0.3556520
0.7151756 -0.4957932 -0.4329033
0.6206051 -0.4245299 -0.1585808
-0.0498669 0.4932157 -1.2463237
0.4829056 -0.5216796 -0.0589956
0.4890398 0.4214423 0.1210305
-2.3407378 0.9596995 -2.6300764
0.3834373 0.1323227 -0.1392384
0.9042577 -0.2579102 0.2239839
-2.3599813 1.0104816 -2.6641052
0.7439682 0.3491657 -1.0463481
0.6099941 0.2760080 -0.9605315
1.1592801 0.3725110 -1.0412220
1.7440218 0.6940842 -2.8888061
-0.0344677 -0.4675432 -1.6908753
0.6708373 -1.0237978 0.5612997
-0.0642744 -0.8864725 -1.7245226
0.5966142 0.0077230 -0.5280831
0.8549507 -0.2764148 -0.1891850
1.4247698 0.5439761 -1.7699614
1.9785187 0.6008030 -2.9822011
-1.9199771 0.9627347 -2.8956008
0.4779515 -0.1252840 -0.6810160
0.5619873 -0.0258562 -0.9117970
0.6122988 0.6823276 0.3797949
0.7196835 -0.3359445 0.7691108
-0.0282350 0.2850863 -1.6192393
0.6466163 -0.7032132 0.7997188
-2.4964550 1.2941178 -2.6271834
0.4734618 0.0538191 -0.6819929
1.0023552 0.3673765 -1.3405859
1.2887043 -0.2253013 1.0864093
1.5910846 0.6051062 -2.8875208
0.7463793 -0.4370517 0.1154931
0.7984422 -0.4301484 -0.4553132
0.6322564 0.9131663 -0.2342511
0.7774236 0.6292800 0.6674284
-0.5071312 0.4613467 -1.8830945
1.0969671 -0.3115343 1.7734325
-0.6634333 0.3361487 -2.0066593
1.1024078 -0.3269911 -0.8680870
-0.5559538 0.4337633 -2.2237675
0.7809192 0.8448581 0.6646560
1.6364512 0.4439581 -1.5671890
1.1098406 0.5973303 -0.7668228
1.4776433 0.0742973 -1.4120728
-0.2122114 0.2437682 -1.8025028
1.4303619 0.1839357 1.3012273
0.3460971 0.4285593 -0.9394138
1.4368705 0.0257332 0.6260387
-2.0636501 0.7815828 -2.7334023
0.2958175 -0.0813088 -0.2527124
-0.2259880 -0.5728021 -2.8180785
0.2538644 -0.7563643 -1.6256912
0.6380393 0.3047769 0.9396702
0.6884454 -1.1784121 0.4773053
0.8177462 -0.1298864 1.0907105
1.0691131 -0.3587021 1.6705300
0.1354392 -0.4553062 -1.9712758
-0.1272039 0.4368957 -1.8016471
1.6251785 -0.1781625 0.6401809
0.3270490 -0.9931017 -1.4213650
0.2586537 0.0346417 -0.0384801
0.6756948 1.6796757 2.0242012
0.5231233 0.3114548 0.8563049
1.4546555 0.6173933 -2.9490831
0.0983570 -1.0265563 -2.9620547
0.1038046 -0.8393414 -1.3324916
0.7209694 -0.3448054 -0.3476951
0.8850785 0.3440899 0.6624449
0.8552958 -0.4055545 -0.6738088
1.3902849 0.1518476 -1.5364183
0.0311954 0.4090793 -1.0468682
0.9552916 0.6932546 -1.1324764
1.3946772 -0.2866596 0.8606107
0.7294829 -0.7103687 0.6515490
1.9295717 0.6353319 -2.9413173
1.0423746 0.0273545 0.5540038
0.1686124 -0.4373051 -1.9715394
0.1640872 -0.5524085 -1.7736781
1.5142734 0.5034370 -2.2531648
0.5383493 -0.5681612 0.0530665
0.9306631 -0.3907059 0.0249933
0.3995866 -0.2565228 -0.9089877
0.3742280 -0.4903744 -0.8068444
0.4971097 -0.4734221 -0.0667111
-1.8177079 0.9574968 -2.6297777
1.2281055 0.5181422 -2.2058783
0.5857550 -0.0094183 0.7874076
-1.2265692 0.5397529 -2.4594879
0.8061740 -0.3175313 -0.2624493
0.9719107 0.2025632 -0.4619490
0.4996485 -0.4562227 0.6557497
0.7308702 -0.1557900 0.7644405
0.6914687 -0.6945968 -1.1676110
1.2457882 0.0874708 0.3674802
1.0016596 0.8543881 -0.3953874
0.7593769 -0.4039240 -1.0510263
1.8045456 0.7022616 -2.8928561
0.8381714 -0.3897778 -0.6346645
1.3868631 0.1639667 -1.4896197
1.2602965 0.2617909 -1.4171667
1.5050433 -0.2159848 1.1421851
1.1611760 0.3396032 -1.2535304
0.2702118 -0.1006387 -1.3585737
1.2770207 0.4496492 -1.5441360
0.9307463 0.2682548 -0.8385437
0.2428967 -0.6714124 -1.5413004
1.3703413 -0.0119199 0.2376781
1.0943719 -0.4441152 -1.0944511
0.4185765 0.1333110 -0.2499186
0.7008807 -0.4909591 -0.4039105
0.1855043 -0.9349959 0.2902897
0.9065574 0.8273792 -0.5995496
-0.2164513 -0.8100126 -2.8232009
0.0004975 -0.9567674 -2.9145300
0.9452213 -0.3404473 0.2707979
-0.2743653 -0.7242748 -2.9795952
-0.1995242 0.3189725 -1.3984237
0.1337493 -0.5970807 -1.6447620
-0.8076941 0.2743798 -2.2125854
0.3475893 -0.8350411 -1.3887606
0.3844624 -0.6239163 0.1252368
1.2824348 0.2283170 1.0450730
1.4645704 0.0813523 -1.1855867
0.4764876 -0.2379783 -0.7078600
0.6453149 -0.5996891 0.6695365
-0.1168021 -0.4846729 -1.6892792
0.8533199 0.7080644 0.7709900
0.3944663 -0.0099350 -0.8508089
0.3166770 -0.9894210 0.3231543
0.1147063 -0.2033643 -2.1219079
0.3282704 -0.5554120 -1.5219948
1.2856146 -0.0316703 0.6287773
1.6266853 0.3507621 -1.1784713
0.4047457 -0.1211890 -0.8044728
0.6090721 -0.3508585 0.6882935
-0.3581073 0.2592804 -2.0119009
0.7632573 -0.6917739 0.7064867
-0.2077039 0.5084626 -1.2158008
0.9629471 -0.0273557 -0.1570692
0.8334951 -0.3213937 0.0261690
0.7193525 -0.5241409 0.7787517
-2.6680923 1.2833493 -2.5544665
-0.1709183 -0.8113099 -2.8430531
1.1733133 -0.3683277 -1.1220243
-0.2516480 0.2378481 -1.8284106
1.6384345 0.5973673 -2.9361525
0.6890423 -1.2185515 0.5398147
0.4483111 -0.4743128 -1.4811220
0.1445223 -0.7768266 -0.1151141
0.6886977 1.7098271 2.1035559
1.4366199 -0.3942898 1.1878736
0.8333803 -0.1826690 1.2097449
1.0703924 0.6295993 -1.0816851
0.4372254 -0.3652061 -0.2155191
1.2157584 -0.1656040 0.1436000
0.6418877 0.2083656 -0.9466796
0.2175605 -0.2260021 0.4083301
-2.1521831 1.1492132 -2.5170953
1.1184875 -0.1546750 0.3513369
0.7103609 -0.4430559 0.6826722
0.4508864 -0.0879718 -0.4786003
1.4662853 0.1431737 -1.0216897
1.0178207 -0.3713467 -0.7753342
0.8951004 0.6167837 -0.2988364
0.2506551 0.0203998 0.0173924
0.6007943 -0.5011369 0.1674716
0.8473449 -0.5093725 0.1870210
0.2109822 -0.5491302 -1.6769389
1.1135290 0.3617024 -0.9078690
1.5347571 0.0555416 0.6930442
0.6295476 -0.0319462 -0.7130434
0.5656232 0.4417142 0.7582266
0.1486246 -0.6542193 0.0419324
0.9626787 -0.6393854 0.5270469
0.0785532 -0.6873956 -0.2283685
-0.0399099 0.2016761 -1.4908913
0.8013753 0.2277030 -0.3583657
0.6257266 -0.9871304 -1.4754432
0.3473125 -0.5070829 0.0531004
-2.2808542 0.9152322 -2.6141992
-0.0192740 -0.3514490 -1.7835058
1.0667489 0.1697872 0.9482490
-0.1880590 -0.7349600 -2.9701591
1.1412803 -0.2751641 1.6224976
0.7039697 -0.9886249 0.5624958
0.6572905 -0.7428622 -1.4669302
1.1065558 -0.1030445 -0.0154237
1.7186280 -0.1516615 0.6530384
1.4346577 0.4591120 -2.3621111
1.0559826 0.4522422 0.4111771
1.0984977 -0.1457710 -0.9479770
1.1170723 -0.1683127 -1.0031842
0.5449173 0.2924420 -0.6608770
0.2865292 0.0424791 -1.0551981
1.4979163 -0.2963108 1.1470623
0.5343992 -0.4230193 -0.6994917
0.2809222 -0.3910109 -0.9383936
0.0096248 -0.2118748 -1.9589278
0.7283796 1.8619503 2.0886335
1.0231782 -0.0227448 -1.1108654
-0.2079599 0.2330620 -1.5083935
0.5686870 -0.1438605 -0.4819596
0.6949352 0.7502112 -0.2838056
0.3118870 -0.2290412 -0.0374285
0.3305924 -0.2201153 -0.8243879
-0.0817726 -0.8088105 -1.6179514
0.7261637 0.7057738 1.4321089
0.1431947 -0.6465766 0.0501380
1.1627418 -0.4275514 -1.3240265
0.5982255 0.4546721 0.3273169
0.4115753 -0.4168496 -0.8349836
0.7945839 -0.1306574 -0.5506634
1.2197338 0.1807668 0.9828361
1.2776322 0.1734023 1.0695264
0.4742925 0.1991045 -0.5605431
0.8284424 0.4225242 -0.6284963
0.1802140 -0.4761217 0.1335642
0.3744560 -1.0921650 0.2811998
0.4651384 -0.6708407 -1.7577523
1.0975465 0.1397254 1.8844140
1.3028493 0.4344981 -0.7435521
1.4682662 0.5311415 -1.6094867
0.3258888 -0.6531742 -1.9017124
1.2740977 0.1835152 0.9428177
0.8744305 0.8531206 -0.3122679
-0.0908495 -0.2910535 -1.9160695
1.4812917 -0.1897972 1.0577849
0.5207159 -0.4534596 -1.6290294
0.0608282 -0.2056263 -1.6591470
0.5287727 -0.9601061 -1.3163887
0.6189203 0.6064008 0.2658605
0.8996400 0.3395428 -1.1755478
1.0789801 -0.3564449 -1.2593122
0.4785137 0.3074757 0.5076516
-0.3128392 -0.7068467 -2.9150579
1.2360001 0.5267818 -2.1502848
1.1229224 0.6429877 0.2142810
0.2777734 -0.6735145 -1.9378881
-1.9870479 1.2096081 -2.7329490
0.3131010 -0.7168936 0.2950204
-0.1777702 -0.7743988 -1.7629050
0.1073824 -0.1799457 -2.1278832
0.2375454 -0.3682880 -1.0049660
0.4852042 0.3920604 0.5243999
1.1147572 0.1803324 -0.5334339
0.5305521 0.5406203 0.4794863
0.3705090 0.0387496 -0.7343640
0.6690091 1.1639907 1.6717933
0.7616353 -0.7987196 -1.4908025
-0.2135873 0.2132542 -1.6754824
1.0570203 -0.5067825 -1.2866653
0.7184693 -0.8027292 0.8643477
0.3767560 0.1606775 0.1606113
0.6038730 -0.0034892 -0.8817880
0.6554945 0.0390058 -0.5663691
0.8002238 0.4543359 0.4229158
0.6722482 0.5042683 0.4804068
0.6325790 0.2301266 -0.9171596
-0.0385809 0.5105839 -1.3016812
0.6396815 0.3493851 -0.6995230
0.4899234 -0.3625756 0.7255474
0.7176547 -0.7284467 0.6428924
1.4668852 -0.2708546 0.8932569
1.2782506 -0.2138353 1.1069961
0.6425650 -0.3559397 -0.2691507
1.4597503 -0.1816088 0.5872028
1.4939506 -0.1710753 0.5561366
1.5560350 -0.3241536 1.0594679
0.6284931 0.4954531 0.9003142
1.5457066 0.0038882 0.9858550
-0.9050567 0.2551399 -2.3823040
1.2454940 0.2268192 0.5722139
1.5112642 -0.1209830 0.5391226
-0.0127871 -0.2246726 -1.9287499
1.2522153 0.0878775 -0.7358478
0.5883484 -0.6210603 -1.7011642
0.4219758 0.1291402 -0.5285544
0.0157939 -0.9010462 -2.8554118
1.5563992 0.3272910 -1.0813020
1.5258920 0.4897247 -1.4215806
0.8816881 0.3316554 0.5805102
0.9447809 -0.6574817 -1.5113740
-0.4465624 0.3979163 -2.1394036
0.1782869 -0.5676439 -1.1575232
-0.6201178 0.2107903 -2.1061018
1.0362021 -0.2451314 -0.5271224
0.7904844 -0.0412934 1.1217803
0.6087878 0.7081201 0.5244801
0.5786824 0.4445154 0.7266350
0.7223811 0.3575084 -0.0441865
0.6241137 -1.3478535 0.3096328
1.0603352 0.1012322 0.3900729
0.9632711 -0.6341620 0.3097059
0.8898728 -0.2751007 -0.1665229
1.3379002 -0.2538183 0.7422656
0.3599188 -0.5858231 0.0075864
0.5151426 0.3572685 0.5646026
1.3985072 0.4057207 -2.2246490
1.5271363 0.4225561 -1.1462835
0.9669697 0.7511556 -0.3232476
0.9617373 -0.4069744 0.4677442
0.9436831 0.2141523 0.6929951
1.0597583 0.1560254 1.9273487
1.5710505 0.4721616 -1.6371945
1.6831360 0.6073854 -2.9633336
1.2863135 0.1279949 0.7298364
0.7135777 -0.6439555 -1.1661633
0.2292937 0.4492896 -1.0027831
0.7386574 -0.4962781 0.8874013
1.5341400 0.2643260 -1.5911506
-0.3919589 0.2319778 -1.7906526
0.3376067 0.1107874 -1.1941851
0.0737057 -0.5517675 -2.0495749
0.8900658 0.3343366 0.5545173
-1.0313399 0.3240603 -2.4185843
1.0189078 -0.2642863 -1.0162047
1.1985039 -0.3558025 1.0628679
1.4869488 0.0073974 0.6042182
0.3478765 -0.5198846 0.0468164
0.7207279 -0.7079887 0.6459724
0.3642926 -0.4921742 -1.8419412
1.6480808 -0.0017378 0.7815211
1.4180272 0.0327916 1.3737969
0.8877994 -0.3332773 -0.5660950
0.7495037 -0.8526299 -1.4601685
-0.5554227 0.4545984 -1.9359224
0.7091169 -1.2299036 0.4508198
0.7310627 -0.0065679 1.1099783
1.1312605 0.3552209 -0.6939448
-0.0232763 -0.6912106 -1.5861059
0.7236869 0.3128844 1.2353064
0.0610679 -0.6700708 -1.3507413
0.2456247 -0.4544206 0.1095570
0.2234107 -0.0998618 -2.1207933
0.6473185 -0.0494210 -0.5256227
0.8718024 0.7023477 -0.0499487
0.5972771 0.7990618 -0.0846547
0.4623561 -0.7133998 -0.9529139
0.6237896 0.8093532 -0.0678769
0.7194877 -0.2032753 0.7229296
1.0399575 0.3305273 -0.6224322
0.1381092 -0.5506495 -1.8115556
-1.5298370 0.6556426 -2.6154847
1.3486383 0.1361151 1.0122257
1.2459788 -0.2993791 1.5182067
0.8124923 -0.1743574 0.9265909
-0.0618132 -0.6322111 -2.8508816
1.3021588 0.5042866 -2.3669744
0.5935681 0.0795672 0.7573650
1.5444978 0.4345294 -1.7738338
0.5117802 -0.9129779 -1.2039834
0.7133884 -0.8845319 -1.4062943
0.1839530 -0.6574990 0.3683400
1.1976296 -0.0673109 1.2760875
0.6131251 0.0370770 -0.5245839
-0.2028641 -0.6061307 -2.6422803
-0.0187541 0.5292721 -1.3480327
-2.1513040 1.2439044 -2.6112447
1.3637091 0.2588421 -0.8510353
0.6502174 -0.8104102 -1.4177052
0.0390155 -1.0933801 -2.9239905
0.9656981 0.0412943 -0.1723802
-0.0971971 0.3289680 -1.7648212
0.4662939 -0.4139410 -0.0218945
1.2853408 0.1275111 1.2117323
0.1744548 0.1166505 -0.9628281
0.8530034 -0.2402959 0.3790380
0.5182781 0.4157381 0.0631713
0.1939830 0.0740603 -1.0188575
1.0989792 0.2795937 0.4400325
0.6799461 2.2010098 2.2415359
0.7189850 -0.3230689 0.7175058
-0.2755810 0.2923424 -1.5382860
-0.9925745 0.3800558 -2.3457150
0.6890571 0.3676651 -0.9232756
1.6725005 -0.0342341 0.6963451
1.1101207 0.5906074 0.1854379
0.4142511 -0.0924296 -1.1732600
0.4364338 -0.3075471 -0.3693457
-1.9108686 0.8471719 -2.8458817
0.8055239 -0.3083269 -0.8283223
-0.0901008 0.4850025 -1.2897258
0.6606107 -0.8628371 0.8658642
0.6208223 0.4455186 0.5284344
-2.1057248 0.9625936 -2.5363903
0.3897603 0.0913097 -0.2547615
1.0902933 0.1754648 0.0909659
0.4600036 0.0452016 0.6969109
0.2977342 -0.7751539 -1.3951330
0.6859458 0.0171243 -0.5234403
0.9403453 0.8367391 -0.6501505
1.3517231 0.0269816 1.0891316
0.7377390 0.3825976 -0.6467273
0.9725896 0.6530142 -1.2289379
0.4674298 0.1943625 0.1508194
0.1445814 -0.6469490 -1.7403947
1.2700417 0.5517399 -2.3446550
0.8789275 0.4201619 -1.1287242
0.8387963 0.0427659 -0.4867562
0.7053068 0.1461124 0.9031033
0.7397249 -0.6473802 0.8503134
1.4205338 0.3107799 -0.8236384
0.3862509 -0.0672451 -1.4488928
1.6393015 0.6429945 -2.9813724
1.4976659 0.3130625 -1.7634947
0.7031986 1.2367681 1.8400863
1.0368881 0.0069343 -0.0674094
1.1771584 0.5582925 -0.7779216
0.8333226 0.2837101 -0.4773601
1.5607775 0.4740846 -1.6204473
0.3423001 -0.6553119 -0.9553630
1.2421302 -0.2827519 0.7963037
-2.3250194 1.2357548 -2.7114589
0.4094157 -0.2714319 -0.8797486
0.7071321 -0.2447386 -0.5728714
-0.0988916 -1.0159175 -2.9518256
0.2145059 -0.7720787 0.0217283
0.3613359 -0.2755298 -0.9018679
0.2652549 -0.1696257 0.5004805
-0.2411476 0.2940145 -1.4825737
0.7537071 0.5292201 0.5580946
0.1017032 -0.2905689 -1.4079130
0.0933256 -0.6707168 -2.3193786
1.0273886 -0.2128091 -0.4628426
0.8936462 0.3207176 -1.2690740
0.8647612 -0.6594576 -1.3949969
1.0016611 0.6487284 -0.3448242
-2.0577734 1.1301420 -2.8910472
0.9849605 -0.5187946 -1.3535775
0.9538221 -0.6646522 0.6986746
1.2500213 0.4415666 -1.5413522
1.1712449 -0.1025344 -0.8091785
0.8843102 -0.4679932 0.0913660
1.1039069 -0.0427603 0.0482734
1.1001054 0.2155629 -1.2514280
1.3731081 0.1908527 -1.6901661
0.7058567 0.3836056 0.9160300
0.3991357 0.2553658 -0.5850227
0.9679024 -0.5579987 -1.2337270
1.0060045 0.6538568 -0.1018015
1.0341463 0.1609654 1.0070130
0.8982129 0.8838649 -0.9449676
0.6031119 0.4201552 0.4295482
1.0599761 -0.2336850 1.1053103
1.1045974 0.2731871 -1.2436960
-0.5510839 0.2154202 -2.0864270
1.2443323 0.6051044 -2.7066743
0.9956843 0.0263088 -0.0942919
1.6453570 0.3994243 -1.2809271
-0.2796413 -0.6544246 -2.9742763
1.3850678 0.1348682 1.2689301
0.7424761 -0.4260844 0.8657503
1.0638858 0.1730991 1.8808064
1.4088874 0.1517230 1.1969966
0.4594882 -1.2749133 0.3029409
1.5361112 0.6526003 -2.6809950
0.7889506 0.2769428 -0.2871159
1.8383917 0.7390035 -2.9690294
0.2353753 -0.4792565 -1.8142045
0.9780809 -0.5923800 -1.5020491
0.7974636 0.2960919 -1.1719131
0.8599922 0.8411162 -0.2397505
0.7586160 -0.4163337 -0.2695681
-0.0545338 -1.0522044 -2.9250600
0.4008825 -0.7421836 0.1726460
-0.1361749 -0.7267147 -2.9610882
0.2250068 -1.1180328 -1.6055247
0.4501042 -0.1551710 -0.6334792
-0.1810567 0.3712950 -1.3202332
1.3693478 0.2763205 -1.8098456
0.7329175 -0.1963658 1.0349602
-0.0814955 -0.8368037 -2.8385382
0.9241886 -0.6541124 0.4087681
1.3515521 -0.3383517 -1.5406229
0.3915577 -0.8227616 -1.7658734
1.5173503 0.5340623 -1.4502741
1.1105809 -0.3063613 1.7485726
-0.0083519 -0.6530331 -2.2240057
1.1352768 0.2649182 0.2338164
0.7006463 1.4116988 1.7754095
0.1481941 -0.2121723 -1.9207829
0.7065216 0.3244621 -1.0203565
0.3340684 -0.2026592 -1.0466840
0.7137036 2.1086123 2.2522950
0.6650948 -0.9451875 0.7560778
0.8531258 -0.6872950 -1.5162245
0.8763241 0.1316069 -0.4420621
-1.2517978 0.5194816 -2.4624305
-2.2141604 1.0761687 -2.5252831
-0.3055963 -0.7362366 -2.9071994
1.4263401 0.6836826 -2.3965414
0.1309611 -0.5976999 -1.6148751
0.8677933 0.3943293 0.0137604
-0.0781377 -0.7090352 -2.7229431
0.6666176 -1.4320986 0.3946295
1.4753764 -0.2169820 1.1065784
1.6321408 0.2216968 -1.3049506
0.2998725 -0.0776396 -1.7315310
1.1183296 -0.3899445 -1.3490745
0.2325157 -1.0894635 -1.5637286
0.5921747 -0.5208129 -1.5598750
0.4771761 -1.1249523 -1.6542145
-1.6059983 0.6383613 -2.6633725
0.5865294 -0.9860294 -1.5899128
0.2196525 -0.8603318 -1.3455904
-1.8916049 1.1386945 -2.6208510
1.0714028 0.1743262 0.4584572
0.8635513 0.7539027 0.0498641
-2.5465040 1.2241498 -2.6580548
0.4856898 -0.9450654 -1.5133152
0.6752133 -0.4964520 0.1759945
1.3088543 -0.2166494 0.6640998
1.0209415 0.6955715 -0.3720580
1.1721487 -0.0662028 1.3113252
0.8643838 0.7745290 -0.1837450
0.6899024 0.3748246 -1.0431049
0.6558123 -0.6885266 0.8072957
0.8121051 0.6424240 0.2642220
0.0202848 -0.2852573 -1.8413507
1.0148422 -0.0214715 0.6489073
0.3861003 -1.0941422 0.1149527
0.9941278 -0.6018376 -1.4391977
1.3312755 0.5725077 -1.0023453
0.6815054 -0.3390134 1.0168881
0.9567811 -0.6535860 0.7181875
0.3039767 -0.9237793 0.0864209
-1.5018834 0.7289506 -2.7073700
0.5120386 -0.5682797 -1.6510249
1.2456384 -0.3515605 0.9851183
0.9268491 0.5002586 -1.1511326
0.9919399 -0.3294272 0.2167502
0.9458991 -0.3175975 0.0070110
0.2096650 -0.5720322 -2.0809944
0.8464016 -0.3253810 0.3702375
0.6721020 0.2054672 1.2218277
0.7246261 -0.1019613 1.0099856
0.8016324 0.7969332 -1.2704092
1.1131113 -0.0350495 -0.6833482
1.1216836 0.2150804 0.1298018
0.9969665 -0.2548572 -0.4652995
0.8661194 0.6640170 0.1334180
1.3116211 0.2644206 1.3150858
0.2947558 -0.0744056 -0.1424203
0.8378447 0.8998321 -0.2764297
1.1040931 -0.2041067 -0.7663468
0.3968728 0.1017724 -0.6403103
0.4532797 0.0311439 -0.7160618
0.7000261 0.3029917 -0.2470076
0.6187393 -0.5514775 0.2529700
1.1762943 -0.2380151 -1.1884065
0.0339904 -0.7852455 -2.9124784
1.2168421 0.0759847 1.5043203
0.5506504 0.4240206 0.1355664
0.7204636 -1.3554142 0.4447648
-1.7437965 0.8547742 -2.6747048
0.6552882 -0.1387249 0.7493437
0.9825518 0.2387589 -0.7708400
1.2723352 0.0782433 -0.8695530
0.4498266 -0.9068553 -1.4364368
1.2441269 0.0489624 1.0844960
0.9931216 -0.1891152 0.3810678
0.7885925 -0.1735475 0.8766513
0.3849666 -0.0634583 -1.0677695
1.1352748 0.2281816 -1.2929550
1.5883948 -0.3931276 1.1497051
0.9224743 -0.4408904 0.0591080
1.5406907 -0.1981172 0.5924338
0.9000986 -0.5705931 0.1882557
0.7787691 0.5534657 0.6124833
-0.6760435 0.4389205 -1.9332346
0.1913791 -0.4142073 -1.9822775
-0.1151908 0.3274809 -1.7901543
0.6850596 2.0873356 2.2541583
0.8448642 0.0009274 1.2537665
0.7369524 -0.4430601 0.9393551
0.5442079 -0.0292014 -0.9082130
-1.0865713 0.3284692 -2.5158472
0.2241274 -0.4288877 -1.0438371
1.3668596 -0.0148257 0.2379785
0.4376591 0.1690707 -0.3118062
0.2874864 -0.9403726 -1.2711746
-0.0503995 -0.5815465 -0.0300900
0.5125479 -0.9443426 -1.4718698
0.1450621 -1.0855241 -1.4974176
-0.4615599 0.4474119 -2.1235051
-0.1111273 0.2654006 -1.7123382
0.0837694 -0.5236228 0.2663524
0.7348881 0.3465892 -1.0731169
0.2175374 -0.7585519 -1.6024133
1.5448750 0.2232366 -1.5569026
0.6996164 -1.0088506 -1.7602928
1.4876837 0.5320669 -1.6407804
0.3126108 0.1493759 -0.7343294
1.0911409 0.0298651 0.5514876
-1.8873286 1.0773824 -2.5607429
0.4612737 0.1778471 -0.1408627
0.9483796 -0.2076456 0.4557333
0.4315019 -0.3321626 -0.3864585
1.3464490 0.4977345 -2.4137080
1.2766403 0.0895428 -0.7113913
0.7723243 0.3921654 -0.8878695
1.3468369 0.6544501 -2.4059029
0.1886530 -0.6002630 0.0342647
0.2344503 -0.9008639 -0.0206921
0.6420972 -0.7988511 0.6552724
-0.1112913 -0.6219944 -2.4629109
0.7038900 0.6499259 0.2287229
0.6837813 0.6594307 0.2989874
1.2304103 0.1242255 0.2841410
0.5126487 0.6130714 0.1009366
0.7241099 -0.5026553 -0.5552506
-0.0126768 0.5191547 -1.3072677
1.4914480 -0.1076384 0.5404395
0.7434433 -0.3111736 0.9519842
1.0164120 -0.4361940 -0.9030753
1.1389078 -0.0525018 0.6834145
1.4169210 0.5416867 -2.0236988
0.9983277 0.4426852 0.0763696
0.9793539 -0.0626082 1.2014550
0.5043200 0.4294683 0.3581067
0.8000275 -0.4323575 -0.5039554
0.9980271 0.1469582 -0.3266925
-2.1134789 0.8833706 -2.5307338
0.6908466 0.0480702 -0.6079904
0.1885750 -0.8027079 -1.3130538
0.9471843 -0.1088511 -0.1370478
0.5603861 -0.6825626 0.1812485
0.5110204 0.2769301 0.4566053
1.4301176 -0.1137941 1.0756160
0.6023397 0.8572634 -0.1558773
-2.3531122 1.0066191 -2.6520891
0.5529137 -0.5485347 -0.0083797
0.1712933 -0.3729532 -1.1169478
0.9205704 0.3633080 -1.2726475
0.6380995 -0.4987849 -0.5381271
0.5649388 -0.5205109 -1.7002716
1.3218931 0.6916054 -1.0975537
0.6043639 0.2011631 -0.6917528
1.4368161 -0.2731511 0.9455695
1.0718430 -0.2059171 0.0825088
0.0950752 0.1080449 -1.1714603
1.1551292 0.4019112 0.5931728
-2.6147809 1.2494543 -2.6238718
0.7545500 -0.7717594 0.7131957
1.2630078 0.0794710 1.5402412
0.4274858 0.1312275 -0.5351323
1.1147532 0.6825374 0.5769013
1.7697152 0.6887721 -2.8997989
0.6555817 0.3117291 -0.2226542
0.9448209 -0.5892385 -1.2819669
0.7635035 0.2196420 -0.3898288
-0.1930063 -0.5622181 -2.8241625
0.2866843 -0.8849964 -1.3187519
0.5246444 -0.7095318 0.3650258
0.9152053 0.4182740 -0.6063863
0.8906428 -0.6142527 0.2415430
-2.0843639 0.8212950 -2.5784953
0.2080444 0.1651645 -1.3320580
0.4768340 -1.2192367 0.2166973
1.1105132 -0.1123360 0.2545883
0.7948867 0.6288413 0.2541815
1.3120482 -0.0289733 1.1206759
0.2640453 -0.1475552 -1.8512287
-0.0538996 -0.2537147 -1.9734730
1.1931665 0.1899320 1.1425098
0.6227504 0.0962063 -0.5143125
1.2973067 0.2580349 0.3977123
0.8279701 0.7210732 -0.1350320
0.0573025 0.5130038 -1.2967329
1.4010600 0.1095999 -0.9675953
-0.0357137 -1.0359033 -1.6249129
0.3616555 -0.1217671 -1.6197736
1.3875307 0.4221634 -0.8087527
-0.0052166 -0.9128693 -2.9404433
-0.0558005 -0.6306215 -2.7855873
0.3517065 0.2924788 -0.6986674
0.6754873 -0.3933398 -0.8061826
0.0338366 -0.6790972 -2.2240016
1.4104710 -0.2507504 0.9824264
1.3181202 -0.3855813 1.4251382
0.0102318 -1.0997742 -2.9099126
0.8651955 0.1334554 -0.4562491
-0.1453112 0.2062938 -1.4813544
1.0330049 0.0593732 0.4950028
1.2690895 0.2936537 -0.8700694
1.3450769 0.5534406 -2.4870338
0.7625911 -0.8814493 -1.5775064
0.4934837 -0.2223772 -0.6118670
-1.9830527 0.8070094 -2.8467791
1.3197857 0.1537759 0.8806618
1.3922460 0.0839482 0.2789986
1.2113521 -0.0800122 1.3869258
1.5598406 0.0387730 0.7818303
0.6842658 0.6108687 0.8907405
0.9220660 0.8111856 -0.4308047
0.8874061 -0.3464909 -0.0030235
0.2826479 -0.4418182 -0.9610266
0.8633574 -0.2201617 0.9325615
0.6105890 -0.4770127 0.6212953
0.9636672 -0.4760931 0.2311211
0.1234211 -0.3437415 -2.0542476
-0.7189599 0.4407828 -2.3564403
0.9466823 0.2931010 0.5379434
0.2191916 -0.7688638 -1.4446554
0.4676167 -0.4049369 -1.3791440
0.5703063 0.2324898 -0.3846561
0.4405864 -1.0864171 0.1447777
-0.1004129 -0.4131369 -1.7396748
0.7384486 -0.1663771 -0.9780873
0.6584280 0.5939916 0.4018558
0.6876570 0.6694329 0.3203819
1.0041227 0.3974065 -1.3542229
0.6614504 0.4096303 0.4724144
0.6893451 0.3306852 -0.7701352
1.1863649 -0.3974227 0.9544212
1.4148896 0.2246344 0.2340652
0.3524610 -0.6572760 -0.0287330
1.5752980 0.0044541 0.5842719
0.3392936 -0.1293774 -1.3756920
1.3201481 0.5124168 -1.5958118
0.8381763 -0.6647030 0.3125615
0.0746373 -0.7118047 -1.3498850
-2.4696624 1.0936995 -2.6520505
0.9631135 -0.7377876 -1.0039337
0.1544050 -0.8732643 -1.3915704
0.4003927 -0.0672248 0.6866964
1.0902667 -0.3967035 1.1387664
0.5022762 0.0464827 -0.6746302
1.3371907 0.0408973 1.0322707
0.5004786 -0.1803741 -1.0956666
1.4712927 -0.2562312 0.7379695
0.7682379 0.4242632 -0.0297952
-2.4687350 1.2585815 -2.6857591
0.9818330 0.1249438 0.7072299
0.3003393 -0.6692773 -1.0050621
0.0044897 -0.6655535 -2.2429357
1.0419244 0.7864024 -0.9917798
0.7162971 -0.2534885 0.6847476
-1.4295560 0.5629365 -2.7432020
0.4390901 -1.2417970 0.2468943
0.6755022 0.2166486 -0.3964479
0.9800051 0.5872509 0.5781867
-0.1656341 0.2703460 -1.8035554
1.2725303 0.1986037 0.2751491
1.3955297 0.6385700 -2.1637037
0.0904142 -0.3062087 -1.4182028
1.3606803 -0.2750932 0.8651499
0.7219272 -0.5035204 -1.1498171
0.9033806 0.3269167 -0.9407371
1.1130247 -0.4258893 -1.0997435
0.7186974 1.5444515 1.9258957
1.4771260 0.6394145 -2.2881181
1.0741251 -0.0353828 1.2624382
1.5566139 0.2917020 -1.0161620
0.0637724 0.5388183 -1.4316654
0.8528310 0.8375275 -0.3742459
0.6871105 -0.3735751 -0.7809237
-1.3712057 0.5776317 -2.5654881
0.9992789 0.1246538 1.2421070
0.7446970 -0.8506420 0.7552574
0.8929044 0.2508252 -0.4104831
0.9006807 0.2613202 0.7068239
0.6610865 0.2932467 -0.5422723
0.4516911 -0.2205312 -0.8030552
1.3267899 0.2318477 -1.6018867
1.2851286 0.4444595 -1.5707159
0.8713604 -0.4028495 -1.0442393
0.9262175 0.7678618 -1.3630950
0.7137324 1.6979492 2.0865273
1.1903453 -0.2445054 1.5202854
1.3125589 0.4862799 -1.9014273
0.1389394 -0.2256293 -1.7717279
-0.1570947 -0.5919456 -1.8218200
1.0068038 -0.5062886 -1.0972238
1.4059794 0.2085200 -1.5428334
0.5096581 -0.5799744 -1.6392701
0.1246635 -0.6000263 -1.6291132
1.3458259 0.2034423 1.3943980
0.1977075 -0.5470444 -2.1254671
0.8324819 -0.6744941 -1.4212803
0.3952269 0.0644884 0.6084326
1.2716718 -0.3019708 1.0208808
0.6871689 -0.5154133 0.7955960
0.8191151 -0.5892204 0.4616844
-0.6777303 0.3532308 -2.0206935
1.3119669 -0.2168158 0.6595680
0.7447217 0.2434133 -0.9557794
0.8243119 -0.5916178 0.3939895
0.3592969 -0.2652118 0.0388457
0.4631612 -0.0719762 -0.7362413
0.9129717 -0.5446540 -1.0528847
0.3313148 -0.5653194 -1.1841824
0.2323909 -0.2647960 0.1842795
0.6370698 -0.9030674 0.7334718
0.6362262 -1.0787171 -1.8359330
0.8999479 -0.5783935 -1.1882484
-0.1232165 -0.7420324 -2.7902381
1.5436584 0.0551246 0.8854488
0.7298254 -1.3184310 0.4482129
0.1264916 -0.5535654 0.4096880
1.1194988 -0.2651057 1.5749837
-2.2603335 0.9118245 -2.7472267
-1.0280086 0.4461237 -2.3663650
0.4313088 -1.0756174 -1.4669690
0.4230093 -0.3066835 -0.3180906
0.8470570 0.3845054 -1.0264102
0.2960216 -1.1975366 -1.6603812
0.4582764 0.3260257 0.5837668
0.8916991 0.6834098 -0.0609666
1.4634347 0.0973491 0.8563253
0.7432518 -0.7737359 -1.4215745
0.9276290 -0.0132450 1.3407687
0.7392652 -0.4681625 0.9094996
0.8858754 0.8445429 -0.3702373
1.0569352 0.6556523 -0.9026143
1.0111077 -0.2040950 0.1126479
1.1505134 0.4857921 0.2814522
0.1255391 -0.9209298 -1.3657364
-0.0286496 -0.6321570 0.0524026
0.4324555 -1.1397016 0.3224375
0.2762466 -0.9155827 0.1750310
1.2663541 -0.0975488 0.1494326
0.6626162 -0.4489355 0.8709643
0.7183396 0.5073408 1.3904284
0.6424012 0.5109430 0.3967429
0.9211702 0.3758744 -1.1813498
0.3662207 -0.0507440 -1.2515174
1.4717269 0.1723768 -1.0109596
0.9488970 0.7652349 -0.9659465
0.9830514 0.6798754 -0.3206169
0.6636590 -0.2475194 1.0052361
0.1151984 -0.9403287 -1.3955009
0.8033531 0.4202823 -0.8786505
0.3923067 -0.2364641 -0.9956956
0.5867733 -0.4037693 -0.0681960
0.9175284 0.7650211 -1.0722910
1.0189773 0.7861822 -1.1432008
1.5118899 -0.0275909 1.0062544
0.9993144 -0.3836809 0.2436885
0.2328795 0.4079425 -0.8906301
1.2246767 -0.2273989 -0.9595346
0.5538434 -0.1488240 -0.4790702
1.0746443 -0.2200226 -0.7093329
-0.1318233 -0.6400266 -1.5910769
0.7101176 1.9563209 2.2302408
0.8682579 -0.6827958 -1.4801311
0.8504378 0.6210601 0.3452983
0.3112839 -0.0603649 -0.8867357
0.6578414 0.2618549 -0.9322301
0.2452751 -0.7108179 0.3153018
0.6863421 -0.3986500 -0.3883646
0.1513661 -0.2200037 -1.7230356
1.2950656 0.4214141 -1.4924301
0.7739691 -0.2987607 0.5818001
0.6976329 0.9655511 -0.1399064
1.1003151 -0.2359849 -0.5193703
0.2974180 -0.9657494 0.0392408
1.3138332 -0.2744887 -1.3146366
1.4798057 0.0841699 0.9664975
0.3283773 0.1249783 0.0855438
1.0328655 -0.0970088 0.5801553
-0.0808671 0.2462928 -1.6288152
1.1261891 -0.0121845 -0.6947511
0.4670582 -0.7500548 -1.7375802
0.9674241 0.2093132 -0.4923026
1.2835819 0.5378299 -2.0249038
0.3432769 -1.0596888 0.2637166
0.9774315 0.7694471 -0.9061989
-2.3855960 0.9914430 -2.6308460
0.7305343 -0.2126678 0.7112262
0.8496718 -0.5124924 0.0718720
0.7286749 -0.8147668 0.7782333
0.6604421 -0.5682003 -1.5673742
0.6901739 -1.4679565 0.3274073
0.4677388 -0.0023425 -0.4436843
0.7397940 -0.1907275 1.0013816
0.2319149 -0.0737201 0.0781936
0.6129048 0.2982710 -0.0208904
0.1534806 -1.0124451 -2.9527225
-0.0816104 -0.6013129 -1.6112436
1.2563505 0.1477695 0.5508117
-0.1128220 -0.4419501 -1.9366732
0.4985995 -0.5500678 -1.6497384
0.5242856 -0.4456870 -1.6965085
1.1391376 0.3898173 0.2932245
-0.1406026 -0.5566365 -1.6011400
-1.7181574 0.7851033 -2.6661615
1.1910462 0.0390009 0.0178656
0.1526657 -0.7443177 0.0594602
0.4739950 -0.9952473 0.2500886
1.1348792 0.0864439 -0.7693405
0.9647574 0.8739069 -1.1598639
1.2702209 0.3039537 -1.6905469
-0.0719249 -0.6678185 -2.9703522
0.9365929 0.4529531 -0.9998964
0.5012505 0.5046700 0.1262216
0.1249427 -0.9139243 -1.3586640
1.0102779 -0.2051778 0.7725108
1.1922996 -0.2537722 -1.1996394
0.7104217 -0.0010885 0.9760662
0.8701887 0.4898580 -0.7826820
0.5562218 0.1172077 -0.4686823
0.7042975 0.0626844 -0.8822451
0.7069375 1.7712301 2.1718855
0.3630557 -0.2593269 -0.0104029
0.5017471 0.2227735 0.3675966
0.0213746 0.3682595 -1.0229443
0.4654025 -0.5852263 -1.7696120
0.9115022 -0.0632381 1.2079973
1.3527194 0.2338290 0.2470676
1.0571427 -0.0439786 0.5069598
0.8994207 0.8813750 -0.9310199
1.2654490 0.6565518 -2.6640680
1.5752453 0.1613380 -1.2186365
0.4324802 -0.3034598 -0.2299381
0.2102328 -0.4685124 0.1206079
1.0228584 0.6840666 -0.3908297
0.7991353 -0.5465005 -0.6882968
-0.1113747 -0.3146578 -1.9521466
-2.3935330 1.2621422 -2.6331539
-0.0863804 0.5365064 -1.4437401
1.0834959 0.0411829 -0.7500553
0.6491030 -0.6259401 0.6523227
0.8939614 -0.1735936 0.6064271
0.5406424 -0.1426608 -0.4832021
0.6955972 -0.9338579 0.7922770
-0.9464370 0.3977751 -2.3065438
1.0559301 0.2990602 -0.5250981
0.0769458 0.2524302 -1.4966524
1.2777053 -0.2845368 1.3662952
0.2039004 -0.6690830 0.1703391
0.7073204 0.7436660 -0.4583743
0.0811687 -0.4964103 -1.3670520
0.2639903 -0.1777969 0.1302532
1.4962473 0.1355817 1.1679220
0.7000514 -0.0468394 1.1665975
0.5421243 -0.4952298 -0.5483705
0.2308756 -0.1823606 -1.6385856
0.7223053 -1.2349625 0.4101109
0.6610475 -0.0113885 -0.8755342
1.5392183 -0.1636340 0.9788920
1.3271586 0.2176258 -1.6822820
0.2608594 -0.2000948 0.4352579
1.2521318 0.4380742 -0.9820094
0.6569036 0.0885007 -0.7002180
-2.1866090 1.0610706 -2.5028834
-0.2561535 0.2720734 -1.9151549
0.4082360 -0.8392473 -1.2955931
0.7201616 0.1176610 1.2042973
1.1231709 -0.3182103 1.6384740
0.2449681 -0.6902302 -1.2117735
-0.3098848 0.5198439 -1.8396940
0.4181251 0.0607884 0.6448300
0.3971334 -0.7137875 -1.8198335
1.2462037 0.1302829 -0.6204706
1.1004227 -0.1522373 0.3481578
0.7247283 1.7364792 2.0481462
1.0078551 -0.2430438 -0.6273808
1.0633185 -0.0274278 -0.4208606
-0.2450693 0.2533800 -1.5352665
0.9331130 0.2740500 -0.0267825
0.1970280 -0.5550503 -1.1273031
0.9614881 -0.5676023 -1.1428355
0.0686621 -0.8573062 -2.9495614
-0.3388229 0.3204519 -2.0432458
0.0440438 -0.5029581 -2.4597971
0.1036549 -0.2846680 -1.4090880
1.7595395 -0.1643346 0.4716119
0.6590226 -0.5159287 0.7101065
0.0263577 0.3627994 -1.0199170
0.3389401 -0.4460601 -1.1370091
0.2649965 0.0719140 0.0987067
0.7164155 0.8068194 1.4674803
0.2610561 -0.3887134 -0.9719493
0.6237116 -0.9352172 0.6644281
0.5540340 -0.2052310 -1.1671103
1.3525398 0.0438541 0.2211127
-1.9558387 1.1666564 -2.8174605
0.6527587 -0.6910474 -1.0031643
0.3038900 0.2971777 -0.7319191
0.2995532 -0.0014096 -0.2735094
1.3633716 0.1811737 0.5734970
0.2372186 -0.3754473 0.1547096
1.0096301 0.3733045 -0.6193775
1.3028992 0.0883454 1.1390942
0.7095717 1.5131691 1.9658169
1.0366111 -0.1876849 0.2919087
1.2963495 -0.2365400 -1.3369025
0.7072662 -0.0805875 -0.5029697
1.2492501 0.5962686 -2.7395496
1.2134172 0.1829063 0.5290900
1.0112540 0.1531584 1.0443823
0.6832221 -0.1657920 -0.4634746
-1.2657926 0.4002225 -2.5826488
1.0155869 -0.0752770 -1.0004290
0.0040216 -0.3494522 -1.7287647
0.4256012 0.0007944 -0.9421914
1.1347847 0.3108887 0.2186809
0.9836170 -0.6166306 -1.4557363
1.0676181 0.0495878 -1.2046256
0.7149404 -0.7060632 0.8563400
-2.2330914 1.0710766 -2.5042024
0.9039332 -0.5249832 0.5802490
0.8951417 0.8173642 -1.2766761
0.4627663 -0.5727395 -0.8312459
0.2513219 -0.7326307 -0.0909411
0.1618888 -0.5661717 -1.7470099
0.3319258 -0.5924102 -1.4274753
0.5462454 0.3226968 -1.0453247
0.1081156 -0.6637244 -2.3108387
0.2813154 -0.4259776 -0.9555773
0.6213715 -0.5555011 0.2778349
0.7421127 -0.2554609 -1.0391989
0.5147033 -0.4730422 -0.1086066
0.5170349 0.2195956 -0.2084331
0.9468079 0.7224134 -0.2123138
1.3216949 0.2476698 -1.5034099
1.0030948 0.7606345 -1.0069691
0.4584142 0.5080097 0.5480729
0.1687777 -0.4315478 -1.9613379
0.7156888 -1.3733591 0.3790228
1.4901865 0.6047328 -2.9221082
0.7401589 -1.6497024 0.2299999
0.8918238 -0.6215371 -1.2874345
0.7115319 -1.1242874 0.5027211
0.6594561 -0.4079153 0.9143550
1.4166673 -0.4327032 1.2771368
1.3098462 -0.3325734 -1.4037992
0.5349835 -0.6867614 0.2524872
1.4014137 0.4582718 -1.4160073
0.4074925 -0.2486269 0.7765487
1.0630919 0.0388528 0.4358644
0.9792634 0.2095291 0.0585731
-0.6095847 0.4176869 -1.9409469
0.1952311 -0.7075780 -1.6801342
0.8315846 -0.6507646 0.2940857
1.2263921 -0.4379562 0.9069076
-0.1404250 -0.7443309 -2.9657960
0.8836737 -0.0216953 -0.5092574
1.4424273 -0.2154458 0.6447840
1.1383270 -0.2806207 -0.8889997
0.3936710 -0.6079161 0.1277953
0.4008622 -1.2018661 0.2250263
0.8039783 0.2289556 -0.8403459
-1.1409705 0.4682234 -2.4407389
0.9656436 -0.3444802 0.5078728
0.2171020 -0.5132652 -1.1950034
0.5162590 0.5477729 0.1420946
-1.2855718 0.6090438 -2.6224835
0.8037751 0.7134150 -0.1350849
1.3233196 0.4587695 -2.3488672
1.0665859 -0.2472295 -0.4860478
0.7489845 0.4775180 -0.0931260
0.1491422 0.1653245 -0.9595284
1.3047271 -0.1249486 0.1105588
0.9424745 -0.2029142 0.1615820
0.6777111 -0.8910694 -1.5930066
0.3267359 -0.2605590 -0.8320357
0.6563042 0.2084709 -0.9903179
0.5862597 -0.1472239 -1.0869035
-1.5017838 0.5593389 -2.7200329
0.7220576 -0.4636753 -1.1814930
1.1488720 0.2899823 -1.2900534
0.4832789 -0.8542514 -1.2601084
0.5577821 -0.3858835 -0.6237394
1.4624821 -0.3024689 1.1943840
0.6181351 0.1846883 -0.3873239
1.5666469 0.0358710 0.8773021
0.5194065 -0.2801711 -0.5460701
-2.3823204 1.1919636 -2.7095313
0.7287698 -0.4294143 0.7559467
1.1106526 -0.1108773 0.2554369
0.5570844 0.2599346 -0.5137528
-0.5837418 0.3974626 -1.9076266
0.6855419 0.7533255 -0.1056463
1.1076669 -0.1451797 -0.4600579
0.3793708 -0.3020565 -0.9258983
0.6294811 0.1453829 -0.9198079
1.0818561 0.3026415 -0.8673235
0.2511041 -0.4802762 -1.7342718
1.0221997 -0.0276857 1.4566327
0.2746865 -0.3951994 0.1222327
0.5890177 0.8145084 -0.0248927
0.7435905 -0.1940687 -0.5569420
1.0650402 -0.0426086 -0.0438764
0.7256036 0.5657547 1.3790931
1.0926812 -0.3892428 1.6769785
0.8996154 -0.4235778 -0.7340434
1.4416561 -0.2810329 0.8311268
0.3164817 -0.5281051 -1.2460976
0.3163196 0.3973917 -0.8605802
0.8520980 0.6718050 -0.2208763
1.3650151 0.4410388 -1.0824900
0.6669633 -0.5572202 0.3006579
1.0381563 0.0201406 -0.3658394
0.1208502 -0.1667265 -1.6923645
0.1429156 -0.2945702 -1.4727409
1.1735770 0.6013565 0.3347937
1.4738495 0.8812186 -2.9178717
0.4523298 -0.9073911 -1.7277330
0.2158512 -0.3608274 0.1576351
0.1748307 -0.6200634 -2.0232129
0.0805284 -1.0709105 -1.6380817
0.0281805 -0.2838591 -1.8200871
0.8167696 -0.2635539 0.6028469
1.3360745 -0.1064656 0.5838000
0.9809054 0.8456558 -0.4449513
0.6346398 0.7238900 0.5882316
0.3451211 0.1218122 -0.1308141
1.4066154 0.5657637 -2.5748425
0.4742520 -1.0856824 0.1681482
0.6041989 0.3570510 0.0121110
0.8480979 0.6684121 -0.1828273
0.3653941 -0.6658982 0.4483487
0.1718181 -0.5791036 0.2894158
0.9422203 0.2623034 -0.0037608
1.2425153 -0.1101559 0.0892212
1.2939935 0.4608409 -2.3150270
1.7981149 0.5961092 -2.8771324
1.3282132 -0.1801709 0.5964218
1.1281213 0.0661523 -0.5330217
-2.2366173 0.8928892 -2.8144195
0.7052861 -0.4634642 0.7407295
1.1311207 -0.3080145 1.5823936
0.2339982 -0.6663744 0.3708562
0.8720903 0.4874393 -0.7792723
0.6668006 -0.4041565 -0.5660520
1.4466341 0.4333189 -2.0429492
-0.6812475 0.4336200 -1.9625865
0.5283101 0.8938068 -0.0907227
1.7993201 0.6041743 -2.8654530
-0.2350803 0.2397715 -1.5404198
1.0968745 0.1999934 0.1298649
0.5790419 -0.0180835 -0.7429654
0.9091057 0.7301388 0.7577230
1.5352541 0.4998907 -1.6668501
0.9691719 0.1557783 -0.2713201
0.7217591 0.2856794 -0.5462223
0.6627122 -0.4917615 0.8534879
0.9009731 0.7932744 -1.3636351
0.4741323 -0.0990756 -0.6913317
0.8266414 -0.1012752 -0.4535521
0.5205866 0.5039639 0.5464477
1.4347442 0.5573671 -1.3951231
-1.8863482 0.8821156 -2.5843804
0.9232464 -0.0171783 1.2111158
0.5152250 -1.0605789 -1.7049053
0.3378870 -0.5792914 -1.0215547
0.4604960 -0.3476067 -0.1854312
0.6115268 -0.5889392 -0.8585075
1.1527015 -0.0253860 0.2348645
0.5512480 0.7293881 0.1855913
1.2222403 -0.3730424 -1.3099107
0.5218709 -0.4560083 -0.7277324
0.2376670 -1.0192916 -1.3723992
0.4029788 -0.1775454 -0.8041062
0.5083494 0.4869289 0.2487810
0.8309716 -0.4724645 0.3399884
1.0433062 0.0191971 0.4386397
0.5133658 0.0403170 -0.6994964
0.9632466 0.6494629 -1.2322505
1.5289834 -0.0574118 0.5372066
0.1690161 0.4471318 -1.0385693
0.7170410 -0.5420462 0.7692782
0.1589943 -0.2228829 -1.3142660
0.5408413 0.3594962 0.4139513
0.9920732 0.3101408 -0.8637698
1.4345322 0.4262947 -2.0963027
0.6673020 -0.7505758 0.8979105
0.5235268 0.3636926 0.1261684
1.4080597 -0.2778447 1.1715738
0.4341268 -0.3182734 -0.8062172
0.4806333 0.2815192 0.2571904
0.5968748 -0.3952932 -0.6156976
-2.4201012 1.0217812 -2.6599770
0.6789510 2.2241142 2.2311394
-2.2096407 0.9002395 -2.8453510
0.8341507 -0.4799632 0.2577459
0.9174033 -0.5983865 -1.4541906
0.2676723 -0.4472354 0.0939954
0.2260424 -0.3661643 0.5445007
1.1293983 0.3603497 -1.1695662
0.9348438 0.3829353 -0.5816788
0.7876322 0.1989188 -0.8910491
0.9221524 0.3960433 -0.5885203
0.7568896 -0.6758473 0.7286603
0.8924518 0.1911511 0.8369182
1.1817874 0.1072451 0.7847988
0.6314041 0.2273255 0.7808505
0.9943273 -0.1103812 0.7073981
1.4737129 0.5789373 -1.0298216
1.1802686 -0.3573592 1.0390909
1.0190374 -0.5155712 -1.4547888
1.1141201 -0.2522441 -1.1193826
0.4200683 -0.3075995 -0.1736429
1.3455940 0.0819965 -1.3615766
1.0626351 -0.5223811 0.1240490
1.5193223 0.6324078 -2.8076823
0.4086886 -0.0456895 -1.2570537
0.9354569 -0.5243500 -1.3067564
0.6707151 -0.5583096 0.3420523
-0.4104152 0.3462427 -1.6800690
0.7181779 -0.8955621 0.5292376
1.4993292 -0.1489869 1.0010209
1.8573860 -0.0836745 0.4673565
-0.5522783 0.2327490 -2.1567762
0.5387604 -1.0149416 -1.6277035
1.1559838 -0.2882880 -0.9339806
0.6387401 0.1149168 -0.7332667
0.7602594 -0.8042892 0.6619289
1.2721775 -0.2758588 -1.2513182
0.0211187 -0.2787378 -1.6095477
1.0637527 -0.0797943 1.2121781
0.2731782 0.0376246 0.3921750
0.3624787 0.0135152 -0.7170745
1.8384486 0.8159246 -2.9324858
0.2718132 -0.2695790 -0.9506365
-0.2229921 0.2097479 -1.6336712
1.1269557 0.0108375 0.7096180
0.6567503 -0.3695824 0.9289143
1.1475561 0.1728216 -1.3032434
0.1903018 -0.9173456 -1.3306460
0.2156795 -0.1901728 -1.6860288
1.0834326 0.1018977 -0.4677210
1.5672170 -0.0145286 0.5710778
0.7891285 -0.3210579 0.5024614
0.7268795 0.3847376 -0.9284512
0.7448546 -0.4155176 0.8884684
0.8564916 0.2431699 -0.8432375
0.2582689 -0.3683012 -1.0868779
0.0630228 -0.3708463 -1.3938962
1.4494319 0.5487214 -1.3271614
1.2366903 -0.0680125 1.2250234
-2.2678695 1.2271215 -2.5747690
0.1874323 0.2080322 -0.8912163
1.4182529 0.0443771 1.0406625
0.9210666 -0.0062605 1.2881818
0.9416728 -0.5067259 0.3098460
0.6896818 -0.0881129 -0.5045581
0.5705041 0.7349612 -0.2866211
0.7800841 -0.1784968 -0.9357186
-1.5840440 0.7193456 -2.7704942
-2.1690011 0.9146450 -2.8535845
1.9645964 0.7633888 -2.9368865
0.2908438 -0.5750299 -1.5273367
0.3610897 -0.3803238 0.0662766
0.7298886 0.3764016 -0.8126342
1.0576340 0.1204754 1.1152145
1.4591722 -0.1743868 1.2328326
0.6932517 -0.6310172 -1.0629491
0.6556296 -1.8409302 0.1415169
1.0866839 -0.5170738 -1.6083115
0.3534572 -1.1785321 -1.6028250
0.6454267 0.7158651 0.2399982
0.6940773 0.3302779 -0.1859885
1.1036761 -0.0416476 -0.7677076
0.5810870 -0.1094796 -1.0295153
0.7453283 -0.3984173 -0.5772142
0.7365131 -0.4865174 0.6847255
-1.9778408 0.9921376 -2.9044943
1.1197149 0.1370088 -1.2867644
0.7808180 -0.1733775 0.6224750
1.5006660 0.6728128 -2.5088394
0.6889652 2.2053435 2.3169067
1.3182184 0.5897817 -2.5764129
1.2976106 0.3911492 -1.4931289
0.8081216 -0.5151246 0.1581285
0.6573752 0.3560526 0.5303367
0.8531938 -0.4347799 -0.4052544
0.7467455 0.5464316 0.5400400
0.7130683 0.7702315 -0.4237706
0.8039023 0.8093564 -0.5049962
1.1345359 0.0111826 -0.0107328
0.3129782 0.3310556 -0.7617146
1.3218366 0.0653547 1.1078517
0.9900059 0.1462449 -0.2845088
1.4503069 0.3657333 -0.9808501
1.2145711 -0.0282593 0.0356701
0.7049317 0.3801933 0.8908525
1.0229374 -0.4181156 0.5109792
0.7731465 -0.8673521 0.6147981
0.4078713 -1.2084535 0.2504056
1.1838236 0.0893906 0.0711786
0.3593767 -0.1151844 -1.6501119
1.0116779 0.2693183 -0.8111756
0.4017058 -0.9806362 -1.4009835
1.3017942 -0.2368530 -1.3650378
0.3380609 -0.3035455 -0.8009143
1.0006793 0.4801010 0.0601936
0.3767332 -0.2701351 -0.4274592
1.3451215 -0.2634902 0.8150961
0.4823742 -0.0682273 -0.8982611
0.6755089 -0.7793579 0.7976326
1.2413425 0.4867170 -1.5291985
-2.2218428 0.8929077 -2.7847750
0.7421709 0.4174057 -0.9189097
0.7099725 -0.6928073 0.6314892
0.5100957 0.2506450 0.6267227
-0.0921353 -0.5979698 -1.6242139
1.0493002 0.7934591 -0.9945276
0.7249675 -1.0944662 0.5261186
-0.5701892 0.3324501 -1.9015335
0.7075104 -1.8124967 0.1104169
0.4403321 -1.2427099 0.2451375
0.3289363 -0.2691594 -0.2105259
1.5994360 0.4062886 -1.2089493
1.3350438 0.2123087 -0.7486764
1.3138386 0.4111497 -1.3644185
0.2924368 -0.9144838 0.1430057
0.2510811 -0.1720473 -1.0929374
1.2585936 0.3312816 -1.5635438
0.9774126 0.5302611 -0.7377295
0.7723225 0.4289922 -1.0339597
1.0362087 -0.0127836 1.4238774
0.3160813 -0.0737734 -0.3260792
0.8218908 0.9365854 0.7241111
0.2698298 -0.1765127 0.3860112
-0.5102443 0.4468575 -1.8544049
1.0982426 -0.5113490 -1.3963107
0.6973184 1.1183759 1.7795073
1.0290405 -0.0616787 0.3200015
1.2912182 -0.2203508 1.0534843
1.4417137 -0.4530880 1.2086431
1.2458276 -0.0082418 -0.0037260
0.1293194 -0.2256092 -1.8868603
1.0443827 0.2818363 0.4601413
0.4028386 -1.0948782 -1.4736207
0.1610832 -0.3540889 -2.0360672
0.0957802 -0.2433849 -1.8216411
0.7742018 0.5798355 -0.2434270
0.2316748 -0.2445884 0.2675011
0.1089624 -0.3562800 -2.1204121
-0.9863632 0.4461879 -2.5694087
0.8097082 -0.4112988 -0.0295520
1.1977741 -0.2334061 1.0677723
-1.4953862 0.5497319 -2.7084835
1.4146004 0.1735612 0.4157193
1.3097306 0.3433900 -0.6950743
-0.7946597 0.2345728 -2.2514160
0.2359573 -1.0163977 -1.3705139
0.7095141 1.5044858 1.9613866
0.5755134 0.3658127 0.0304153
0.0541259 0.3846796 -0.8660223
1.4536872 0.4826737 -1.1735110
0.8370389 0.8003096 -0.0741976
0.2814716 0.1015530 0.0700230
1.4596424 -0.2839436 1.3230057
0.9661435 0.5660808 -0.9774476
0.8040593 -0.5480959 0.1375758
0.7420513 -0.5982691 0.3269585
0.5607384 -0.4479735 -1.4739913
1.5978796 -0.1508322 0.5409505
0.6915884 -0.9707224 -1.5993974
-1.5628753 0.6303505 -2.7564471
0.7920529 0.6028419 -0.3580928
-0.1710312 -0.4996700 -2.7597878
-0.0854303 -0.6453661 -2.4589579
-1.9706672 1.0878667 -2.5417111
0.7610481 -1.2568229 0.4621088
0.9788381 -0.2436123 -0.9217150
0.9359638 0.1176925 -0.3629075
0.4524860 -0.1443688 -0.9062158
-2.4996142 1.1189446 -2.6260390
0.2914297 -0.2274431 0.6518732
0.6719012 0.6116253 0.7944669
0.6640182 0.5986541 0.1871074
1.2135470 -0.0199659 -0.6096117
1.5010363 0.2567235 -1.6203669
0.2687047 -0.1568435 -1.6940380
1.2756615 0.7585264 -1.1223274
1.3958067 0.3421706 -1.9155444
1.0796293 0.0917774 0.3183543
0.4706053 -0.8877582 -1.3500192
1.6224608 0.7806859 -2.9757473
0.1970923 -0.6187525 -1.1412386
0.3214915 -0.8357883 -1.5571510
0.4623582 -0.9155709 -1.4233259
1.4194587 0.1220755 0.3432619
1.2270775 -0.3054345 -1.3652437
0.5719890 -0.7922149 -1.0632925
1.1359657 0.1775512 1.7806864
1.4586998 0.1754795 -0.9961775
-0.1525073 0.2349959 -1.4007527
0.6885467 0.7938002 -0.3576100
0.2136449 0.4964682 -1.3056595
0.2464538 -1.0027957 -1.3493980
1.0044847 -0.3017727 -0.4894794
1.4108148 0.5809096 -1.5853537
1.4158822 0.2924579 0.6945222
0.6874373 -0.0282774 -0.8856100
0.7222701 2.0906465 2.1812403
0.0823730 -0.5458776 0.3068162
0.6850499 1.2311101 1.8099687
-2.1896539 0.9617422 -2.8790517
1.4710066 -0.2517560 1.1435831
0.7164325 0.5387487 0.7327696
0.6915640 0.3643292 1.3676809
1.3714826 -0.3833833 1.2948458
0.8560767 -0.2269577 -0.0793820
0.0493217 -0.6960377 -0.2746591
0.6906418 -0.5569643 0.5984172
1.3337220 -0.2258105 1.0713035
0.7890731 0.6334987 0.6452372
0.6139012 0.8105874 -0.0313405
-0.7554898 0.4477341 -2.3809607
1.3373125 0.1885625 1.3068805
0.9352901 -0.2685586 -0.0038396
0.3642881 -0.2915561 -0.5777074
1.2822164 -0.0868637 0.0970991
-0.1065221 -0.7132779 -2.7715383
0.5015928 0.2111415 -0.2489894
1.6853637 -0.1029906 0.5951810
-2.2290661 0.9978749 -2.5212908
-0.0685291 -0.6208766 -2.9632552
1.4704497 0.1150824 -1.0621927
0.8645509 -0.4962673 -0.5872094
1.4366817 0.3984286 -1.9311435
1.1497247 -0.2031595 0.7155358
0.5227222 0.2970399 0.2088939
0.1845317 -0.6202117 -1.4250340
0.6180361 0.3057291 0.7431865
1.1856551 0.2311655 1.0473278
1.5075744 0.6181110 -2.4376221
0.0081576 -0.2927855 -1.8487436
-0.2708297 0.5116296 -1.5561495
-1.8476855 0.8771299 -2.8295808
1.8600829 0.8188069 -2.9630346
0.9455355 -0.4839910 -0.5995879
0.7160689 0.9840069 1.6540015
0.8815243 0.3819464 -1.1096261
0.4737307 -0.8437255 -1.2458354
0.9999168 -0.2459978 -0.4649448
0.6260526 -0.9097765 -1.3082253
-0.0566930 0.2016091 -1.5014508
0.6714073 -0.8005863 -1.2962143
0.6758828 1.9592347 2.1615467
1.5341667 0.6280823 -2.8391843
0.7031217 2.2227483 2.3316276
1.0421476 -0.3357571 0.1697155
0.6872147 1.1341330 1.6350254
1.1490884 0.0963916 -0.4815520
0.1360411 -0.5066773 -2.3661165
1.1606636 0.3596054 0.5766026
-2.0842478 1.0540751 -2.9015591
0.4477201 -1.1653321 0.3337457
0.5178471 -0.4409382 -1.5619994
1.2880080 0.4591617 -1.6388154
0.2195357 -0.5523307 -1.6610036
0.4483909 0.2597551 -0.6285788
0.3072204 -0.1094869 0.6584927
-0.1439722 -0.6040747 -1.7238435
1.0829523 -0.1478246 0.2198920
1.4371456 0.4055433 -1.0548770
1.7669716 -0.1279013 0.5200340
0.4350811 -0.5034013 -0.9204124
0.6444808 0.1906802 -0.9672624
0.9415024 0.5133011 -0.7506261
0.1152271 -0.5168124 -1.9678664
0.6340248 0.3265821 0.6457235
1.4568139 0.4377849 -1.9640765
0.4735778 -0.5480238 -0.8013662
1.0501252 0.4888315 -0.6921395
0.6546745 -0.4998572 -0.5463995
0.3919571 0.1661120 -1.2344562
1.0812510 -0.2843189 -1.1224875
-1.4096794 0.6756729 -2.6797209
0.6124441 -1.0708014 -1.8560618
-0.1545179 -0.6317518 -1.7239255
0.7116103 2.2666283 2.3032708
0.4718235 0.2923295 0.6244011
0.1558939 -0.4111352 0.3916770
1.0703260 0.6332009 -1.1530050
0.2079349 -0.1341266 -1.3991060
1.5174853 0.6934560 -2.5891442
1.1456100 0.6659279 0.2336883
1.3255728 0.2368408 -0.8238022
0.7632464 -0.7555920 0.6922317
0.8761026 -0.5187346 -0.6109980
1.1280437 -0.0279265 -0.8440478
1.3610903 0.5952253 -2.7415688
-0.5949311 0.2197971 -2.1540344
1.6028291 0.2880628 -1.5555084
0.2511279 0.5000759 -1.2151468
1.2977775 0.2532862 0.3732491
0.7897856 0.7744564 -0.6379690
1.5192839 0.5695612 -2.3082738
0.8698488 0.1581874 0.9673984
0.8714003 0.3995641 -1.0983541
0.4030725 0.0232393 -0.7380644
0.0197685 -1.0521117 -1.6434722
0.8714535 0.0178513 -0.4866886
-0.1964698 0.2182072 -1.5322070
0.7316257 -1.2659633 0.4833287
1.3022091 0.1376047 0.1951012
1.1745685 0.2801655 -1.3420693
0.7335906 -0.8493370 0.8382596
1.0741231 -0.0626647 -1.0386815
0.7456897 0.4908611 0.6591519
1.1946563 -0.2065890 0.7047634
0.3392545 -0.5796322 -1.1663033
0.3964692 -0.7103017 0.3654469
0.4437831 -0.9316303 -1.7108816
1.0518299 -0.0571700 1.2230172
0.7621936 -0.4238378 0.3716862
0.7235729 0.4985371 -0.0712589
0.2373486 0.2469506 -1.3975570
0.3214353 -0.8279123 -1.2373368
1.3845682 0.7129247 -2.5354028
1.0365665 0.2555768 0.7327868
1.5389704 0.6735725 -2.6937521
1.3795137 0.1304008 1.3299426
-0.0347826 -1.0245329 -1.6023284
1.4145348 0.3877416 -0.9680079
0.4838414 0.2349910 0.3113538
1.8331758 -0.1107085 0.6433483
0.4003450 0.1302697 -0.2029524
0.4740983 -0.9523461 0.1316964
-0.0074581 -1.0007350 -1.6575720
0.6608877 -0.7132513 0.6585719
-1.0951909 0.4533180 -2.3912430
1.2878881 0.4473270 -1.7790011
1.4259899 -0.2636239 1.1389359
0.6250920 -1.1721907 0.3334841
0.6758171 0.3059497 1.2809688
1.5790213 0.3506907 -1.6869700
1.0192156 0.2037414 0.6240137
0.7141581 -0.4068782 0.7804796
0.1363702 0.2470562 -1.4631978
0.0341436 -1.0021445 -1.5041782
0.2550570 0.3011732 -1.3928255
0.9060845 -0.7629140 -1.0415205
0.7009260 0.0125799 1.0511550
0.7729380 -1.3403635 0.4297357
1.3295820 0.4931662 -0.9901139
1.1321006 0.3415755 -0.6837296
0.1703332 -0.3387210 0.3881240
1.4572924 -0.4363453 1.1687140
0.8248104 -0.5457153 0.3988861
0.8179612 -0.3861239 -0.4491567
0.5833434 0.2663836 -0.1352603
0.7914947 -0.4424847 -0.4981810
1.3847170 0.4053992 -2.0649500
0.3741660 -0.4779527 -1.7233559
1.7398696 -0.1274811 0.4599974
1.6384200 0.3422839 -1.1640866
1.2538452 0.0375508 1.0812930
1.1413753 -0.0060536 0.6966043
1.0970869 -0.0256497 1.3560798
0.7248932 0.2352304 1.2262769
0.6229452 -0.5336522 -1.5256404
1.2996615 -0.4927814 1.2876836
1.0076901 -0.0304564 -0.3362867
1.5052855 0.0062086 0.9678982
0.5337278 0.2416701 -0.4763119
1.3491496 0.5141205 -1.9988928
0.0997561 -0.6730769 -2.1924286
1.4152627 -0.2081874 1.0261719
0.5207843 0.1171110 -0.4041170
1.3919441 0.5372576 -1.9915675
-0.1911127 -0.7087225 -1.6956298
0.9642957 0.2797109 -0.8501479
1.2622752 0.2326610 -1.4169456
1.3724629 0.2633697 -1.7496934
1.2098249 0.7476509 -1.2161417
0.5153869 0.3341145 0.2220207
0.8982551 0.7648260 -0.1666592
0.6390433 0.7645202 -0.0793258
0.4697349 -0.4922018 -1.5376877
0.3145048 -0.1446712 0.6256472
0.9207633 0.2692210 -0.9808608
1.5026432 0.2902802 -1.7217479
1.3704847 -0.0156727 0.1447868
0.3040773 -0.6991001 -1.0227642
0.7090616 -0.9011403 -1.4233078
0.8016911 0.6815560 -0.1676585
0.4914258 -0.4604194 -0.0982540
0.8954243 -0.3686654 0.0117238
0.8792393 0.4584371 -0.1141644
1.0281372 -0.4803469 -1.0552826
0.8526667 -0.5441424 -0.7037372
0.6807368 0.5387650 0.4883952
0.0737150 -0.6872103 -2.2355230
-2.4383304 1.0669453 -2.6996951
1.4659426 0.1668665 1.1664078
0.2071218 -0.9386532 -1.4267954
0.2488453 -0.8496785 -0.0188940
-1.3113049 0.5500519 -2.5423517
1.0622886 -0.0665564 -0.4363437
0.4225810 -0.3941409 -0.0039487
-0.1160343 -0.5524270 -1.5608767
0.0921306 -0.2376270 -2.0637875
0.0715529 -0.6840631 -0.2500999
0.1615194 -1.0642388 -2.9535081
1.1962729 0.0006574 -0.6970136
0.5299168 0.4898937 0.1598590
-0.0667567 -0.7682878 -2.9639060
0.7025799 -0.4815994 0.3668872
0.8298264 0.1684055 0.9370432
0.4625652 -0.4774851 -1.6510969
0.3069485 0.0338716 -0.2227774
1.2733167 0.5951646 -0.8598253
0.0024178 -0.7478603 -0.0600102
0.1201637 -0.3445146 -2.0604689
0.7130255 -0.4690089 -1.2001222
0.9320363 -0.1751657 -0.2505360
0.2293963 -0.2104833 0.4000068
0.9412544 0.2486872 -0.0313563
1.0139598 -0.2113604 -0.5554509
0.8803224 -0.1683064 0.6540619
1.0420555 -0.3466420 1.8652649
-0.0097660 -0.5095523 -2.5224235
1.9669681 0.7647181 -2.9414930
0.7901777 -0.3574099 -0.3156292
0.8429078 -0.2298221 -0.9135262
1.5065187 0.0120772 1.1574337
0.4368603 -0.5682332 -0.8340400
0.3244925 0.1752071 -0.7020608
-0.2110423 0.3690464 -1.3769304
1.2147095 -0.3605316 -1.2027674
0.6845320 1.4001737 1.8931565
0.7664388 -0.2799094 -0.9942796
0.7427537 -0.4176775 -0.3232437
1.1831651 0.0774615 -1.2819309
0.3495915 0.1338405 -0.0099444
0.6555801 -0.9356201 -1.6526216
1.3260597 0.1305594 1.4530499
1.1440243 -0.4809861 -1.6298281
1.3045905 0.1046628 0.7652035
0.8171641 -0.2170615 0.6019331
0.1563017 -1.0237254 -1.4440703
0.6741854 -0.5277879 0.2501701
0.9084467 -0.4745950 -1.2376771
0.8700971 0.6733075 0.7480014
1.3755864 0.0822775 0.2563640
1.6488822 -0.1569619 0.5495635
1.1559774 -0.0881152 -0.5589650
0.6714850 0.8623890 1.5064517
1.1408434 0.1161254 0.5982800
0.0877524 -0.7781495 -0.1304052
0.9404529 -0.4217657 0.5604995
0.8172467 0.3595625 -0.1225222
0.1984540 -0.5829598 -1.6836011
0.6749848 -0.2416006 -0.5388116
0.4926787 -0.3646925 -0.7346770
0.3062395 0.3526784 -0.7967017
1.2872417 -0.3211225 0.7196038
1.3865618 0.0510881 -1.1171292
1.1632680 -0.4061832 -1.3697577
0.6460940 0.2970504 -0.8179520
0.4148400 0.0032194 -0.9557210
1.2969447 0.7013829 -2.6293619
0.8423685 0.2702639 0.7328581
0.5818813 -0.1071101 -1.0256622
0.1692579 0.4970885 -1.3879945
0.3782741 -0.3158498 -0.2066189
1.0142356 0.1706769 0.0592065
-2.1993601 1.2658466 -2.6769958
1.0287769 0.5113869 0.5461293
0.9682869 -0.3407755 0.5026594
1.0048456 0.6506789 0.1490922
1.3037781 0.2462714 -1.6840105
1.5280234 0.2873284 -1.6414621
0.6668367 -1.2550081 0.4765564
1.0358796 0.5910419 0.3749835
0.9484627 -0.6069545 -1.5200995
1.7085534 0.3056456 -1.3568071
1.3036553 0.2785798 -0.7661711
0.7237494 -1.3415837 0.3931785
-0.1419749 0.2066595 -1.5684359
1.0053592 0.1528033 0.8323200
0.7091859 2.0048862 2.0538082
1.7312092 -0.1326316 0.6538600
1.4164176 -0.2193899 1.4176672
-0.4068449 0.3210998 -1.6933992
0.3813291 -0.4635032 -1.6657451
0.7256098 1.8994807 2.1204550
1.0409428 0.0475152 0.5003400
0.8178191 -0.4909834 0.3746134
-0.0073818 -0.6557407 -1.4452106
1.3318886 -0.3419594 1.2614090
0.0873958 -1.1148978 -1.6394111
1.5335875 0.3482535 -1.7203045
0.3162251 -0.2333214 -0.0625484
-0.4602254 0.4020741 -1.7450516
0.8714848 -0.1993060 1.0101514
0.9614513 -0.4636900 0.2090568
0.8320628 -0.2945473 -0.8406862
0.2141470 0.3005389 -1.4316480
1.2046293 0.2416756 -1.3725857
0.7782027 -0.5068594 0.2236032
0.8120094 0.8248071 -0.6901733
1.1088699 0.1253005 -1.2793899
0.9291191 0.3057227 0.0388089
0.5358067 0.0021477 -0.8556596
1.1720537 0.3658198 -0.7258488
-0.8874012 0.3882134 -2.2434130
0.5850101 -0.0803837 -0.9848424
0.4044046 -0.4193253 -1.7268661
-0.0816854 -0.3254507 -1.7885169
0.3234303 -0.1249000 -1.6261965
1.6732563 -0.0511851 0.6129586
0.6972426 0.1209060 0.9422722
-2.1002796 0.8072440 -2.5946629
-0.0969439 -0.6144326 -2.4074299
-2.4479890 1.2861369 -2.6418970
1.1962167 -0.2944651 1.5187532
0.8272050 -0.6596231 0.3596133
-1.5928155 0.7529438 -2.6593254
0.7999722 0.6236991 0.2687334
1.1244199 -0.1469327 0.1499320
0.7846067 0.3464465 -1.1321553
0.6920378 1.5436474 1.9998720
1.2947309 -0.2110641 -1.2198567
0.9882076 0.1751036 0.0171153
1.3127608 0.6990509 -2.7646387
1.2481283 -0.0679102 1.2879846
0.7487049 -1.3216184 0.4942646
0.5559860 -1.0141207 -1.4981540
1.1001225 -0.1273060 1.2256862
-0.9682916 0.2771807 -2.4127448
0.3239522 0.3260663 -0.6759236
0.8502036 0.3997249 0.0058517
0.6943865 0.0433690 -0.6332426
1.1727843 -0.3839830 -1.1367133
0.6680828 1.2733113 1.7298305
0.8755512 -0.7691798 -1.0358366
1.0378778 0.2077755 0.6531982
0.8211315 0.6732450 0.7239529
0.1191384 -0.8863889 -1.3361255
0.1769574 -0.7029458 -1.8420460
0.7663741 -0.0218725 1.0637292
0.5959736 0.3288829 -0.9019718
0.2664343 0.4458374 -0.9876489
1.0192560 0.8066034 -1.1365229
1.2631948 -0.3107876 -1.4562182
0.6825088 0.5732037 0.3678013
-0.1130496 -0.7245355 -2.7573216
0.9831224 -0.5833276 -1.4896113
0.1159079 -0.7112327 -1.4011785
1.2686188 0.3393292 -0.6970404
1.4836469 0.5187659 -1.5720589
1.3828599 0.1299100 0.3427767
0.3966104 -0.6288742 0.1408877
0.6610979 0.5959886 0.8207890
0.3879766 -0.3862983 -0.9164125
-0.1329737 -1.0746478 -2.9881754
0.6275987 0.3310915 -0.1264311
0.6793184 0.3373714 0.9871315
0.3813635 -0.5785487 -0.9661453
1.3400530 0.5167823 -1.7323855
0.6829362 0.2688037 1.1881714
-2.0965858 0.7821659 -2.7028551
0.8092501 0.0021209 -0.9923476
1.0381349 0.0782270 0.7402030
0.8988468 -0.6256536 -0.8613565
0.7551699 0.2988085 -0.5408573
1.0850723 -0.1322336 -0.4641182
-2.1040835 0.8030198 -2.6499012
1.1019808 0.5591584 0.1824798
0.8984933 -0.1723664 1.1520300
1.5190649 0.0514266 1.1824859
0.9511503 0.4502841 -1.1914183
1.6646804 -0.0816538 0.5109076
0.1750772 -0.7135223 -0.0930808
0.5077806 -0.5639485 -0.8939744
0.7923630 0.3097109 -0.3129315
0.6564866 0.7952856 -0.1905375
1.4870520 -0.2547457 0.7673105
0.6588051 -0.1706057 -1.0955757
0.9571700 -0.2817812 -0.4418853
-0.0768931 -0.7487983 -1.6789044
0.2722963 -0.3032695 -1.1178714
0.9633099 0.7921355 -1.3204420
1.2474611 -0.0592416 -0.6487370
0.0060651 -0.5688881 -2.5771043
1.0952332 -0.2730903 1.7738137
-0.1318993 -0.5535913 -1.5858861
1.4241558 0.5373852 -0.9800512
0.1135802 -0.5725438 0.1084575
1.5060580 0.6256912 -2.7416234
-0.2785670 0.4609777 -1.4764556
1.0351785 0.6200556 -1.0180725
1.1185470 -0.2825574 -1.1852242
1.3434557 0.6231307 -1.0462184
1.3048007 0.4601423 -1.8575287
1.5678135 0.6708416 -2.9589314
1.2620435 0.0871936 0.9504902
1.5034546 -0.2694736 0.6913208
0.3316815 -0.2681436 -0.1645674
1.0148842 -0.1882711 0.2448638
0.2838821 -0.6859736 0.3945541
0.9944009 0.8640796 -0.9909233
0.5066717 -0.9040108 -1.1878705
0.9710512 0.6257353 -0.2765577
-1.2420866 0.5606109 -2.5472033
0.8929658 -0.7341174 -1.0378519
0.4103320 -1.0788939 -1.6279246
-0.0912091 -0.5303366 -1.7460071
1.4413941 0.5889434 -1.0288513
1.3083829 0.0451014 1.0711418
-0.2688916 0.5036077 -1.5158051
0.4698219 -1.2396470 0.3375223
0.1744968 -0.6135301 -0.1063292
-0.2036567 0.5251121 -1.4971466
-0.0805998 -0.5144220 -1.5093691
0.9638255 -0.2785651 -0.5864510
1.5110359 0.5233197 -1.4901378
0.2231653 -0.2869574 -1.0696681
1.1276768 -0.1411604 1.1973432
1.4265856 0.2196599 0.5469365
0.3528464 -0.2730862 -0.6014637
0.6706900 1.7505342 1.9603515
1.4217196 0.2659663 -0.8192672
1.0410653 -0.2294052 -0.4684466
0.6253175 0.2806213 -0.3495780
0.6737061 1.4370347 1.8513025
1.2966309 -0.3365119 1.3977203
-1.8260462 1.0175116 -2.8577583
1.1148139 -0.0197616 -0.6898402
0.7311754 0.3765380 -0.7685799
1.2100455 -0.2812377 0.9309554
0.1256633 0.4900462 -1.1864305
0.6914474 -0.1466997 -0.4660793
0.6762614 1.6017611 1.9425768
0.2615048 0.1387326 -0.8238193
0.8894877 -0.7557696 -1.0494012
0.7054683 1.7676265 2.1730800
0.7428545 0.5144421 0.5618334
0.8700893 -0.1493279 1.1178070
0.9530476 0.6370319 0.1846417
0.0914274 0.1171632 -1.1126564
0.0592581 -0.2488045 -2.0814064
1.2808352 -0.3364485 1.0228239
0.9006986 -0.5612578 -1.3259166
0.2651003 -0.1274830 0.0238996
-1.8218635 0.8096325 -2.6772487
0.3551334 -0.1615740 -0.7758627
0.6780695 1.1586227 1.7323531
0.9177229 0.2931986 -0.0543365
0.6835995 0.6420860 1.4854033
0.1635148 0.4868685 -1.1392170
0.9494410 -0.1130902 -0.2434152
0.2872711 -0.0925456 -1.3445721
0.7176229 -0.5131335 -1.1675214
0.9618669 0.2022691 -0.3249889
0.3099532 -0.6381051 -1.4591204
1.5084386 0.1283341 1.1108476
1.1713678 -0.4090974 -1.5045393
1.1719820 0.2101652 1.0633626
0.3908252 -0.9351312 -1.3382002
1.0282369 -0.0267115 0.3229249
1.4509922 0.0650077 1.2672000
0.3391607 -0.3288777 -0.9462602
1.2063202 0.7364152 -1.2008861
-0.0413425 -0.6345915 -2.3182290
0.3535268 -0.8760558 -1.6806889
-0.6011184 0.4305549 -2.2672253
0.2859444 -0.6886650 -1.4378517
1.4636902 0.7062706 -2.9664831
-0.0957315 0.2432038 -1.6382810
0.8428104 0.8843902 -1.0908798
1.4324266 0.6160516 -1.0476705
1.2961193 0.5888023 -2.6573586
-0.0152030 -0.3034911 -1.8910215
0.6895205 1.4923033 1.9628088
0.2649277 -0.6442859 0.4558664
0.2127792 -0.7322600 -1.1658144
0.2605773 0.0446689 -0.9522181
0.4771493 -0.6779106 -0.9145454
0.7460985 0.7349980 0.6618922
0.8300854 -0.6548731 -1.2933853
1.2229292 -0.3740184 -1.3324056
0.6307743 -0.3642021 -1.2955122
0.0053720 -0.4177041 -2.1523955
0.5124388 0.1721191 -0.5740416
0.9593254 0.5369623 -0.1637038
-0.0810394 -0.4002318 -1.7068857
1.2125661 0.3310995 -0.8961914
0.7324035 -0.0480026 1.0478035
0.7440981 0.4100925 -0.9590955
0.7506458 0.9298034 -0.0727835
0.5513207 0.2996451 0.6117417
-0.0326757 0.2646688 -1.1887033
1.2672540 0.2083736 0.5735291
0.0689803 0.5232306 -1.3183099
-1.9160101 0.7742555 -2.6806364
0.5515893 0.0928328 -0.6338051
0.8519610 0.7930545 -0.7881624
-2.2373824 1.0319867 -2.8017356
0.7715628 0.2151857 -0.3930885
0.2251920 -0.7045981 -1.1369596
0.8757392 0.7643340 0.0644557
-0.0399719 -0.3835850 -1.7942715
1.2356346 0.4688790 -2.2159970
1.0474080 -0.2121396 -0.6630032
0.5008100 -0.3544967 -1.3482175
0.8843134 0.8011728 -0.1006914
1.1204866 0.0836874 0.7593892
0.1838373 -0.2893394 0.2658924
-0.0846235 0.4627706 -1.7421111
1.5514734 -0.2204098 0.8828015
0.3315968 -0.8120925 -1.3451400
1.1219112 -0.1948685 0.0660183
-2.0738158 1.0739287 -2.5412047
1.0460840 0.4758539 -1.1317931
0.0727498 0.1209150 -1.1913943
0.4132609 -0.8337860 -1.2816610
-1.8110126 1.0616840 -2.6865106
0.5078019 0.3743452 0.6291540
1.3709368 -0.3326544 1.2156233
0.7623473 -0.6843824 0.7016353
0.6749943 1.2477392 1.7619702
-0.0817860 0.4439019 -1.1233912
1.2082002 0.0758496 -0.7506607
0.2583963 -0.7098134 -1.9087704
0.8147610 0.6255619 0.2846699
0.7370418 -0.7445427 -1.1315588
0.4344307 -0.3667644 -1.2855275
1.4379261 -0.3714962 1.2514664
0.1388988 -1.0665988 -1.5825324
1.5682076 -0.2053864 0.8900170
0.9150045 0.2397974 -0.4177582
0.5525460 0.4841813 0.5689307
1.4804547 0.2393931 -1.6507295
0.4498392 0.3824763 0.5852621
-2.0878501 1.1273435 -2.8946285
-0.0336125 -0.6515427 -2.3637040
0.2692078 -0.8450527 -0.0436964
0.9682536 -0.0398915 -0.2523114
-0.6112710 0.3399937 -1.9466231
0.9374512 -0.2986682 -0.0017749
0.9973063 0.4523087 -0.9699060
0.1912861 -0.4018973 -1.1864523
0.1749411 -0.5958205 -0.0324738
1.3473020 0.0082739 0.1605282
0.1513909 -0.3991842 -2.1801403
0.5249262 -0.4263123 -0.4995292
1.0632221 -0.4574054 -1.0549546
-0.1334978 0.4449119 -1.2661552
0.9021707 -0.3971537 -0.5044286
1.2044152 0.0414622 0.1214396
1.2916175 0.1511187 1.0508510
0.8476887 0.6647269 -0.2577009
-1.3063550 0.5505726 -2.5427825
1.4582340 0.2961283 0.7389632
-0.2135416 0.4546819 -1.8869004
1.7276804 -0.0413254 0.5912864
0.7110521 -0.5339020 0.5950199
1.0204839 0.7590909 -0.5512865
0.7140187 0.6168890 0.1459281
0.1446159 -1.1721435 -1.6100051
0.5369353 -0.7122743 0.2311228
0.2702744 -0.4679509 -1.8611147
0.7400011 0.1735382 -0.4846516
0.7155985 -0.1303273 0.8085726
-0.2223167 -0.6588055 -2.6950061
0.8861395 -0.6621198 -1.5543672
1.4047472 0.1327017 1.3078810
1.4197659 0.2674414 0.6859927
0.9796921 0.2257245 -0.1853902
1.1607581 0.0867002 -0.5471522
0.6828970 0.3117077 -0.2248402
0.9246041 -0.3203999 0.3486159
1.6100261 0.2560952 -1.5344143
0.4008932 -0.3691480 -0.2723292
1.1366228 0.6854131 -0.8885370
1.1516806 0.6985760 -0.9823155
-0.2259623 -0.6226987 -1.7459391
0.6206843 0.2675080 0.8067192
0.7123899 0.0219307 -0.6899500
0.7755711 -0.5811749 -0.7443985
0.9749209 -0.1072045 1.2218565
1.1452438 -0.1787501 -1.0541182
0.3571149 -0.7411214 -1.1181811
0.0866082 -0.4062931 -1.9601376
-2.4379883 1.0719286 -2.6717546
0.6545370 -0.0942252 -1.0007167
0.8907865 0.3943988 -1.2259587
0.8510544 0.7179617 -0.6915633
0.5733703 0.0441547 0.7495449
0.2141050 -0.5888501 -1.6684997
0.1061833 -0.1739707 -1.7930845
0.6545755 0.9535863 0.0810808
0.8546833 0.1409426 -0.4684181
0.6879425 -0.7600197 0.8337659
0.3885015 -0.5063475 -1.4767569
1.4619017 0.2447325 0.7607180
0.6441942 -0.1605939 -0.5220301
0.1597374 -0.7316806 -0.0430291
-1.5255778 0.6249826 -2.7608392
1.0122297 -0.6069939 -1.4911736
1.0719520 0.6184216 0.1818124
0.6689565 -0.2234807 1.0309054
0.7029150 -0.5005519 -0.7886330
0.5664999 -1.0783962 -1.6371700
1.2590593 0.1489011 1.0728045
0.3099220 0.4800927 -1.2014604
-0.0737682 -0.6991701 -1.6462146
0.5456951 0.0361552 -0.7945351
0.7991502 0.8835647 0.6419442
0.7047048 2.3418033 2.2699256
1.0227181 0.4640405 -1.1114348
0.5661693 0.2590293 0.7519084
1.0447928 0.1098210 0.5571247
0.6628662 0.4389543 0.5715137
0.4708162 0.3151087 0.5676147
0.4138401 -0.4141851 -0.8877179
0.2565815 -0.6950137 -1.0820256
0.3569513 -0.5236731 -1.5517617
-2.0479820 1.1289270 -2.5578055
1.4420660 0.3546903 -1.0079463
0.8432356 -0.7202695 0.4087472
0.9980305 0.5720232 0.4991736
0.6148559 0.5549745 0.2445066
1.2773215 0.5358961 -2.3529515
1.0098470 0.7681729 -0.7234136
0.1728909 -0.9933322 -1.4058141
0.7056716 -0.8196494 0.5392300
0.5670900 0.3113481 0.6271720
0.2857646 -0.7526037 -1.3967689
0.3977410 -1.0209695 0.1002555
1.5679886 0.8332766 -2.9778597
0.7127793 1.8708211 2.0010626
0.2337176 -0.2169875 -1.1436771
0.8613997 -0.1875810 0.5818283
1.0197887 0.1565378 -0.4442833
0.2665780 -0.4193794 0.5772301
1.0395988 0.1001353 0.5619649
1.0147160 0.3135046 -0.8658726
1.1277789 0.1599074 1.8007678
1.0654553 0.5841979 0.2129142
0.6895170 2.3744977 2.3352413
1.3251463 0.6848433 -1.0052615
-0.0117598 -0.5072924 -2.1330516
-0.7021316 0.4564331 -2.2815442
1.5126947 -0.2596396 1.1045058
0.1284464 -0.6028747 0.1065314
0.6310746 -1.2065274 0.4531664
0.8096166 0.8229714 -1.2438242
1.0938174 -0.1904220 0.7315155
0.7018095 1.3883263 1.9233594
1.4114417 0.3718739 -0.8311477
0.7064937 -0.8283660 -1.2419050
1.0431838 0.7782056 -1.0070862
1.3664342 0.3121246 -0.9234732
0.8855982 -0.3575767 -0.4535156
0.9747322 -0.0178778 0.6910982
0.6792145 -1.2189730 0.4622696
-1.0413129 0.3576901 -2.4038806
-0.1085162 -0.9401761 -2.8744435
1.0155838 -0.0013468 1.2921506
0.7198367 -1.0687791 0.6060294
1.4124258 0.4337030 -2.3193388
-0.6862286 0.2146893 -2.2025406
0.6348784 -0.9438158 -1.5891025
0.0385927 -0.7919661 -1.4336327
0.8904977 0.7675115 -0.1568490
1.2941628 0.6784814 -1.0181022
0.1127381 -0.3124876 -1.3487940
0.6270890 0.4882528 0.4018402
-2.1396122 1.0990670 -2.8541195
1.0275562 -0.3568551 0.1161840
0.7241916 -0.3625986 0.7512277
0.6067291 0.4468409 0.2860627
0.8552095 -0.1068971 -0.5022536
0.3969639 -0.7788876 -1.0343746
0.4313241 -0.5241543 0.0504775
1.8028123 0.7005087 -2.8993943
-2.1480491 1.1833304 -2.8173819
-0.0064859 -0.4395632 -1.4410533
1.0468887 0.5837632 -1.2626637
0.2985863 -0.9219888 0.1427993
0.2084601 -0.8707932 -1.3654981
1.2500643 -0.1846676 -1.0004839
1.4610871 0.8351713 -2.7596076
0.4507988 0.1163438 -0.6024762
1.5345665 0.4157945 -1.8030291
-2.0882070 0.7877440 -2.7279985
0.8105440 0.9172928 0.7048154
1.4340296 0.1116400 -1.4225653
1.2528391 0.1506701 -0.6294155
-2.1429970 0.9690527 -2.5346127
1.5629172 0.1638811 -1.1329762
0.2807696 -0.1845398 0.6275690
-0.2976322 -0.7858861 -2.9081137
0.6412778 -0.9507911 -1.6570171
1.0080601 0.1056599 0.6404929
1.3361874 0.5719912 -1.4139850
1.9236666 0.6144400 -2.9098074
0.5175576 0.3600610 -0.7818861
1.2409281 0.4529786 -0.7381629
0.6377790 0.5200191 0.1397253
0.5869612 0.7892788 -0.0324253
-2.1287875 0.9740552 -2.5357032
0.5553632 0.5280598 0.2004518
-0.6733539 0.3084971 -2.0274813
-0.9764293 0.3549452 -2.5670826
0.6741083 0.6321608 1.4332899
0.7579572 -0.4872103 -0.4383718
0.5394709 -0.5532991 -0.8921214
0.7876030 -0.2942707 -0.9447051
1.1986997 -0.4491211 -1.4661696
-0.1183786 -0.5395885 -1.8234667
1.4319735 0.0982280 0.7439457
0.3338288 -0.1419705 -0.5268391
0.6984493 0.0623666 1.0629289
0.1297197 0.3702773 -0.9182062
-0.0885759 0.1928606 -1.3805516
0.5510999 -0.3548026 -0.1399889
1.2722831 0.3670502 -1.9832402
0.6322695 0.0063384 0.8643759
1.2436053 -0.2001650 -0.9818087
0.7730919 0.1893243 -0.4894370
1.3612040 -0.2661060 0.8068451
-0.0229182 -0.9004779 -1.5645851
-0.2925300 0.3319794 -1.9993392
1.2648888 -0.2016882 -1.2023938
0.2062811 -0.4238510 -1.0688508
-0.4393738 0.2511669 -2.0857880
0.5872747 0.5416377 0.8635364
0.1537858 -0.5816593 -1.1991174
0.9672195 -0.6133362 0.3498692
0.3754367 -0.1943969 -0.6129830
0.6306383 -0.6530156 -1.5571493
0.7803521 -0.1673665 0.7008142
1.0540593 -0.3257681 0.1922458
1.4822537 0.2462763 -0.8987927
0.8355349 0.5040524 -0.1515017
0.1904722 -0.5524009 -1.5511910
1.3380476 0.5182155 -1.7967918
0.3651170 -0.6611944 0.1193537
0.5875557 -0.5612262 -1.5902901
-0.3264304 0.5111395 -1.6808296
0.0317148 -0.6233143 -1.3789790
1.7688460 0.8094255 -2.9526625
1.1830634 0.2231868 -0.6488682
1.2855107 0.5832214 -2.7195799
-0.0541611 0.2991792 -1.6710521
1.4223253 0.1280958 1.1585025
-0.1952229 0.4938338 -1.3442694
0.8957720 -0.4671737 0.2380709
1.5976626 0.4687623 -1.5842175
1.5011182 0.1653465 1.1733382
1.2235429 -0.3345095 -1.1375241
0.6578011 -0.8744674 0.8602288
0.9594768 0.2985762 -0.9567803
0.5421422 0.2387121 -0.1442160
1.1310797 0.4173933 0.2659179
0.4805401 -0.5017281 -1.5591346
0.5606447 -0.3447345 -0.1339998
0.4787745 0.0267785 -0.9829071
0.7780941 0.3763453 -1.0539224
1.4936122 0.5450011 -1.0902148
0.2272475 -0.1304164 -2.1444736
0.7202484 -1.2651081 0.4268424
0.4067853 -0.5007402 -1.7912456
1.0430590 -0.1489948 1.3364823
1.1878735 0.1263746 0.8350535
0.7247483 0.9419621 -0.1670127
1.0224955 0.0778418 0.6245471
1.2365301 0.1203602 0.9349922
0.6755503 -0.7248841 0.9383790
1.0418147 0.0778199 -0.3872679
0.4440363 0.3936622 -0.8556761
0.3820314 -0.2733151 0.7308730
0.4716981 0.3640947 0.2773139
0.2629890 -1.0035282 -1.3431286
1.2841654 0.6096801 -0.9168333
0.6218815 -0.0933200 0.7578183
1.0770545 0.0070682 -1.1613226
0.6814349 -0.1970750 0.7230418
0.6921572 0.4972735 0.5006994
-2.0171843 1.0843314 -2.5236566
0.3065917 0.4227407 -0.9389834
0.9425167 -0.0082425 1.2709744
0.9033461 -0.2379048 0.2456941
-2.1677127 1.1281891 -2.8347907
0.3805663 -0.9820467 0.2937267
0.5131961 -0.3890069 -0.6390973
0.6895153 0.9675843 -0.1802848
0.9684675 0.0944162 -0.1533987
1.2760079 0.3645628 -1.7627070
0.9010053 -0.5443451 -1.2869745
0.6307096 0.1513914 -0.6619322
0.7835121 -0.5754681 -0.9427488
0.9974297 -0.3096784 -0.6707326
1.4796262 0.3131179 -1.7928392
1.1925613 -0.1784581 0.6908668
0.1321575 -0.5820730 -1.8751118
1.1049246 -0.1829964 0.1597908
1.1796350 -0.4211538 -1.3932687
0.0955648 -0.7721586 -1.4540591
1.3685652 -0.2554173 -1.4986948
0.3156590 0.0403368 -0.2319074
-0.4668040 0.3360747 -2.1712129
0.2637846 -0.6158709 0.2215749
-0.0073947 -0.3292080 -1.7865893
1.3051039 0.2607834 -1.5670542
1.4861541 0.0765306 1.1751047
0.9106691 0.2521546 -0.2885963
1.2486397 -0.0037436 0.0005204
1.2833101 0.3456869 -0.9233165
0.5699248 -0.0564927 -0.5172153
-0.8797596 0.2779197 -2.4489717
0.4876029 0.3834463 -1.0704638
0.6625432 -0.5769417 0.7906139
1.3608559 0.1886272 0.5996807
1.0348530 -0.0447698 -0.0681096
0.8467146 -0.5040741 -0.8857378
1.2803537 -0.3338475 1.4014102
0.1184534 0.2594790 -0.9441065
-1.8013114 1.0068380 -2.6542714
1.6334323 0.7420260 -2.8197172
1.1196351 -0.1035023 0.0274524
0.6442919 -1.2927411 0.3593292
0.4459010 0.2260508 -0.5717353
1.2676418 0.1265420 1.5020926
0.8988353 0.8991255 -1.0877084
1.0623299 0.1946591 2.0037334
0.1150089 -0.7343381 -0.1520373
0.5820093 -0.4303759 -0.6995593
0.8941885 0.7096824 0.7762638
-0.9681109 0.4326878 -2.2775848
0.0389709 -0.6893483 -1.4991252
0.6257365 -0.8376255 -1.3162717
1.4426210 0.2385571 -0.8285398
0.0742157 -0.2628865 -1.4984339
0.1485031 -0.4158084 -1.9178706
0.7764599 0.7087075 -0.1091147
0.9591562 0.6039960 -0.2682171
-2.5433571 1.1886902 -2.6765313
1.2998763 -0.0369784 1.1230919
0.4738913 -1.0531963 0.3064914
-2.1863263 0.8787338 -2.8322849
1.2259964 -0.4574746 -1.6441749
0.4998721 -0.6170959 -0.8585382
0.2586544 -0.6198944 0.2184416
0.7031743 0.7188142 0.1714653
0.7399886 0.5442170 0.3409036
0.7823359 0.0940553 -0.9645652
1.2552650 0.3932434 -1.8347669
0.9862845 0.7105615 -0.4415488
0.9734442 0.0239739 -0.2617597
0.8650417 0.0955126 1.1272784
0.0007853 -0.3008988 -1.8405168
1.4538410 0.1544998 -1.5441709
0.9219536 0.2726586 -0.2003169
0.3258847 0.1147901 -1.2059920
1.2466213 0.0483038 1.0756377
0.5414961 -0.9812504 -1.5587626
-2.3511107 1.0191636 -2.7087123
0.6661432 0.3062495 -0.0780060
0.7989359 -0.5475836 -0.5958849
1.1372650 -0.1052941 -0.9645361
0.2456094 -0.4597335 -1.1348040
-0.1526778 0.4953007 -1.7961961
0.1668161 -0.6906697 -1.8077439
0.9268075 -0.1429893 0.7184339
0.7593836 -0.3779561 0.5223891
-0.4571726 0.2515807 -2.1040196
0.6762096 0.3348695 1.0045036
0.8766273 0.3436876 0.6028090
0.6122584 0.0975057 -0.5158148
-0.2599037 -0.8931449 -2.9268870
0.8128063 -0.4005435 0.3471808
0.4230591 -0.8498033 -1.2943603
0.6654105 -1.4304889 0.3719105
0.9607102 0.1602558 1.0199167
1.4180452 0.4831563 -1.3888867
0.4259841 -0.9831439 0.2834961
0.7348211 0.6831154 -0.4873571
-2.1178138 0.8055518 -2.7358787
-0.1115747 -0.3959197 -1.7837884
0.6584036 0.2708195 -0.3063141
0.5369490 0.3669835 0.8174836
-1.2257162 0.3922809 -2.6096759
0.1088531 -0.7833192 -1.4347495
0.7302206 1.8624148 2.0262189
1.1185429 0.1488781 0.8529249
0.7261339 -0.4651453 -0.5273504
0.1432607 -1.1368947 -1.6338285
0.6755800 0.8105309 -0.3467563
0.6302134 0.1061889 -0.5246893
0.6571375 0.3064428 0.9781959
0.3668986 0.0078814 -0.6436191
1.4844428 -0.1719619 0.9926928
0.6401656 0.0638104 -0.7595589
1.5108516 0.1784453 -1.0445945
0.8656055 0.3928091 0.0147790
0.5043539 0.0061453 -0.5462531
0.9388136 -0.1831592 1.1845200
0.8707057 0.5409312 0.5710622
1.3966094 0.4852535 -1.4812524
1.3648257 0.7105827 -1.0263829
1.1963300 -0.3375958 0.8265214
0.0518562 0.4123606 -0.8600090
0.9198906 -0.3538520 0.6095424
1.0593953 -0.3630741 -0.8412079
-0.2821746 0.5019166 -1.4502054
0.9348435 -0.2126757 0.1773018
0.1760700 -0.5670394 -1.5400593
0.3443993 0.3308081 -0.7546981
0.5369645 -0.0135458 0.7484424
1.3327373 0.5333049 -1.5262746
0.7764828 -0.1701476 0.7093794
-0.1942346 -0.6071057 -2.6243312
1.1897839 0.1361791 0.9465494
0.5256134 -0.0409451 -0.5229789
-2.0997868 1.0089684 -2.5303769
0.4645523 -0.6952221 0.3930996
0.1248553 -0.2538852 -1.5716988
0.7755848 -0.7777257 -1.3404876
0.6484717 -0.5754275 -1.4956436
0.9586124 0.5681292 -0.9783571
0.9435630 -0.3182336 0.2555200
1.1348637 -0.0044989 -0.0196722
1.2702557 0.2426832 -0.8441890
0.7715638 -0.2142933 -0.5867305
-0.0557126 0.3993395 -1.1323109
0.7053183 0.7375346 -0.4487078
1.2644856 -0.1125269 0.0544467
-0.0284356 -0.3844996 -1.7676519
1.1399417 0.3280903 0.2416154
0.6897857 2.3548458 2.3400383
1.2573459 -0.3565675 0.9917516
1.6894193 0.2785997 -1.4928764
1.3939829 -0.2152700 0.6720496
1.0592126 0.1493065 0.4227146
0.4408116 0.1938590 0.1181227
0.9675913 -0.2119684 1.0995818
0.5741038 -0.0854596 -0.5246252
0.3193300 -0.9923159 0.2898212
0.0092791 -0.2876736 -1.6283944
0.6703239 -0.5589174 0.3431555
0.5897627 -0.8163738 -1.1273097
1.2500324 0.1478462 0.5076352
0.0916576 -0.9805992 -1.5527853
0.4477427 -0.5049239 -1.5172392
0.6773539 1.9889760 2.1796546
0.5078507 0.0474496 -0.6597831
0.9499743 -0.1757782 1.1682717
0.7240721 0.9482237 -0.2065002
1.3864169 0.4826224 -1.3538264
0.0665276 0.4180483 -0.8730029
0.6543102 0.5645349 0.1292962
0.4042346 -0.1998410 -0.7997698
0.6225215 -0.9051991 0.6100434
0.6205619 0.5665783 0.2576559
0.1119646 -0.2391780 -1.6894605
0.7354292 0.0596267 1.1176214
1.0056238 -0.0007275 1.2477231
0.5550995 -0.8151478 -1.6823028
0.8272488 0.4486360 -0.8736956
0.9953658 -0.0957364 0.6337902
0.7999581 0.8350866 -0.2793483
0.7331232 -0.0157003 1.0805266
0.9291992 -0.3380415 0.3242555
1.4585024 0.6113148 -2.8860023
-0.2597123 0.4841804 -1.3922687
0.6725304 -0.3862459 0.7478132
0.3219398 -0.7407894 -1.2788604
0.9324572 -0.2855129 -0.9383894
0.8864663 0.8008910 -0.1827095
0.5540401 -0.0087419 -0.7373997
0.2578747 -0.7951375 -0.0501154
1.1380441 0.0008201 0.2431053
1.8093812 -0.0253938 0.4599291
0.9881238 0.6076514 0.5924880
-0.8284276 0.2783744 -2.4365578
0.4398660 -0.5356224 -1.6672058
0.1666749 -0.4328299 -1.2274227
0.6917711 -0.8873774 -1.6071451
0.9861429 -0.3181935 0.2165443
0.9568530 -0.3248103 0.2492135
0.7093520 0.6920437 0.6409124
0.6687253 -0.6542501 -0.9769038
0.9986447 0.5038815 0.0530039
0.4528985 -0.2587116 0.7731875
-0.1155751 -0.5079460 -2.5067589
0.1550251 -0.6163877 -1.2075157
-2.2084956 0.8643779 -2.6378357
0.9104678 0.7567299 0.1995373
0.9993576 0.5005412 0.4977105
1.0492827 0.1182570 0.0340411
-0.0425227 -0.6484404 -2.7485466
0.9674263 0.1111997 -0.1576435
0.8861461 -0.3819925 0.3494363
0.7452870 0.1747930 -0.4809455
0.8975877 -0.6319892 0.5987634
-0.2814285 -0.8227752 -2.8835585
0.6652620 -1.2885454 0.4463712
0.1956960 -0.6835114 -1.6669780
-0.8424550 0.4010687 -2.1958499
1.3116874 0.1328547 -0.7514838
0.6704837 0.6866109 1.4230596
1.0968046 0.3139736 -0.8873739
0.9839428 -0.1965832 0.7655740
0.1722036 -0.6936813 -1.6877147
0.4067249 -0.8568540 -1.3193107
0.1954288 -0.1463201 -1.3751987
0.9013032 0.5216560 -0.8172994
0.4049550 -0.1056454 -1.4184062
1.2330214 -0.0014426 -0.9332075
0.1553146 -0.6901579 -1.3349924
0.8547761 -0.5853381 -1.0505019
-0.0402313 -1.0163553 -1.6414909
0.6413441 -0.5744272 0.3550052
0.4711162 -0.5519944 -1.7400624
0.6946422 2.4829743 2.3635533
0.5722535 -1.1269866 -1.7950222
1.0388839 -0.3141238 0.1785662
0.7180818 0.6394088 -0.1163292
0.9450761 -0.2527556 0.9099853
0.4412282 -0.4984535 -1.6685108
0.5559067 0.4585677 0.6461866
1.2265834 -0.2894908 0.9972823
0.4303399 -1.0516709 -1.4170657
1.2125272 0.2099929 0.5725867
0.5580806 -0.9083963 -1.6529540
1.4608177 0.8456177 -2.7844250
0.6891894 0.3610232 -1.0403663
0.4739753 -0.9612122 0.1369043
-0.8592629 0.3935649 -2.5010173
0.1900108 -0.7275453 -1.6833541
0.6018209 -0.5038990 -1.5370536
0.6678389 -0.5045682 -0.0294308
0.9252287 0.3837467 -0.5857539
1.1358292 0.3142739 -1.2451171
0.6209690 0.2787446 -0.7622122
1.3193071 0.5313957 -1.6153541
0.6723740 1.8391265 2.1048515
1.1385016 0.2610588 -1.2934592
0.4297667 -0.6915561 -1.0209028
0.6211058 0.8589621 -0.3072089
0.7210872 0.0113965 -0.6614231
0.3047563 -1.1209978 -1.4981549
0.8631720 -0.2092148 0.9580546
0.8082979 -0.0901463 -0.5484869
0.0895375 -0.9245334 -2.9798965
-1.9228129 1.0845213 -2.8616889
0.7003837 0.2999787 -1.0255928
1.0231855 -0.0226226 1.4583558
0.1824230 -0.3962500 -1.2051653
0.2943156 -0.3482496 0.5947565
1.5442216 0.7112113 -2.7751355
0.3178160 -0.5780131 -1.5170559
1.3219713 0.2710518 -0.7846916
-1.9709244 1.1555983 -2.5372791
0.1334217 -0.7180696 -1.6022706
0.8460740 -0.0444370 1.2109153
1.3861628 0.0152031 0.2392867
0.3434346 -0.2141732 -1.0148146
0.3616738 -0.4543133 -0.8098395
0.6098895 -0.5217803 0.5541521
-1.2804170 0.4081374 -2.5900042
1.4995612 -0.2636678 1.1309963
0.8596523 -0.4906082 -0.5821483
0.9450431 0.6169982 -0.1430746
0.9026948 -0.0942461 1.1703433
0.9727150 -0.6293527 -1.4753315
-2.3518264 1.2475908 -2.5944057
-0.1701416 0.5352959 -1.5359952
0.2078968 -0.1542948 -2.1558878
0.5468566 -0.6754069 0.2233041
0.7064778 -1.6510676 0.2104472
0.4890969 -0.3720439 -1.3576511
0.1789670 -0.3739498 0.2055042
1.0885284 -0.1055990 0.2633761
0.9275852 0.2682385 -0.8313646
0.5692945 -0.6503685 0.2199730
0.2506930 -0.4809495 -1.6810176
1.1311004 -0.2825145 -1.2221422
0.7152556 0.4994807 0.4776703
-0.3367588 0.5185040 -1.4104548
0.7497298 0.6296548 -0.4470519
0.9311064 -0.3476319 -0.4884667
-0.6028223 0.4021776 -1.9316059
1.3123453 0.0109629 -0.7123985
0.6946421 -0.4725623 -0.3530861
0.8541142 -0.5892751 0.2567178
1.4655492 0.5271037 -2.0870254
1.0692722 0.6631234 -0.9028276
1.4358529 0.4854951 -1.4050443
0.3890755 -0.2568950 -1.0533210
-0.1073809 0.3807984 -1.7915028
1.1221825 -0.3400034 -0.9387465
1.9042420 0.8806009 -2.9180024
-1.0278832 0.4634932 -2.3905509
0.8976680 0.8160802 0.2394689
1.0087943 0.5700936 0.0881260
0.1337808 0.2175895 -1.4374915
0.3342721 -1.0330617 -1.3737161
0.1516044 -0.2747107 -1.2917469
1.2843807 0.1421624 1.1910256
1.2454140 0.1103966 0.2227046
0.3014597 -0.1848595 -1.1257906
0.1465264 -0.2385310 -1.3342150
0.5314657 -0.5495861 0.0206730
1.7601155 -0.1602143 0.5334288
0.2829606 -0.7931393 -1.3797451
0.7396353 -0.4908379 0.1376677
0.0108609 0.1512579 -1.2491754
0.5287064 -0.0754952 -0.5228677
1.6941682 -0.1624462 0.6181450
0.2686611 -0.0335841 0.2155303
0.5855525 0.2570976 -0.3453495
-0.0474585 -0.5950461 -1.5697550
0.2755034 -1.0807850 -1.5480624
1.4761541 0.2660681 0.5520465
0.2971325 -0.4927746 -0.9505615
1.0144650 -0.3530006 0.0860353
1.1000936 0.3298098 -0.9301770
1.5151703 0.5939078 -1.0655552
0.4062103 -0.0916291 0.7031031
0.4630440 -1.1014001 0.3284240
0.1324817 -0.9110340 -1.4482493
1.1490177 0.6639425 -1.2228884
1.3896174 0.1946429 0.4757724
0.6517831 0.3608742 -0.7488802
-1.9741272 0.9196019 -2.8780482
-2.2120013 0.9987883 -2.5181510
1.3340274 0.0851805 -1.3649689
0.8024784 0.8868901 0.6546282
1.6125706 -0.1699168 0.5477864
1.3901618 0.0894515 0.6962810
0.7838365 0.4164173 0.5703241
1.0598072 0.5117768 0.3906401
0.0905074 -0.3147893 -1.5740255
0.7170768 -0.5668291 0.6057944
0.5168415 0.3732339 -0.8250200
0.3677942 0.1148805 -0.6836060
0.1915866 -0.2914756 0.3657309
0.8253056 0.6869130 0.2131175
0.3778362 -0.1231394 -1.5169551
0.3698054 -0.8524958 -1.7389692
1.1191857 0.6062974 -1.2283715
1.0769613 -0.4990962 -1.5306523
0.2877475 -0.2852225 0.0911816
-0.5785472 0.2403167 -1.9742649
1.2882981 0.1032023 0.7670348
1.0386113 0.8094372 -0.9613982
0.3983299 -0.1162819 -1.3508230
1.3841405 0.2681436 -0.8693188
-0.0409925 0.5473579 -1.4789046
0.2552554 0.0049624 0.2284947
1.2266113 -0.0523559 1.2789775
0.8910728 -0.2264136 -0.3353072
0.5315770 0.3585902 0.0339800
0.9807712 0.3606464 -0.6002114
1.5954545 0.9032069 -2.9387083
-0.1583517 -0.7375173 -2.6978920
0.7569252 -0.6421626 -1.1705722
0.6755385 0.0784246 0.9431890
1.7895405 0.7039348 -2.9441738
-1.8243847 1.0611110 -2.8131196
0.5150997 0.3050659 0.8533466
0.7196863 -0.5800122 -1.2587090
0.4643836 0.0016612 -0.4214760
0.7002413 -0.0483728 -0.5242700
0.8268159 -0.0711254 1.2349542
0.7495772 -0.5261025 -0.5422972
0.8552744 0.6094975 0.3684221
0.0281845 -0.8797026 -1.4411081
0.3095928 -0.7740775 -0.0496806
1.4075382 0.5857564 -2.7057579
0.2973334 -1.1204065 -1.6055605
0.6754224 0.4695983 1.2996843
1.2593198 0.0568133 -0.7127705
0.4786342 -0.4408203 -0.7218262
0.6660697 -0.1401512 0.7606900
0.7716308 -0.1283668 0.9398858
1.2090815 0.3494585 -0.7177970
1.0077031 0.0790144 -0.2585538
1.4964776 -0.2636351 0.6870581
0.9758164 -0.0732036 0.6926209
0.9478025 0.1373205 1.0924978
-0.3612849 0.5057104 -1.9143252
1.1308688 0.2274600 -0.6028937
0.0018211 0.4452347 -1.1456628
0.4770429 -0.4034052 -0.5035697
0.7351725 -0.4017109 -0.9145772
-2.4311950 1.0871465 -2.7211730
-1.5266364 0.7278205 -2.7381351
0.4103419 -0.0590287 -0.6843235
0.7165093 0.6457562 1.4748086
0.8498147 -0.1937618 0.5450370
0.9165640 -0.6414596 0.6052657
0.7096981 -0.3891701 -0.1676615
0.2202422 0.3669995 -0.8067983
0.6126246 0.1712869 -0.7347363
1.3269932 0.2223715 -0.8246037
0.6867771 0.7519470 1.5572686
0.4987977 -0.3698791 -0.7338607
1.4715635 0.4052333 -0.9289676
1.2701137 0.0706608 0.7186304
0.2784907 -0.0357014 0.2773301
0.8596668 -0.3507436 -0.5773503
1.1787472 0.0743513 0.0570672
1.2066029 -0.0274278 0.1465011
1.2829603 -0.2596564 1.1359580
-0.3833152 0.2329605 -1.9738647
1.0017539 0.3786839 0.4898157
0.8138230 0.6613107 0.1520661
1.1533259 0.3757978 -1.1268547
1.2734826 0.1729819 0.3048589
0.2188064 -0.3385655 -1.0394207
0.2790675 -0.7143741 -1.4105954
0.2767274 -0.5068113 -1.1093985
0.4999321 0.5865377 0.1049134
0.9314179 0.1577705 0.9930047
0.6433350 0.1698530 -0.8789440
0.5035797 -0.2946659 -1.2740313
1.1909795 0.0808579 -0.0212487
1.1216440 -0.2649338 -1.1556590
1.3723564 0.5590014 -2.0559661
0.6569610 -0.4524265 -1.3119886
0.8262812 -0.0700619 1.2314078
0.1350624 0.3377559 -0.9069577
1.1690315 0.2234060 -1.3267887
0.1103900 -0.5882414 -1.9999747
0.4797014 0.3667410 0.5299127
0.5324127 0.2579955 0.1101216
0.4208678 0.1111813 -0.6196775
1.2658974 0.3644741 -0.9560996
-0.4873462 0.4871681 -1.9923284
0.4792911 0.3164319 0.4772569
1.1608369 0.1588163 -1.3167433
1.5014051 0.4002218 -1.8352232
1.2318145 -0.3757913 1.0476761
0.1871847 0.0747804 -1.0582644
0.6274487 -0.5061563 0.0068361
0.9594422 0.8473540 -0.4449222
0.7024145 -0.3555627 -0.2515968
1.2825588 -0.2734958 -1.2632234
0.6389021 -0.8732104 0.7184008
1.5429665 0.0504952 0.8394092
0.1341356 0.3456733 -0.8335664
0.3515300 -0.8263915 -1.7590541
0.4210299 -0.3971458 -0.0005203
0.8333950 -0.5384864 -0.9537132
0.5190560 0.5014028 0.4812368
0.3701412 -0.8454486 -1.3745776
0.8136590 0.4305867 -0.8564016
0.9201517 0.1548258 1.0075269
-0.3988393 0.4649373 -1.6570632
0.8971997 -0.4317973 -0.5564935
0.8967252 0.4011562 -1.0004669
0.3425964 0.1099997 0.3061867
1.0998663 -0.3358618 1.8075033
0.7122061 0.9355655 0.0922243
0.9552281 0.2652830 -1.0607221
1.1317461 -0.2747831 0.9906833
0.8476700 -0.4276322 -0.5180371
1.5796708 0.5394549 -1.1213367
0.7080616 1.8110042 2.1704679
0.6037254 -0.5184741 -1.5938711
0.7838568 0.1349414 1.1191546
0.6570312 0.1849485 -0.4732783
0.4814193 -1.1059886 -1.7471741
1.2685411 0.1121497 0.7265504
0.5206916 -0.7400117 -1.0034926
0.9091826 -0.6517628 -1.4308701
0.1761171 -0.6883997 -1.3072834
0.3235016 -0.5015329 -0.9047013
0.2964364 -0.8106916 -1.5889496
0.7294834 1.3545402 1.7634227
0.2184508 0.5024821 -1.1464115
0.4090637 -1.1625530 -1.7257991
0.7623520 -0.3664617 -0.3982402
1.4114612 0.2488925 0.2509927
0.6545640 -0.9559339 -1.7304983
0.4606857 -0.5232647 -1.7183764
1.4815389 0.1669874 -1.5753121
0.5029367 0.5733251 0.2332047
1.1160074 0.3231168 -0.8979204
1.0775247 0.1365055 1.8925885
1.3675307 0.0669673 0.2791994
1.5520059 0.3325562 -1.6565397
1.0111270 -0.5598043 -1.2080431
-0.3194017 0.4264558 -2.0072095
0.6613943 -0.6085765 -1.4700547
1.2303449 0.7294872 -1.1036047
0.3378539 0.0028391 -0.8978390
1.2183321 -0.3794688 1.0613738
0.3470096 -0.0392911 0.6303658
1.5564765 -0.3261019 1.0505397
0.4240151 -0.7027785 0.3944952
0.7139614 0.9520590 -0.2202817
0.9372929 0.7200001 -0.7517393
0.7449856 -0.6102703 0.8310072
0.0373505 -0.8073744 -1.4378582
-0.0803313 -0.5662193 -2.8043811
0.8890661 0.8145952 -1.2181380
0.7573364 -0.0059428 -0.9355888
0.8402477 -0.1944466 0.5310432
0.8652416 0.1699117 0.9245151
0.3778117 -0.2464517 -0.7368172
0.8424339 -0.5171279 -1.1979998
0.3372625 0.1494469 -0.6952482
0.9364820 0.7955201 0.1143403
-0.0625254 -0.8899725 -2.8498411
0.8986460 -0.4253379 0.0789865
1.2890595 0.7038460 -1.1225065
1.3744073 0.0461306 -1.1835455
0.2952518 -0.2201726 -0.1320706
0.1019812 0.5294636 -1.3468724
0.3017093 -0.6477914 -1.4465525
0.6628621 0.7769083 0.5830986
1.3240142 0.2548950 -0.8738129
0.3970860 0.1885642 -0.0394678
1.1159827 -0.1722387 -0.7210934
1.3851185 0.5908008 -2.7256708
1.3476418 0.0499640 -1.1513848
0.6812785 2.1791039 2.1726260
0.5097321 0.1340095 -0.6110222
-0.3018561 -0.6833862 -2.8571701
1.3026849 0.5996009 -2.4551961
0.1581137 -0.6215383 -2.1736391
-1.5790716 0.7474607 -2.7565751
0.7610405 0.4476753 -1.0078373
0.4092093 -0.7010900 0.3934622
0.4515242 -1.0610621 0.1319938
0.7524328 -0.5348683 0.2505572
0.7444292 -0.9274561 0.7957069
0.1042506 -0.6890877 0.0627690
0.3503958 0.0155108 -0.9766507
-0.1868887 0.4079022 -1.8765182
1.3993775 0.2346484 0.2837689
1.1286645 0.0703816 1.6580105
0.1082200 -0.2380672 -1.8147118
0.6256422 -0.7771314 -1.5694450
-1.7405077 0.8329906 -2.7877650
0.6467591 0.6284772 0.0539923
0.1226933 -0.4880198 0.1893956
0.5378726 -0.6733744 0.2627328
0.4921528 0.2189916 0.4800638
0.9136053 0.3246911 -0.1591972
0.3821597 -0.2136652 0.7605951
0.6044675 -0.3922995 -0.5855077
-0.0283134 -0.5922000 -1.5463721
0.6618069 0.2405663 -0.3678216
0.8603008 -0.3991670 -0.3861164
1.0510805 -0.3453375 1.8516953
1.1265391 -0.2702525 1.5608983
-0.0536351 -0.5374656 -0.0512084
-0.6865860 0.4527662 -2.1203005
0.3836138 -1.1281143 -1.6838124
-0.6760788 0.4587381 -1.9450076
0.4421215 0.1778007 0.5390992
-2.1570792 0.8446559 -2.7734437
0.7120886 -1.2494794 0.5050853
1.5445385 0.4858342 -1.3093686
0.8856397 0.2068460 0.7628559
-0.0055728 -0.9817641 -2.8833578
1.3012638 -0.0479087 1.1298532
1.3740163 0.4183657 -0.9661579
0.5551788 -0.2852857 -0.5759289
0.2299245 -0.7680293 -1.7402637
0.5010033 0.1388948 -0.5229434
0.4657407 0.2220010 0.4594056
0.5635445 0.4124692 0.1010779
0.6562366 -0.8748905 -1.4355695
-1.6663945 0.7920697 -2.6669793
-1.9095508 1.1833383 -2.6707745
0.7145247 -1.4501616 0.4016211
0.6992768 1.0200301 1.7268662
0.8261689 0.6112609 -0.4093956
0.0056122 -1.0389475 -2.9773355
1.4025139 -0.1328472 1.4968301
0.7626060 -0.4282246 0.3181172
1.0563041 0.0200535 -0.4564212
1.4323826 0.2915995 -0.8455819
0.3756534 -1.0345864 -1.3745321
0.1150996 -0.6204830 -1.3653899
1.4956074 -0.0346156 1.1635084
0.3122687 -0.2382669 0.1665559
0.6312086 -1.0530109 -1.6828877
1.3938354 0.1415771 -1.6042979
0.3351585 -0.0536489 -0.3755837
1.1794492 -0.2914996 -0.9876525
1.1361253 -0.1659408 0.0308932
0.4070335 -0.2527215 -0.8074650
0.6061696 0.3214343 -0.8671653
0.8475820 0.1574217 -0.4384539
1.0456660 0.4244931 -0.6317552
1.1325430 0.3027105 0.3787349
0.3523184 0.0089292 -0.9083566
0.2717110 0.0436957 -0.9268953
0.5768990 -1.2709887 0.3084741
0.6307923 -0.9048807 0.5665103
0.6790359 2.0464010 2.2079232
0.1857615 -0.4630405 0.1093821
0.9401209 -0.5801646 -1.1946822
0.6030173 0.1247311 0.7448390
0.6592736 -0.3833010 -0.5399098
1.0969250 -0.3061284 -1.1906275
0.7340317 -1.2725036 0.5407933
0.1192271 0.4520892 -1.5031545
1.4103163 0.5675903 -1.6405373
0.9490752 -0.4101650 0.5131235
0.7195842 0.8033211 0.5233900
0.3803758 -0.4908124 -1.6846110
0.3592198 -0.3502121 -0.9038783
-0.6886334 0.3309845 -2.0336108
0.9777893 0.8254076 -0.6911252
1.1756380 0.0666731 1.1493475
0.5352663 0.2424418 -0.5923823
-1.9742006 1.0374159 -2.5242720
0.8334977 -0.4101880 0.0505929
0.1060451 -0.4806181 -2.3901203
0.8788344 0.4311745 -0.7452077
0.9099390 -0.4990199 0.5174824
0.4788661 0.0254402 -0.6104875
0.8936224 0.5983739 0.3981594
1.4907191 0.5752205 -2.1264784
1.4252725 0.2345093 0.5163215
0.7787319 0.0845432 1.0484072
0.3427173 -0.6084039 -1.1647298
0.6729362 0.3375766 1.2746005
0.0803172 -0.3959267 -1.9767965
0.8168948 -0.1926776 0.8795580
-0.3849922 0.3665920 -1.6378906
0.5603645 -0.6828978 0.2715553
0.8476300 -0.5043966 0.1713100
0.7274356 1.2729772 1.7133456
0.4567230 -0.6984949 0.4027741
0.9397536 -0.3151715 -0.6020394
1.4351325 0.6380903 -2.9665458
0.9180460 0.7451375 0.4693871
0.6142967 0.6516325 0.4434427
1.1795726 -0.1150702 -0.8177288
1.0143049 -0.5385776 -1.1572212
0.1276447 -0.6160474 -1.9128867
1.0523323 -0.2044676 -0.4639771
0.8031864 0.8465243 -1.2281512
0.7261787 0.7542531 1.4689550
-0.1505691 -0.9554426 -2.9802394
-1.1476220 0.4223318 -2.4523795
1.0575404 0.3241953 -0.9419392
1.3210790 -0.3059934 1.0004175
0.2991744 -0.5491571 -1.0871191
0.7246869 0.5938271 1.4026879
0.9889784 0.0515889 -1.1579100
0.6428351 0.5838133 0.2995487
0.8871264 -0.2397074 -0.0924075
0.9664842 0.2650511 -0.8082272
1.1761627 0.0701155 0.7360569
0.5063276 0.3076459 -1.1191388
0.6967961 -0.5741995 0.7384709
1.8191916 0.8808356 -2.9838204
0.4645129 -0.9639294 -1.5948787
1.5108118 -0.2905259 1.1233426
0.6384919 -0.3769197 0.6410468
0.7645528 -1.3390694 0.4049909
1.8657291 -0.1301704 0.6033747
-0.1656646 -0.4409883 -2.7349894
-0.1027826 -0.8471943 -1.7445356
1.3224889 0.0827145 -1.3286622
0.6416035 -1.1961153 0.4210180
0.0085706 -0.3905549 -2.2169642
0.3822291 0.0195252 -0.5554109
0.6591852 -1.3126485 0.3855554
1.2853806 0.2822490 1.3099396
1.3328331 0.3079151 -0.7789067
0.1631452 -0.6905070 -0.0525651
-1.4400179 0.5022684 -2.6416519
-0.0756424 -0.2764182 -1.8962847
-0.2797832 0.2508329 -1.9101841
0.2627017 -0.0869966 -1.8763791
0.1959561 -0.1550771 -1.3292346
1.0503438 0.3802877 -0.6609488
1.2434682 0.7669044 -1.1426558
1.2575136 -0.1381352 0.0548537
0.8581488 0.7780731 0.1023257
1.3646773 0.1401400 -1.4734867
0.8294327 0.6960386 -0.0156314
0.2316824 -0.1643731 -1.8877900
1.2535156 0.2114499 0.9550154
1.0265638 0.1166362 1.9969763
1.1981761 -0.3237719 -1.3500162
0.5349069 0.3313117 -0.7269658
1.4153045 0.1825795 1.2182703
0.6951151 -1.4735606 0.3235577
0.2399171 -1.1108013 -1.5941372
0.3585305 0.0148357 -0.7438565
-1.9082384 0.9008033 -2.8671415
0.1659133 0.0889028 -1.0431182
0.2139618 -0.4419372 -1.1727622
0.0138832 -0.4323068 -1.4021991
0.7454201 -0.4094335 -0.1043133
0.8136402 0.6879643 0.0564143
0.4502296 -0.4356459 -1.5882939
1.6763264 0.6130728 -2.9684236
0.3331367 -0.6485404 0.4591946
1.3191255 0.2803548 -1.7071499
0.7294642 1.4326059 1.8041146
0.5886385 -1.3448836 0.4834535
0.7187944 1.0532390 1.5948553
0.4986525 0.1826326 -0.4157769
0.8149532 -0.4630810 -0.4369150
-0.0453364 0.4532152 -1.1770446
0.2927586 -0.2437053 -0.9109181
1.5843817 0.4662338 -1.6680341
0.5820242 0.3415421 -0.8005064
0.3359452 -0.0650742 -0.6196817
1.3208876 0.5062562 -1.9009329
0.2802937 -0.4207163 0.5881743
0.4538247 -1.1514695 0.1837268
-0.9385286 0.3767482 -2.5547204
0.6588763 0.3413309 0.8041295
1.3869073 -0.2417591 0.9076508
0.7673302 0.8326823 0.6986194
0.3205173 0.1232799 0.0913672
0.0477543 -0.8037699 -1.4200538
-0.3645839 0.4857517 -1.6759901
0.1130105 0.1800620 -1.3902800
0.8942043 0.7604719 -1.3932048
1.2078923 0.4569466 -1.9773798
1.2366229 0.3833578 -1.8541821
0.1040004 -0.5793878 0.3820722
0.9801196 0.3069656 -0.9424012
0.8768047 -0.5862110 -1.3391792
0.8046808 -0.4583793 -0.5050604
0.4168930 0.1077626 -0.6272079
1.3892000 0.3142965 -1.8642833
1.2315888 0.4282055 -1.1655778
1.4306185 0.5084023 -1.9253192
-1.2743367 0.5340149 -2.4724407
0.9610122 0.8060585 -1.3476790
0.8789159 -0.1722068 0.6447714
0.7661705 -0.3482075 -1.0135080
0.8786868 0.3119481 0.6357849
0.6735559 -0.6636388 -0.9893009
0.6982492 -0.7655106 0.6273281
0.7135018 -0.8800375 -1.3737386
1.4186151 0.5642452 -2.5691216
-0.1486092 -1.1030676 -2.9172788
0.0929515 -0.5630790 0.0709449
0.8548584 -0.4302995 -0.3988724
1.2195433 0.2735203 0.1505838
1.4558610 -0.2491321 1.1173259
-0.0269452 -0.6376265 -0.0075976
0.2856392 -0.7140635 -1.9009873
0.2804880 -1.1273910 -1.5085531
1.2653247 -0.2276113 0.7115951
0.7629385 -0.5017709 -0.7950324
0.7616920 -0.7926880 -1.4796052
0.8991514 0.6869769 -1.2370218
0.5828596 -0.0430741 -0.6666227
1.5430076 0.0072196 0.5832963
0.6991573 -0.7686164 0.8318791
0.7599445 0.4688355 -0.0929086
0.7194445 -1.1586423 0.5482619
0.9179749 -0.1676111 -0.8951677
1.4461529 0.1577791 -0.9026306
1.3220440 -0.3244260 1.3856989
0.9401417 0.6527255 -0.1689951
0.4428077 0.1733574 -0.5391157
0.8516313 -0.6637042 0.3548400
1.2877756 0.5088578 -1.7658458
-1.8057930 1.0498724 -2.7764158
0.4160830 -0.6811957 -1.0179399
0.2374856 -0.6309738 -1.9836404
0.6565661 0.1811158 -0.4357478
0.3946137 -0.5981556 -1.0539268
0.5906606 0.3765048 0.0335433
0.7331725 -1.5902226 0.2855521
0.3997947 0.1627532 0.4154615
0.6948953 0.6891950 -0.3184752
0.9296725 0.5759056 -0.2616041
1.1888360 0.1829788 -0.6355667
-2.2308404 1.1572816 -2.7779415
0.4740083 0.4172955 -0.9722035
1.4145823 0.0789868 -1.3132801
0.4862700 -0.7647316 -1.7182019
0.0235036 0.4534512 -1.6183887
-2.1044068 0.9342405 -2.8648410
-0.9991996 0.4602174 -2.3146529
0.8056420 0.3180683 0.6388392
1.1962273 -0.2555326 -1.1928353
0.7092243 -0.6403909 -1.1300240
1.6177611 0.3571837 -1.1820325
1.4313595 0.1040932 0.8933993
0.8153896 -0.4518511 0.0824655
-0.9938710 0.3243652 -2.3769042
1.4732195 0.0895397 0.6310315
-0.0905077 -0.7071863 -2.7447648
0.4725128 -0.4837172 0.6457086
0.9942713 -0.2168738 -0.5569196
-2.3613474 0.9810410 -2.6387293
1.2926440 0.2889727 1.3108820
0.7991948 -0.4474799 -0.4006479
1.3640928 0.6520799 -1.0643958
1.0029476 0.8401972 -1.2487977
0.3118304 0.4085142 -0.8969537
0.4182566 -0.2380816 -0.8825253
0.0830199 -0.9909617 -1.5685464
0.3206376 -0.1016703 -0.8595168
0.6706519 0.3428272 -0.9263595
-0.0418139 -0.7529247 -0.0758748
-0.2113694 -0.4974943 -2.7311335
1.3176894 0.5227838 -1.6194578
-1.7398190 0.9054535 -2.7194443
0.7509272 -0.6133426 0.6580199
0.6517192 -1.0069790 -1.5548049
0.7324584 -0.1475644 0.7697891
1.5336065 -0.2423899 0.8714812
-0.0096999 -0.2342491 -1.8311738
1.5120479 0.5246521 -1.6716822
1.0235637 0.5694272 0.2349724
0.1022898 0.5039513 -1.2478458
0.3907880 -0.3737281 -1.2593840
0.6933737 -0.5327936 -1.2899894
1.1016285 -0.4915010 -1.5809500
0.9600746 0.6095291 -0.0683554
0.2881197 -0.7466877 -1.5566810
0.3668028 -0.1589852 -0.9441378
-2.2097979 1.1138828 -2.5319479
0.2784425 -0.3181235 -1.0678701
1.6574554 0.3942115 -1.5753642
0.7772766 -0.3391176 -0.9250954
0.9813005 -0.0083938 -1.1093060
0.0859663 -0.5200760 -0.1456679
0.7770550 0.4488793 -0.0754264
1.3659873 -0.2671321 -1.5124356
0.6745554 0.5903896 0.1674309
0.9739950 0.1462107 -0.1025585
0.4224376 -0.6561022 -0.9926277
-2.1611655 0.8596749 -2.5912285
0.6902924 -0.3514611 1.0200799
0.6431022 -0.4380070 -1.3277130
1.4750170 0.1447401 -1.4626355
1.6425580 -0.0483790 0.6211420
0.7563652 -0.3960612 -1.0873222
0.1917933 -0.7404569 0.1549395
0.5280593 -0.9953331 -1.5814089
-0.3311976 0.2823047 -2.0100198
0.4779527 0.9207474 -0.1145768
0.4194199 -0.4080532 -0.0315084
1.0529935 -0.0439141 -0.4055230
-2.2679033 1.1777515 -2.5248282
-0.2251170 0.4323670 -1.3649386
0.0756097 -0.3525217 -2.1138113
1.0466944 0.0639222 -1.2052695
1.3508595 0.5165423 -1.9761480
1.0378463 0.0562653 0.5392364
1.5552965 0.0402802 0.9042420
-0.0707993 0.4648363 -1.0439909
0.4095573 0.1722897 0.3920617
1.3758416 0.5917422 -2.7283757
-0.5093187 0.3886964 -1.8269924
0.3729509 0.1540967 0.1505725
0.4035672 -0.8898016 0.2654162
0.4504107 -0.9413154 0.0873139
1.0311767 -0.4240196 -0.8869635
1.1601435 -0.0654891 0.1217364
0.7277014 2.0542932 2.1175041
0.8457474 0.2583460 -0.8613006
1.4268055 0.3025268 0.7077326
0.7957874 -0.1967775 0.5866497
0.6959345 -0.4277945 0.1105458
1.1095666 -0.5468985 -1.6254675
0.5386983 -0.6721215 0.2575207
0.4437439 -0.7975208 -1.1819900
0.7300725 0.6364046 0.6905925
0.1806630 -0.6688116 0.1488085
0.5661477 0.5275249 0.6717832
0.3163881 -0.1427307 -0.9076608
0.4202627 -0.3016575 -0.1483173
0.5789136 -0.0004345 -0.5798255
1.2004826 0.6085799 -0.8143542
1.2344577 0.4085906 -2.0992541
0.6561217 -0.3837360 0.9138644
0.8522735 -0.2909493 -0.2758966
1.2542627 0.0099249 0.3256744
0.8898637 0.8354889 -0.4603082
0.7592958 -0.8148313 0.7029239
0.4349287 -0.6712298 0.1630313
1.5163063 -0.1635874 1.1598350
0.2488285 -0.6739507 -1.5747006
0.6666034 -1.0286138 0.5578446
0.2962570 -0.3999760 0.0864272
1.4753088 -0.1927315 1.1914351
0.6514186 -0.4287798 -0.4670736
0.4318319 -0.3064501 -0.2945376
1.0987836 0.2126441 -0.5417250
0.1831791 -0.7304643 -1.2084213
0.1598375 -0.7288646 -0.1298890
0.6347429 -0.0483260 -0.7012546
1.1780173 0.4091000 -0.9023264
1.4522159 0.0406217 0.9920990
0.9029545 0.6048702 -0.3169936
0.9203119 -0.4255844 -1.1407776
1.4026369 -0.3839537 1.2657081
0.2647766 -0.6692879 -1.5537298
1.0107964 0.5708836 0.3884414
0.6793986 0.5294393 0.1888219
0.8049257 0.4829417 0.4154567
1.4942443 0.3296470 0.7136851
0.7760825 -0.4224567 -0.9593105
0.6136314 -0.4375089 -0.4841782
0.1927859 -0.1650917 -1.3048275
1.2564703 0.3948443 -1.6832654
0.1956200 -0.7188644 -1.6823359
0.7874402 -0.3058370 0.5322374
-1.7401911 0.7274929 -2.7262268
-0.0304499 -0.6624067 -2.4015894
1.8543928 0.8209019 -2.9184947
0.4204394 0.2632305 -0.5989984
0.3366777 0.0625067 -0.2636343
0.1547475 -0.6592512 -1.2215464
0.2816058 -0.4447617 0.1043757
1.1011649 0.2068137 1.6916835
0.9441719 -0.1787798 -0.1245717
0.9690720 0.1206673 1.1399124
0.5255857 -0.2576260 -0.5605203
1.1525902 -0.0521798 -1.0323474
0.4476167 -0.9704030 0.2680168
0.6432359 -0.3960025 -0.2000322
0.5112067 0.3406076 0.1799033
1.7406883 -0.1193274 0.4604110
0.4080273 -1.1721888 0.2803278
1.4995602 0.1499525 -0.8947706
1.3068579 0.1743087 1.0166214
0.2308153 0.3262389 -0.7663447
0.2121752 -0.2547513 0.2625524
0.3649256 -0.4777283 -1.7673928
0.6444820 0.3741752 -0.7134832
0.3463181 -0.8584661 -1.6545264
1.1276628 0.5930454 -1.2683965
0.6961759 0.5372045 1.4716997
0.7706120 -1.2249236 0.3822055
0.4432194 -0.1323195 -0.6267219
0.8045208 -0.0540121 -0.9571473
0.4272095 0.4010340 -0.8737962
1.1949151 -0.0832991 -0.9263876
0.8380501 -0.3234268 0.2603023
1.0398489 -0.2077964 0.1538760
1.2705081 -0.4593998 1.3081975
0.4197439 -1.1340034 -1.5896789
0.5318454 0.5296060 0.2448745
0.7125484 1.3502238 1.8679771
1.1856046 -0.3653370 -1.3877078
0.4158501 -0.0679593 -0.6733419
0.7579557 -0.4245370 -0.3438197
0.9014957 -0.2391946 0.3619879
1.2952507 0.4847313 -1.7019460
0.9006682 -0.7133969 -1.0063170
0.9380531 0.6354505 0.2093918
0.5944314 -0.8731501 -1.5546203
0.4582577 -0.2859042 -0.2127189
0.3477716 0.0915547 0.4018341
-2.3094835 1.1858346 -2.5302265
0.8804045 0.4577314 -0.8004228
1.4978791 0.1047307 -1.2110437
0.2325656 -0.9002301 -0.0284251
1.3753654 0.3535812 -0.8526777
1.2299011 -0.4163675 -1.6313931
0.2040726 -0.5129882 -1.7641006
0.6989368 0.9493176 0.5777587
-0.0856637 0.2782320 -1.6927341
1.2813014 0.2163846 -1.4418108
0.3544613 -0.0419834 -0.5487613
1.4684422 0.3211217 -1.8223764
0.4759878 -1.0351491 -1.6277869
1.7754520 0.9070787 -2.9296913
0.9916027 0.7849404 -0.6378004
-0.1389033 -0.4073100 -1.8542666
0.4261794 -0.9072902 -1.7185819
0.0260476 -1.0532470 -2.9671450
0.6688620 -1.2468780 0.3684638
0.6888710 2.3396800 2.3327599
0.7015761 -1.1750821 0.4069661
-2.3706312 1.1491817 -2.7067761
0.3357687 0.0948822 -0.7483321
1.1581529 0.3311406 0.5131310
0.8221169 -0.5979809 -1.1133075
0.3417805 -0.0867428 -0.6370230
0.5047777 0.2414746 -0.3090376
1.4369745 0.4973028 -2.4295425
-0.0759016 0.4886090 -1.2936459
0.2326065 -0.4926595 -1.0584054
0.6698854 -0.2352086 0.9248795
-0.0118836 -0.7521672 -2.9727197
1.1043767 0.6598966 -0.9955099
0.6200234 0.3549131 0.7561444
0.6511111 -0.7906554 -1.4665496
-0.6344396 0.2567781 -2.0169346
0.4384620 -0.5510805 0.5810729
-2.2689314 0.8874285 -2.7129536
1.4207126 0.2272405 -0.9048253
0.8778389 0.4047027 -1.1118596
-1.5554003 0.6846986 -2.6249251
0.1173315 -0.4516939 0.3053417
0.2873008 -0.5022264 -0.9716154
0.5414875 0.1173075 0.7274840
1.1369264 -0.0921743 0.1341001
0.9301134 -0.0859021 1.1816618
0.3016433 0.1686993 -0.7315233
-0.0986890 -1.0794712 -2.9029346
0.3128069 -0.5216435 -0.9309569
1.2391014 -0.0216081 0.2009480
0.8196777 -0.3557529 -0.3136941
1.3547089 0.3807428 -2.0092051
1.2073665 -0.2366687 1.5263952
1.3847260 0.6683033 -2.2910838
1.1137295 -0.3387546 1.6807874
0.3949488 -0.0562189 -0.7447934
0.8252684 -0.4615622 0.3718393
1.2044455 0.0475745 -0.7307481
1.0522717 -0.0577960 -0.0533064
0.6738591 -1.4901298 0.3260438
0.8918284 0.6300073 0.3779188
1.3923643 0.2602755 -1.7940842
1.4383026 0.3098149 0.7135679
0.4319621 0.4239292 -0.9377862
0.4836655 -0.7073370 -1.0490345
0.4748921 -1.2813410 0.3296136
-0.0148332 -0.9782510 -2.9616358
1.0672063 -0.4229961 -0.9785091
-2.1339695 1.0088838 -2.5257037
0.9674369 0.1531662 -0.1173680
1.1313788 0.1469644 -0.4804195
0.0197240 -0.6011291 -2.5606089
0.1025009 -0.5634726 -0.1420057
0.7085620 1.6322211 2.0571899
-0.7766863 0.3953564 -2.1102629
0.6435727 0.2933837 -0.8131421
1.0628403 0.6592642 0.4868665
0.7317665 0.0987964 1.1414307
-0.1190664 -0.5750369 -2.9613819
0.2704529 0.3716266 -1.3668962
0.2585473 -0.8394502 -1.5784200
0.9174863 0.7728966 0.5131325
0.6870359 -0.0361700 -0.5062655
0.4971818 -0.3398809 -0.7110869
1.3910571 0.0892682 0.7153937
0.1331233 -0.4789102 0.1718419
1.3726680 -0.0024514 0.1619960
0.9663830 0.1306103 1.1052499
0.5389362 0.1275078 -1.0803387
0.0006731 -0.4323397 -1.6460922
0.6655585 -0.7512328 0.6527674
1.5607218 0.2710296 -1.5761676
1.2895933 0.3816562 -0.9929322
1.2671421 0.2209659 -0.6822469
1.2886827 -0.2007100 -1.1760566
1.6670144 0.2936716 -1.2144934
0.8548818 -0.4126559 -0.6868333
0.6395481 0.5016808 0.3658762
-0.1112143 -0.9720942 -2.9397967
1.3089136 0.1481472 -0.7666969
-0.3221878 0.5091988 -1.4472227
0.8293148 0.9160568 -0.2057962
0.9436865 -0.4820289 0.3287616
0.9900582 0.2068233 0.6222832
1.6621430 -0.1298454 0.5969635
0.0298851 -0.3711128 -1.4846630
1.2390921 0.0952050 0.2572542
-0.5421734 0.3532688 -2.2451193
0.3685314 0.1472137 0.2061429
0.0437626 -0.7056322 -1.4990999
0.4515956 -0.4337899 -0.5830205
0.3663328 -0.4078663 0.6471630
-2.1721563 0.8020862 -2.7069364
0.1468231 -0.2174552 -1.8853703
0.9914454 0.7720266 -0.8966136
0.2977760 -0.0605880 0.5638052
0.4458871 -0.6105897 -0.9885833
-0.0987841 0.1936583 -1.4568552
-2.5548112 1.2819351 -2.6502905
0.9180763 0.7417573 0.1779621
0.3329360 -0.6500410 0.1681284
1.5069801 0.3389304 -1.7672789
1.5721728 -0.3513537 1.0956608
0.3201550 -0.0416003 -0.2436306
0.1073771 -0.5306087 0.2742826
-2.0376015 0.8654671 -2.8661973
0.5284153 0.2927732 0.1892571
0.5488968 0.2250501 -0.4203195
0.3236946 -0.5002272 -1.5995829
0.3742268 -0.4669464 -1.7931629
0.8773182 0.5537509 0.4899648
0.5372268 -0.5714895 0.0481782
-2.2719102 0.8554760 -2.7094505
1.0691643 0.4603300 -1.0714815
1.3478038 0.0649091 -0.9597822
0.9299217 -0.5406563 -1.3328308
0.8984585 -0.4122794 -0.4643369
0.7274581 1.7289596 2.0227785
0.6483644 0.6593466 0.0887782
1.1763494 -0.3200507 -1.0576545
1.0561185 -0.4461101 -1.3604648
-0.1112078 -0.7093931 -1.5976163
0.9989402 0.7630354 -0.8240161
1.0518265 0.2019967 0.5330008
0.5144302 0.3450211 0.6246310
1.1871762 0.0237340 0.2126221
0.3610035 -0.0693668 -0.5573717
0.8446552 0.3062944 -0.9834764
0.8793860 -0.4379578 -0.4688679
0.5609304 0.2429034 -0.4388732
0.4772883 -0.2587009 -0.7080751
0.8221872 -0.6219674 -1.1556165
-2.1570635 0.8063484 -2.7286651
1.6149942 0.4226912 -1.6098521
0.3712356 -0.4550640 -1.3589621
1.9147742 0.7536120 -2.8894339
0.3495206 -0.3901521 0.6390280
0.4452137 0.3961401 -0.8621681
-0.0151554 -0.2982858 -2.0004280
-0.3988700 0.3122134 -1.6890000
0.6630408 -1.0057409 0.6683235
0.6551569 -0.3661931 -0.2875479
0.3511467 -1.1516770 -1.5509458
0.7145058 -1.4934385 0.3812628
0.4655345 0.1471715 -1.1587821
1.1124933 0.3027345 0.1782566
-0.0402939 -0.5915214 -2.2303150
0.9702939 0.7309307 -0.7036031
0.5598193 -0.0746993 -0.5267291
0.6550871 0.7888774 0.2393650
1.8819014 0.7756131 -2.8939810
0.9375625 0.2199739 -1.0911096
0.4838190 -0.5116112 -0.0234688
1.1554699 -0.4604652 -1.3840901
1.1430930 0.3171790 1.2407286
0.5678021 -0.5527512 0.4292828
0.2863418 -0.5798112 -1.9730923
-2.3746939 1.1322713 -2.5340464
1.4231648 0.1987203 -1.5262567
0.3916824 -0.9017842 -1.4853084
-0.1854791 -0.7321730 -1.7023972
-0.4318358 0.3101835 -1.7430596
0.2380760 -0.4554488 -1.1450784
-2.2142441 0.9710863 -2.8234501
1.4658861 0.1287314 -0.8651790
1.2456470 -0.2641541 -1.2145829
-1.3141291 0.6072701 -2.6938536
1.0652444 0.5409966 0.3833115
0.9103021 0.6853773 -1.2631674
-1.0476081 0.3868678 -2.3868825
0.2962758 -0.6495342 -1.3237165
0.8543805 0.7352750 -0.7184509
0.7062782 0.1688831 0.8692099
0.9065604 0.7275848 0.1229065
1.4261894 0.1701439 -0.8004893
0.3070648 -0.7927658 -1.3479059
0.7885038 0.5989844 -0.3362560
-0.4546810 0.4917832 -1.9463232
1.4707501 0.0658031 -1.3949755
1.5738368 0.4258105 -1.7066240
1.3924352 0.0607517 0.2670549
0.5446188 0.1152430 0.7564235
0.6348487 -0.9598320 0.6829532
0.2738631 0.0406634 -1.0260160
0.6368639 0.5172064 0.2988751
1.6387790 -0.1138683 0.6093588
0.5214453 -0.0890292 0.7264926
1.2470292 0.1190749 -1.3638748
1.0668273 -0.0462676 -1.0831577
1.7089274 0.8370700 -2.8663070
1.3366969 0.1374511 0.1720478
0.5970399 -0.1302980 -1.0623003
-1.0781268 0.3409794 -2.4513483
0.4606265 -1.0705096 -1.6804075
1.1727020 -0.0048121 -1.1399448
0.8849760 -0.5808875 -1.1434711
0.6540576 -0.3652902 0.9033412
0.9453417 0.7817552 -0.3817303
-0.3287649 0.2497392 -1.9614887
0.9670690 -0.2889140 0.2194230
0.9286641 0.7034277 0.4360101
-0.0945693 -0.6426796 -1.5490867
0.5520819 -1.2467335 0.2705843
0.6414886 0.6392494 0.8520715
0.9395309 -0.2773207 -0.5578096
0.5052115 0.1472318 -0.5225423
1.1270714 -0.1661968 -0.4925333
0.6885369 0.5101475 0.0051582
0.6811579 -0.1609282 0.9701947
0.9693325 0.1701836 0.8400519
1.7005087 0.3433504 -1.5414459
-0.4128661 0.2196667 -1.9437466
-0.1508013 0.5238171 -1.7468247
0.3703593 -0.6775716 -1.0434557
0.6478856 0.4209994 0.4533365
1.0012598 0.1264652 0.5880961
1.8224138 0.8770396 -2.9860268
0.9812638 0.7912012 -1.2612500
0.6612580 -0.5371860 0.8121103
-1.1508802 0.4955915 -2.4543929
0.6857919 1.1770875 1.6570175
0.9905668 0.1531069 -0.0425979
0.6910765 0.5748643 1.3492663
0.3476030 -0.5788453 -1.1462089
-2.3952153 1.0467366 -2.5542393
1.2567095 -0.3155953 0.8804994
0.3095521 -0.7271301 -1.2956642
0.9377183 0.1348120 -1.1129369
0.7257164 -0.5606282 -1.1005664
0.1730545 -0.1698866 -2.1185062
0.1016703 -0.3137113 -1.3785149
0.7269791 0.2289625 1.1939780
1.6968861 0.3326893 -1.2371937
-0.1267917 0.3359397 -1.2675036
1.3577464 0.5512819 -2.5009356
-0.0554726 -0.5380470 -1.5998353
0.6689241 -0.5126157 0.1565030
1.1775831 -0.0687324 1.2487916
0.3176828 -0.4690611 0.0812202
1.5490254 0.5062460 -1.0832380
0.9184223 0.5040811 -1.1292163
0.3033346 -0.0840598 0.5745385
0.6294953 0.3155421 -0.2114879
-1.1167731 0.5191786 -2.4883966
0.4428258 0.4335829 -0.9972532
1.3975694 0.0902260 0.2517550
0.2915324 -0.8269011 -1.4303271
0.9299785 0.2630937 -0.1363195
0.1606510 -1.0324790 -2.9598331
0.9910916 -0.6185784 0.3533035
0.3465467 -0.0170847 -0.3767876
0.9907067 0.7402934 -0.4791851
0.3159612 -0.2226118 0.0575444
1.0226828 0.3202656 -0.9613435
0.2688474 -0.4965494 -1.9733262
0.5951710 -0.4178849 -0.0999312
1.1165631 -0.3274225 1.6388742
0.7374967 -0.3992323 -0.5759869
1.2377881 -0.1502524 -1.0470670
0.7287632 1.2563605 1.7229692
0.7340900 0.4380502 -0.0180366
0.5759000 0.1044579 -1.0004793
1.1213182 0.2876875 0.1889984
0.1590071 -0.6752092 -1.8074837
0.7721304 0.7855421 -0.5515167
0.1115841 -0.1714738 -1.6653367
-0.8567246 0.4690527 -2.4421375
-0.4662952 0.4875304 -1.9313009
0.8193283 -0.3910280 -0.4865939
0.6891650 -0.4577954 -0.3613817
-2.0089145 0.9459268 -2.5167379
1.4927027 0.6337653 -2.3551345
0.7873812 0.0588642 -0.5141254
0.2454224 -0.4553289 0.1110673
1.0093634 -0.2045891 0.0835383
-0.0313844 0.4359656 -1.6884841
-0.1050474 -0.5255072 -2.4703970
0.6939929 0.3554514 -0.6484005
0.8447069 0.4853444 0.4451284
-0.0208551 -0.7067425 -2.9583828
-0.5367764 0.4661937 -1.9487948
0.8143697 -0.1133897 -0.4541407
-2.3366671 1.0915015 -2.5254197
0.6973959 0.6534954 1.5326321
0.9773980 0.2587194 0.5202897
1.7312903 -0.0351134 0.5566251
0.9102554 -0.2130763 1.0357232
0.7856219 -0.5356820 -0.6603319
-0.3311130 0.3048501 -1.5994544
0.8216308 0.8650118 -0.0233788
-2.3455071 1.0907764 -2.5336287
0.1371732 0.4045388 -0.8313169
0.6887008 -0.1081627 -0.5253311
0.6733490 -0.3757084 0.7519041
0.4702584 0.2562321 -0.5424595
0.2995537 -0.6089291 -1.1000377
1.0496413 -0.0453138 -0.4013211
-0.7097932 0.3268048 -2.3996096
0.7491775 0.3763274 -0.7036246
-0.4945261 0.4798037 -1.7424428
1.4611638 0.0924441 0.9065340
1.2071644 0.0828452 0.0070544
0.7060383 -1.6204128 0.3248691
0.6901499 2.1509869 2.1509562
1.2800394 0.2364314 -1.7040119
0.0883110 -0.5432162 -0.1222200
0.1925034 -0.8689462 -1.2718633
0.4984021 0.3671088 0.6206740
1.3547040 -0.4263611 1.2293067
0.8182687 -0.5923360 0.4272214
1.3654081 -0.2718080 0.8693998
0.8349154 0.5578629 0.4931224
0.3741085 0.0185224 -0.4193087
0.9665400 -0.2268348 -0.5553659
-2.0227313 0.8539258 -2.8652425
-2.3687201 1.2616177 -2.7235687
0.7244964 1.2704269 1.7626747
0.7306145 0.3627959 -0.8888102
-0.0629255 -0.9103479 -2.9723687
1.1156589 0.4956766 0.2813942
0.7316873 -1.3126007 0.4536859
0.2781900 -0.9892644 0.2839470
0.8438998 -0.3187653 -0.8732728
1.3972957 0.1077729 0.8926829
1.2867478 0.1666955 1.0224619
-2.4379973 1.0693401 -2.7077563
-2.4871726 1.2449155 -2.5763044
0.3151186 0.2627552 -1.3348281
-2.1766942 0.8444430 -2.6077406
0.2113344 -0.8835313 -1.3778971
0.6067497 0.6451668 0.4166973
0.0900929 -0.4415627 -1.2374446
1.1357195 0.6766600 -0.8573242
0.7267867 1.1854405 1.6995343
0.9548100 -0.7109320 -1.0166800
0.6758640 -1.2858846 0.5451753
1.2362458 -0.2989117 1.5255306
1.3329178 0.1773724 0.1827096
0.4123949 -0.3976405 -0.1425618
0.6041251 -0.0615986 0.7718131
1.1275971 0.2594528 0.3342894
0.3630653 0.0250935 -0.4985252
-0.0302071 -0.2381986 -1.9829775
1.2991503 -0.3067668 -1.3489546
0.9084151 0.0724011 -0.4375770
1.1104972 -0.0339223 1.2294382
-2.2336562 0.9603779 -2.8103166
0.3783602 0.0449311 -0.7276456
0.8981230 -0.2992041 0.2930793
0.8543146 -0.3769464 -0.5721830
0.4199679 -0.8242655 0.2151539
0.2101343 0.4730289 -1.3677255
0.4931827 0.0660694 -0.4136764
1.4401474 -0.1834204 1.2528296
0.2286835 0.0661002 -1.1173484
0.6459029 0.3430241 -0.1252438
0.7181222 -0.3042752 -1.1406125
1.0400268 0.3186269 -0.9314740
1.2034700 -0.2156181 -0.9052946
0.5103592 0.2665485 0.2215833
0.6674280 0.3203427 0.5975714
0.8687487 0.0204590 -0.4924341
0.1969519 -0.4680382 -1.0995054
-0.0048981 0.2539291 -1.5595957
1.3847312 0.0914091 -1.4514612
0.5913595 0.6653658 0.3238303
0.6283895 0.1743817 -0.3938291
0.5429035 0.2476387 -0.2245425
1.0453439 0.5660814 0.4205774
1.1042055 0.6570112 -0.8176142
0.5917889 0.2108191 -0.6666711
1.0664181 -0.1780469 -0.5539926
0.2572320 -0.1549905 0.1540586
0.8456491 -0.1877508 1.1961945
-0.9375993 0.4217182 -2.5458424
0.1138919 -0.1913554 -1.5318100
0.8418007 -0.4820405 -1.1416575
0.7981718 0.6507989 0.6621140
1.8575361 -0.0481775 0.4076366
0.6287128 0.5306283 0.8517494
1.0133119 0.8332581 -0.9294686
-2.0174441 0.7833040 -2.8274446
1.2603991 -0.2795531 0.7984172
0.2921096 -0.0896999 -0.2126682
-2.3955150 1.0284811 -2.6286824
1.5620750 0.4733941 -1.6836219
0.0725655 -0.5918034 -2.4631529
0.9632893 0.8689576 -1.0902712
0.3314477 -0.0412039 -0.2407075
0.3893301 -0.7284085 -1.1481267
0.2999941 0.0283867 -0.9587148
0.8485814 0.6902354 0.7117866
1.5053631 0.6395944 -1.1091629
0.5621326 -0.0151238 0.7724472
1.0834526 -0.4541742 -1.2707382
-1.1198183 0.3534046 -2.4741893
0.8815337 0.8328247 -0.9087997
1.3828694 0.5380514 -1.6726104
0.9081904 0.7959282 -1.3552152
0.2032529 -1.1155472 -1.6043979
1.4616519 0.0804441 -1.1534358
0.7424479 0.0600071 1.1680055
-2.2176697 1.0094746 -2.5162723
0.6560064 -1.7496107 0.1254963
0.4717892 -0.1028312 -0.7226874
1.6976596 0.3219450 -1.2642465
-1.0124315 0.4648823 -2.3940859
0.5369669 -1.1403700 -1.7353848
0.6962765 -0.8908614 0.5266792
1.1887823 0.3273760 -0.7063831
1.6942697 0.3847870 -1.3486729
-1.4513471 0.6998760 -2.6899667
0.3166804 0.0491506 -0.2097573
0.7149757 -0.8762130 -1.3703668
0.8010718 -0.6319538 -0.8398969
0.1426374 -0.8052933 -1.3779896
0.5994410 -1.3718954 0.4686888
1.5331295 -0.0153444 1.1362319
0.1402923 -0.4121727 -1.1567668
0.0200836 -0.2105750 -2.0138993
1.6056916 -0.2060956 0.8684763
1.6626357 0.7798276 -2.8418889
1.1352779 -0.0796087 1.2227064
0.9032612 0.3288499 0.6340838
0.2825665 -0.1423377 -1.9307840
0.7081529 1.6350731 1.8873216
0.7570874 -0.6758321 0.6684739
0.4934197 -0.4782496 -1.6510196
0.6773855 0.1855653 -0.4436609
1.5986905 -0.2020898 0.8413772
0.3972151 -0.3974417 0.0279664
-1.0650736 0.4787093 -2.4131863
1.2457930 -0.2879449 -1.3642200
0.7563354 0.5290801 0.5855542
0.0373626 0.4172574 -1.6079400
0.7148504 -1.2845172 0.4941732
1.2470586 -0.3117694 1.3948489
1.4969102 0.1995618 -1.0205690
0.4397032 -0.4737121 -1.7404613
0.7909925 -0.1906717 -0.5396585
0.9766086 0.5895849 -0.0188616
0.7289792 0.5831610 0.2773207
0.8019513 0.8294763 -0.2901806
1.1303389 0.6884974 -1.1464974
0.9703519 0.1543301 0.6512170
0.4594029 -0.5457439 -1.6957468
0.3178127 -0.4778825 -1.0366855
0.7356768 -1.0646273 0.5858356
1.3889629 0.3354756 -0.7777578
0.6755234 -0.5604080 0.6159829
0.7139125 0.2272685 -0.9668493
-0.2475068 0.2129443 -1.6342659
0.5896277 0.5523487 0.8364456
1.1352652 0.1241800 0.2674592
0.7151380 0.6826350 0.4509415
0.9409931 0.6657608 -0.0196699
0.6746099 0.3842997 0.6743873
0.3709083 -1.0658190 -1.4146570
0.6554795 -1.8439112 0.1990180
1.1267221 -0.4460399 -1.2810104
1.3329943 -0.2187527 0.6530578
1.1154287 -0.1084435 1.2958724
0.6998681 0.9335771 0.0648322
0.4254397 -1.2292341 0.3049050
0.7385868 -1.6656673 0.2862206
0.4087297 0.1911945 -0.0691552
1.1179867 -0.4434027 -1.2727664
0.7063297 -0.4347004 -1.2177776
0.9315144 -0.2134825 0.0810114
0.7095780 -0.5049522 -0.4576845
0.6800289 0.1560112 -0.8311225
-1.5236032 0.7358850 -2.7266071
0.1906991 0.2199449 -0.8723345
0.4254353 -0.5860784 -0.8557364
1.5621228 0.8992327 -2.8900549
0.6872801 1.1623546 1.7816846
0.4264606 -0.7015721 -0.9473459
0.5813848 0.2805209 -1.0188607
0.2502972 -0.0242010 0.1636936
1.2200568 0.1189513 -0.8131266
0.7095066 0.9559464 0.5608668
0.0417025 -0.2019647 -2.0503910
-0.1551407 0.5396670 -1.6680580
1.4178814 0.1756867 -1.6047208
0.6785474 1.6247104 1.9769832
0.5231227 0.3624952 -1.0308726
0.4915674 0.1940150 0.6481616
0.0560934 -0.5321184 -0.2227242
0.4090886 -0.3617051 -0.5401149
-0.1950070 -0.8549802 -2.9914925
1.0730938 -0.0131499 -0.4663166
0.7249916 -0.4960496 -1.1418122
0.3471586 -0.8616481 -1.6685594
1.1640615 -0.3523517 -1.0572408
-1.9280441 0.8192534 -2.8367431
1.1834677 -0.0825139 0.6730468
0.5363104 -0.4147235 -0.5699399
0.2938765 -0.9164791 0.1185900
0.3516880 -0.1626108 -0.7868307
-0.0446460 -0.3223997 -1.7054120
0.1618636 -0.6741481 -1.7384053
0.2307476 -0.1150301 -1.6936748
1.3519115 -0.1271901 0.5780110
0.4140780 -0.4427503 -0.7380368
1.5474946 0.6029940 -1.1215940
0.8304040 -0.1716438 0.7322088
-0.6807119 0.4573506 -2.2701566
-1.8327621 0.7749187 -2.7260156
0.9713587 -0.6593539 0.4809081
0.5858694 -0.4709544 0.0680668
0.6322339 -0.4084392 -0.5495031
1.0033299 -0.4779489 0.0553897
-0.0106611 -0.5944397 -2.6478181
0.4479385 -0.4076977 -0.8310723
0.5297263 -0.5424291 -0.0046005
1.1825352 0.1135361 0.0721393
0.2525835 -0.8193008 0.0676600
1.1120584 -0.2909080 0.8806745
0.6916040 0.6949987 -0.2011619
1.5607480 0.2545750 -1.5707030
-0.1317338 -0.9680920 -2.8821759
0.5174578 0.0655242 -1.0305620
1.0357639 -0.5260292 -1.3071004
0.2289394 -0.6386721 -1.2125564
0.6882313 -0.6145853 -1.5629755
0.5775447 -0.4643258 0.0092608
0.6359255 -0.0306188 0.8522505
0.3803575 0.0667220 -0.5035524
0.9000968 -0.5736389 -0.7713031
1.2635796 -0.0520201 -0.6598563
0.9587652 0.7220718 0.0736334
1.1536418 -0.0023721 -0.4938154
1.3134608 0.1316628 -0.6815511
1.2093433 -0.1397623 1.1866659
-0.0255645 0.5364905 -1.3811374
1.6270512 0.7079779 -2.8379865
1.4137515 0.2595154 0.2859600
0.5269605 -0.2780467 -0.6365767
0.6474733 0.7589785 -0.0744118
0.0045924 -0.7282914 -2.9062953
0.0984206 0.2133137 -1.0032858
1.0311074 -0.3782914 0.0923959
1.4090414 0.1668432 1.3399225
0.7527162 -0.5732665 -0.6442582
-0.2584960 0.5316488 -1.6691607
0.6422622 -0.0434348 -0.5244273
0.2779816 -0.2146905 0.5788363
0.6879740 -1.2165169 0.5310133
0.4750814 0.3389303 0.2807924
0.9436046 -0.3108171 -0.5996647
1.3523805 0.3924609 -2.0330398
0.4667816 -0.7072259 -1.7409196
0.7275373 -0.3456711 0.9878124
1.4218286 0.0494726 0.4662946
1.1235996 0.6861474 -0.9376365
1.8170772 -0.0613387 0.6299945
0.4188361 0.3856539 -0.8394295
0.2000808 -0.1552857 -2.1207027
0.5265421 -0.8409458 -1.1094030
0.7944864 0.4133002 -0.0188799
-1.9137617 0.8608913 -2.8532016
0.4279415 0.1612983 -1.2013236
0.4274894 -0.8731892 0.2466520
0.4815898 0.3932443 -1.0652583
1.2716813 0.5545310 -2.1162157
0.1265765 -0.4905666 0.4013335
1.7397367 0.7235968 -2.9674261
1.3484921 0.4247438 -1.3978121
0.8087151 0.2983351 0.7571062
1.6957765 0.3596692 -1.2811664
1.1084517 0.1629009 0.9055433
1.1183319 -0.5561985 -1.5499260
-0.1651050 -0.6430077 -1.7430880
0.4793769 0.2960793 0.2734973
-0.2692389 0.5300505 -1.7772628
0.6393024 -0.6702617 0.7167636
0.9400384 -0.4238352 0.5105715
1.3298560 0.0094419 1.1074655
1.1622906 0.0579673 0.4150447
0.8689191 -0.2516725 -0.0234076
-2.0700915 1.1897502 -2.5860550
0.8767092 0.6388408 0.2963845
1.2328268 0.2318624 1.0687013
1.5423329 0.6569578 -2.9640219
0.9416974 0.1926410 -1.1076615
0.9177474 0.2982189 0.5677539
0.3582422 -0.5307370 0.0462507
0.6640937 -1.4730453 0.3600564
0.8558214 0.4796053 -0.7666818
0.6904832 -0.4572517 0.5339698
1.1200219 0.6734410 0.5886022
1.0529171 -0.1593574 0.1591697
0.8560677 0.8807744 -1.2169280
0.3702422 -1.1791713 -1.6194783
0.6827865 2.1296816 2.2508767
-0.0379071 -0.2632246 -1.8090119
0.4093229 -0.2063166 -0.9597042
0.8684366 0.1506839 -0.4261176
1.0352639 -0.6229796 0.3968995
0.3277130 0.4738789 -1.0560060
1.0097110 0.2356112 -1.1658114
0.6915300 -1.6384630 0.3185489
1.2287610 -0.4386401 1.1327287
-0.3884188 0.3764254 -1.6423453
0.3826158 -1.0952550 0.1330780
0.7012221 -0.7219686 0.9493687
0.9003208 0.5372289 -0.2031125
0.8681177 -0.6823912 0.6111274
1.0746765 0.4526208 0.3910009
1.3635845 -0.1974864 0.6164216
0.7605089 -0.4263576 -0.0267168
0.7237948 -0.4809213 -0.7420750
1.5009338 0.4946148 -1.4164231
0.1624810 -0.6934547 -0.0371886
0.9439815 0.7566156 -0.2773768
-1.0345606 0.4179491 -2.6107483
-0.0094717 0.4884203 -1.2180691
1.0743835 -0.2621234 -0.5170636
1.0581559 0.1273919 0.5758149
1.1645913 0.0220172 -0.4944521
1.6365755 -0.0378549 0.8481578
1.6005982 0.7956766 -2.8400793
-0.2910882 -0.7466872 -2.9599755
1.0999134 -0.1051590 -0.6458475
0.4285286 0.1918470 0.0513860
0.4004700 -1.0241278 -1.3577363
1.2522411 0.1951075 0.9466860
1.0040219 0.5726728 0.5453285
0.7947983 0.8406961 0.4188887
0.3551636 -0.2379067 -0.2261408
0.6219419 -0.7624858 -1.5779982
0.5226531 -0.4063818 -0.4246251
-0.0048705 -0.2849424 -2.0429001
0.9259126 -0.3563883 0.5977569
1.0451272 0.2552763 -0.5101058
0.4832817 -0.6096545 0.5151494
0.9142193 -0.1952720 1.2044458
-0.0462932 -0.6808990 -2.8577943
0.9724835 0.1684955 -0.0860471
1.1764520 -0.1006647 -0.8241787
0.6185780 0.7203435 0.5694161
0.5240921 0.0863345 0.7030647
0.5694970 0.1224300 0.8175578
1.7338402 0.3616916 -1.5119978
0.7326294 -0.3932344 -0.8593456
0.6777509 -0.2339487 0.6910077
0.6099204 -0.5220360 0.1261152
-0.0050221 -0.4020011 -1.5266703
0.9532377 -0.5951868 -1.3153313
0.3908636 -0.3744873 -0.7507048
0.8884898 0.2576239 -0.4557987
0.1148060 -0.5223324 -1.3422136
1.6225752 0.6017926 -2.8891659
1.5555658 -0.2597959 0.8489324
0.6975643 -0.8946652 0.8882980
-0.4613491 0.2709172 -1.8132838
1.1527462 0.0205358 1.2345235
1.2113528 0.0445360 0.1501807
0.4691712 0.1536455 -0.3812293
0.2829778 -0.0918265 -1.5575131
-2.0413773 0.9106157 -2.8747950
0.7256991 -0.1212172 -0.5304066
1.1144586 -0.4489847 -1.2758149
-0.8860838 0.2615499 -2.4132035
0.8333629 -0.3522185 -0.9086764
1.2843508 0.2310984 -1.4359087
-1.4811757 0.5486852 -2.6260512
1.4845779 0.2442282 1.2274141
0.2419254 -0.3591707 0.1339315
0.8680168 0.0064036 -1.0409734
0.3419256 -0.3159859 0.0433336
-0.0787313 -0.8601199 -1.7336162
1.8405207 -0.1184816 0.4188411
1.2910448 0.1306870 0.7347675
1.4130028 0.3642508 -0.9351071
0.4483233 0.1897138 -0.5426325
0.9950269 -0.4003957 -1.1982217
0.6832800 1.3822763 1.8760819
0.4624398 -0.2745999 -0.6377453
1.5039998 0.5249655 -1.0180221
0.3794636 -0.5756429 -1.0679536
0.1834258 -0.4143534 -1.9541944
0.9243899 0.3382693 -1.3034045
0.8298040 0.5558127 -0.1994992
0.3789935 -0.8934560 -1.4626412
1.4442720 -0.2659065 0.9065209
0.3783529 -0.2680540 0.7302708
-2.0155277 1.2383684 -2.7033131
0.7982818 -0.0247362 -0.4929315
1.4976435 0.0595363 1.1278143
1.1101509 -0.5339971 -1.4853635
0.4592818 0.2559149 -0.6045573
1.7026917 -0.0327040 0.5617210
0.5533455 -0.0609508 -0.5195850
0.8047251 0.8063598 -1.2780954
1.7835388 -0.1358953 0.6434293
1.4435488 0.2249618 -1.6959406
-0.0513747 -0.9117596 -1.6242517
0.6366587 -0.5661387 0.2381135
0.1639799 -0.3995387 0.4275169
0.6531513 0.3166024 0.6260067
-0.0622030 -0.7300134 -2.9657595
1.1614214 0.1227345 1.6287574
1.6268388 0.3387934 -1.6205024
0.5334816 -0.7297199 -1.7076904
0.6718706 -1.2794106 0.3872509
0.7211344 -0.9676898 0.5821844
-0.4826985 0.5063557 -1.6058018
0.1663378 -0.2121289 -1.6482296
1.2676249 -0.0901508 1.2091134
0.4767776 -0.0009267 -0.8740285
0.7043572 -0.4737121 -0.5289872
0.6640919 -0.4744580 0.8349042
-1.9363209 0.7596852 -2.7342620
-2.0386901 0.8126440 -2.5783248
1.2381552 -0.3384742 1.0150170
0.7255849 -0.5264983 -0.8374463
0.3568487 -0.8815081 -1.6525910
-1.9445131 1.0880222 -2.8651974
0.7984487 0.7966505 -0.6321079
0.9842780 0.6980345 -0.4488282
0.7168336 2.0759103 2.2183843
0.0548090 -0.7683914 -1.5098026
0.0651284 -0.7496483 -1.3803573
0.4221936 -0.2059048 -0.9025308
0.0183305 -0.7369308 0.0682504
0.5250030 0.7075691 0.1651748
1.1945673 -0.1852330 0.1041576
0.9469836 -0.1644088 -0.3000214
1.4817686 0.5172185 -1.4701324
0.4036697 -0.8541211 -1.1230766
1.4226555 -0.4141487 1.2517990
-2.0044625 0.8935096 -2.5054595
1.3922778 0.3050876 -1.8498276
1.5924006 0.5989653 -2.9383974
0.2856897 -0.0828789 -1.8067665
1.2217451 -0.0339644 0.1749944
1.1635411 0.0252050 0.2146017
-0.0119609 0.3741648 -1.6639950
1.3022065 0.6025712 -2.6187677
1.8074570 0.6983069 -2.9179990
0.6093183 -0.9785855 -1.4441928
0.5902295 -0.5521049 0.3643287
1.2334526 0.4288693 -1.1620691
-2.2881920 1.2599350 -2.6682775
0.4414760 0.4170246 -1.1002133
0.7621149 0.7557358 -0.5664575
1.5252944 0.0123577 0.5979072
0.5172090 -1.1347176 0.2452178
1.1671829 0.3676636 0.5637475
0.3855624 -0.2412332 -0.3854056
-0.1575656 0.4636484 -1.2930847
0.2549157 -0.1928499 0.2626503
0.6909719 -0.7127661 -1.3712900
0.6005455 -1.0045161 -1.7274395
0.6231047 -0.4720103 -0.3530733
0.0673091 0.1943999 -1.0520328
0.9807132 0.2539091 -0.1682188
0.6890680 -0.4417551 0.1831750
0.8112140 0.7072330 -0.0873878
0.5335737 -1.0143725 -1.6256071
0.8230237 -0.3917659 0.3516077
1.0196964 0.5717818 -1.0502530
0.8497345 0.4228948 -1.0170758
-2.4140978 1.2732193 -2.6456077
0.4067257 -0.3050392 -0.8009326
1.2925037 -0.2346487 -1.3166139
1.2536435 0.7592758 -1.1228017
-1.4603896 0.6447363 -2.5954781
0.7188972 -0.3891427 -0.1393425
0.7300290 -0.5069342 -1.0880731
0.8353631 -0.6249472 -1.2436690
0.9838599 0.3793812 -1.2960496
0.3881683 -0.3738009 -1.2570854
0.1841505 -0.1592678 -1.3621405
-2.4466376 1.0867114 -2.6692836
-1.0197799 0.4927824 -2.4570241
0.5423959 -0.4683515 -1.7456870
0.8503243 0.6618928 -0.1873081
0.3039009 -0.7201115 -1.3056113
0.1533373 -0.3779157 -2.1175795
0.9195737 0.2872784 0.5658072
0.4334706 -0.3368167 0.7261282
0.0351373 -0.4241831 -1.5805559
1.4806278 0.1338772 1.2082546
1.1064998 0.2707838 -0.6155610
-0.5399074 0.2244954 -2.1160045
1.7299101 0.8414016 -2.9856794
0.2191128 -0.4685161 -1.0678761
0.2633947 -0.2561064 0.5294638
1.4333773 0.2584471 0.6943113
0.7163613 -0.0076737 1.1606573
1.3262821 0.1300472 -1.6317217
0.7227806 0.5070673 1.3677574
1.3011239 0.2511173 -1.7448777
0.7110980 -0.6843996 -1.1546564
0.4665605 -1.2276394 0.3358986
-1.8122545 0.8930761 -2.8243375
0.8015373 0.0075522 1.3448619
1.0066304 -0.1309278 0.7205307
0.3306843 -0.6277081 -1.0475067
1.2356161 0.0140558 -0.6108135
1.3280960 0.4805570 -0.7955195
0.1838801 -0.6533210 -0.0804928
0.6568043 -0.4431890 0.8799636
1.2485209 0.5004148 -1.5398747
1.6667490 -0.1044644 0.7749556
-0.1462345 -0.4113582 -2.6983624
-0.1001635 0.3239593 -1.2374251
0.6355305 0.6613539 0.3327793
0.7182598 0.5498428 -0.0681190
0.6957545 0.0359079 0.9634516
1.3268667 -0.3142640 1.3843665
0.2446800 -0.9005983 -0.0983256
0.8796200 -0.4444869 -0.5544878
1.5406916 0.1162249 1.0160209
0.9970444 -0.4470774 -0.9004300
0.5358554 0.3427447 -0.7489573
0.1751566 -0.9582834 -1.3781388
0.3737309 -0.2543727 -0.2620798
0.2937232 -1.0726079 -1.4280262
-2.1705568 1.1942724 -2.7965512
0.8409496 0.7333426 0.3254978
1.1446544 0.0383331 -0.8076997
0.4368597 0.3436210 -1.1917661
0.1166820 -0.5787395 0.1227405
1.2127473 -0.3760147 -1.3014611
1.1270251 -0.1061554 0.1559231
0.5468597 -0.2548587 -1.2351100
0.0903843 -0.2554690 -1.6937387
1.0421816 0.0274956 0.4696709
0.7859832 -0.6411859 -1.0872360
1.3834859 0.2592085 -0.9148521
1.2834889 -0.2460494 0.9942369
0.7703056 -0.2335078 -0.9699539
1.2193986 -0.0044836 -0.9183390
0.5025662 0.2721125 0.6652276
0.1483053 -1.0009444 -1.4368277
1.1129085 0.0802515 0.2830141
1.3032842 0.3721674 -1.8326263
0.7209578 -0.5083160 -1.1505375
0.7213040 -0.3926530 -0.3255300
1.1053861 -0.2066529 -0.7712684
0.3407472 -0.4135378 -1.1745611
0.8641943 0.7027937 0.2612575
-0.7365749 0.4561217 -2.3041501
1.0842799 -0.1261497 -0.4593909
0.2357876 -0.2614386 -1.2652307
0.9218687 -0.2019224 -0.2796966
1.5351877 -0.2637695 0.9475346
0.3449643 -0.5191763 -1.1327447
0.6984353 0.3576687 1.3789701
-0.4858787 0.4863607 -1.9700888
1.2626150 -0.1294042 0.6633540
0.9293793 0.6456670 -1.2032063
1.0777479 -0.1444844 -0.4606586
0.1413900 -0.1840056 -1.4643856
0.4691681 -0.9400532 -1.2247561
1.4673563 0.6121673 -2.7511599
1.1119586 0.1403258 -0.0170312
0.8618762 0.8219937 -1.0129167
1.5221132 0.1578362 -1.0672103
1.2246201 -0.4176123 -1.6105511
0.6802483 0.5790251 0.9559400
1.4037329 0.5174571 -2.4677465
0.6513211 -0.6498280 0.7942140
0.6990183 -0.3813880 -0.3677688
1.4400799 -0.4137945 1.2384293
-0.0681665 -0.5154805 -0.0558582
1.2251360 -0.0238071 -1.0358870
0.3560800 0.3762419 -0.8206986
1.3693395 0.2069370 0.2785030
0.5702548 -0.3240940 -0.6470740
0.3899801 -0.3208885 -0.2790284
1.2497579 -0.3122198 1.4538164
0.6839225 0.7241232 0.5079418
1.0285747 -0.3985484 0.3394502
0.6857820 0.0346073 1.1912053
0.7426725 0.8458052 0.6647195
1.2785742 0.4707908 -2.2992542
-0.0525480 -0.4874004 -1.4668882
0.6394492 0.2365345 -0.9089754
0.9904017 0.8102126 -0.7271706
0.3701289 -0.2934807 -0.0342821
1.7896019 0.6828051 -2.9060173
0.3205891 0.3094491 -0.7359368
0.1415313 -0.3122540 -1.2603320
1.5522146 -0.3764953 1.1050613
0.9675822 0.4467719 0.4824377
0.9642705 -0.6442857 0.4416926
0.2492328 -0.8616419 0.1148911
1.6541319 -0.0007103 0.6506201
0.9625574 0.3524891 -0.5617432
0.6699309 -0.3883650 0.9742061
0.3934057 -1.1471236 0.2805613
0.4971514 -0.0026715 -0.5383279
-1.9945306 1.1452572 -2.8416128
0.5180525 0.0266526 -0.7815784
1.0705625 0.0235261 0.7251153
1.0397543 -0.1047240 0.4034024
0.8435788 0.5212677 0.5639936
0.6526012 -0.2770518 -1.1999168
0.5481893 -0.5888923 -1.6345417
1.7324681 -0.1633510 0.5443844
0.7105291 -1.2703381 0.3903355
0.3132068 -0.0955794 -1.8446987
-2.1787622 1.2038814 -2.8483198
0.2388496 -0.6990330 -1.2244956
1.1436682 -0.0686545 0.3246856
1.2327048 0.0220564 0.0089248
-2.1308727 1.1015753 -2.9132938
1.4055523 0.1598542 0.3816265
0.7812789 -0.0544328 -0.9416968
-0.0954637 0.5136303 -1.7075777
0.6952794 -0.4485101 -0.5718412
0.7504445 -0.4248301 -1.1089730
0.1214000 0.5251002 -1.3399676
0.6969064 0.6756876 -0.2456548
1.0654280 0.3081745 0.1552563
0.4867394 -1.0085988 -1.5775836
-1.2155277 0.4011746 -2.5126560
-2.1173539 1.1135037 -2.8643360
0.4014484 -0.4916052 -1.4718682
0.5850563 -0.5783640 0.1938600
0.3546549 -0.0613724 -1.4317447
0.2622911 0.2774594 -1.3846196
0.5195022 -0.1532907 -0.4827594
1.1313589 0.1122418 1.7762942
0.3436173 -0.2351045 -0.2548286
0.8986911 -0.1753172 -0.0974011
0.3193422 -0.0301314 -0.9286119
-0.0839655 -0.5568074 -2.7940693
0.9784368 0.2170931 -1.1388021
0.9537175 -0.1365106 -0.9038998
0.4627043 0.2088219 0.2489399
0.2308050 -0.8940091 -0.0101032
0.5971273 -0.4676929 -1.4286079
-0.3324855 0.2180852 -1.7757124
0.8934247 0.1765925 -1.0592076
0.4229163 -1.0426372 0.3266246
0.7110552 -0.3625095 0.8540175
0.3163262 -0.3000973 0.0676829
1.3288983 0.1423575 1.4573869
1.1750079 0.4196017 -0.9575647
0.7252041 -0.3317400 0.9974115
0.1162529 -0.4547718 0.3213338
0.9610103 0.1711561 1.1613603
0.6838924 -0.0319149 1.0355020
1.1172624 0.1524524 -1.2821406
0.7844705 -0.0065050 -0.9630589
0.1426845 0.1254977 -1.2975343
1.3563324 0.1836467 0.6321776
0.4470761 -0.4139269 -0.7027371
0.4078602 -0.2897892 -0.2891923
0.3638925 -0.9409646 -1.3492491
1.3100359 0.1002955 0.7591485
-0.1462173 0.4768517 -1.8060101
-2.1815991 1.2729841 -2.6404855
0.7225840 0.9527807 1.5490984
1.3260673 -0.3047221 1.3749714
0.3763006 -0.4955515 -1.4492610
1.1421101 0.3368205 0.2737390
0.6500819 -0.5914773 0.6872062
0.5291590 -1.2947432 0.3817115
0.3745061 -0.1084645 -1.2494587
1.2649171 0.7255797 -2.7035656
0.7271116 0.9417581 -0.1692759
0.6119862 0.2823596 -0.6596668
0.9554382 0.2667747 -0.8143305
1.1012927 -0.4395093 -1.0970472
0.3695868 -0.7106243 0.1967192
0.8736783 0.8992479 -1.0627052
0.7234034 -0.8480056 -1.5031315
-1.9997848 1.1013263 -2.8592081
1.8493115 0.6434484 -2.9803638
1.3526098 0.5196968 -2.4444430
1.2129911 0.6073042 -1.0761422
1.1528801 0.2661247 1.1632390
0.4732094 -1.2245759 0.3433977
0.7337006 -0.2106561 1.0247711
1.5420828 0.7426978 -2.7414479
0.8405331 -0.3294529 0.4320043
0.2278931 -0.2920751 -1.2599046
0.6646429 -0.4758895 0.5355820
1.5056674 0.6290715 -2.7851062
0.9746112 0.6667499 -0.1977430
1.0542783 -0.1126495 -0.8358762
1.4703596 0.2214763 -0.9907207
-1.9437277 1.1784632 -2.7475917
1.2405790 0.4282591 -2.1590126
0.6820717 -0.1178217 1.1049478
0.5633617 0.3179879 -0.7174751
0.8811018 -0.6952648 -0.8508753
-1.7577758 0.9619408 -2.7343137
-0.2095285 -0.5749487 -2.8487945
1.4984990 0.6000474 -2.6013930
-0.1309220 0.3118130 -1.8006167
1.4600525 0.2235421 1.2149739
-0.0952455 -0.5124006 -2.7613220
0.7663098 -0.2866983 0.6214882
1.1591606 -0.4819688 1.1714998
1.3942776 0.1513138 1.3427022
1.4268264 -0.2799389 0.7838717
0.3761090 -0.3332062 -1.1730678
0.0096740 -0.9270914 -1.6424564
0.7011731 -0.4338000 -0.2893810
1.5518463 0.0273989 0.6164972
-0.0810267 0.4839216 -1.2709199
1.5765616 0.4715124 -1.6613797
0.8070089 -0.6595051 -0.8871446
0.3968253 -0.2092426 -0.6892814
0.1096195 -0.2185941 -1.4667339
1.3569694 -0.0325097 1.0577289
-1.9360516 1.1248592 -2.5493298
0.1164733 -0.5884968 -1.3555138
0.0198255 -0.4509224 -1.3488960
1.2796388 0.6383443 -0.9344541
1.5303282 0.0529421 0.8746212
1.5361984 0.1563283 -1.4232334
0.1468513 -0.7985210 -0.1372031
1.4624587 0.4096338 -1.0814518
1.4289668 -0.4760434 1.2406337
-1.7798636 1.0153244 -2.7656274
1.1545246 0.3755947 -0.7330329
1.0102161 -0.4110866 0.4940659
0.4081234 0.1397200 -0.1682467
0.6836848 -0.5428542 0.6237041
0.8100727 0.0232772 1.2498446
0.9201555 -0.2480151 -0.0140555
0.2746766 -0.7041408 -1.9116898
1.4755567 0.4886283 -2.0891943
1.1226475 0.3587666 -1.1460177
0.4377937 0.0246161 0.6698951
0.5725060 0.0087812 -0.7605468
1.4614993 0.5651029 -2.5392010
0.9061909 -0.3956760 -0.6915753
0.6299976 -1.3939468 0.3305190
-1.0410786 0.5054833 -2.5692647
0.9627025 -0.6067030 0.5899013
1.1893916 0.1054772 1.1337566
0.9135208 -0.4799621 0.0669862
0.9592839 0.7077651 -0.2491452
1.0782889 0.4851087 0.3522267
0.1980442 -0.6770012 0.3562037
1.3995647 -0.2158724 1.3270485
1.0133288 0.0744792 1.1596050
0.7543406 0.4350407 0.6511306
0.6127881 -1.2099564 0.4757965
1.0303104 0.2690491 0.1393307
0.7072598 0.9032947 1.5169297
-2.2379990 1.1098882 -2.4775715
0.2496945 -0.7086018 0.3165157
0.3627836 0.0325669 -0.3436836
0.8984433 -0.5444381 -1.2796926
0.4643818 -1.0319963 -1.6045260
0.0626746 -0.3314663 -1.4561702
1.5145146 -0.2668069 1.1105886
0.6765722 -0.3235804 1.0156331
0.3856974 -0.8943299 -1.1778722
1.0149374 0.7974198 -0.8997273
1.4124110 0.3519931 -0.8817270
0.8339487 -0.4242938 -0.4336637
0.3456865 -0.2514096 0.0280178
0.6180884 0.3239684 -0.1313646
0.6905739 0.5459286 0.5015873
0.7553370 -0.4308788 0.4261194
1.3693358 -0.3302456 1.3321190
0.6674967 -0.7647514 0.8091903
1.0222268 0.4492739 -1.0064290
0.6635364 -1.2731510 0.4528115
0.5551134 -0.5688840 0.0113710
1.1269259 -0.0718478 -0.4485345
1.4862143 0.1069028 1.0023915
-1.1299940 0.4328326 -2.6543956
1.0647253 -0.2910130 0.8958166
1.1390288 -0.0671108 -0.7828709
0.5400422 -0.9950110 -1.4346123
1.4478489 0.1867236 -1.6552612
-0.1054389 -0.5379725 -1.7748740
0.7067440 -0.5997257 -1.0485252
0.7071211 2.4082510 2.3447652
1.6953070 -0.0932639 0.4968213
0.8422758 -0.5800602 -1.0201117
-0.2998713 0.2168736 -1.6948493
1.0693803 -0.1998401 0.2416135
1.4429324 0.4237965 -1.9986211
0.5383019 0.0119310 -0.6097722
0.2567701 -0.6366804 0.2133618
-2.5527396 1.2658983 -2.6486380
0.8266547 0.6177594 0.3168776
-0.1067585 -0.7052346 -2.6149304
0.6213365 0.2572466 0.7942887
1.2071788 -0.0421866 0.0272689
1.5932170 0.2865929 -1.1102902
-0.2483485 -0.6587368 -2.7506762
1.2758603 0.3154617 -1.7043368
0.8035690 0.1148871 1.0236453
0.3700632 -0.4797150 -1.7971096
1.8203827 0.6343562 -2.8545792
0.7923950 -0.4171826 -0.4940451
0.8797376 0.5084392 -1.1077359
0.7809225 0.3243091 0.6137176
0.3918132 -0.3491932 -0.7323897
0.5543240 -0.0262738 0.7550686
0.8320810 0.1310255 -1.0043906
0.6367441 0.3453880 0.6085353
0.5442832 -0.2645890 -1.2485521
1.4612262 0.1242941 -1.4312949
0.2757290 -1.1399755 -1.5260501
0.1064133 -0.4754738 -1.9890088
0.6746379 1.9325163 2.1471913
-1.9934601 0.9204219 -2.5168359
0.0920632 -0.6950079 -0.1424761
0.7238105 -0.3443276 0.7486066
0.4821239 0.1228390 -0.5405276
0.8090941 0.2932735 0.7559853
1.1962579 0.1202041 0.2469151
0.8948666 0.3165894 -1.2532457
0.8435327 -0.3184624 0.4456900
0.8466865 0.6679320 -0.1736142
0.6778255 0.5975168 1.4347683
0.9459326 0.7704082 -0.3155070
0.0407707 -0.7845650 -1.4286817
0.9967574 -0.2425958 1.0521368
0.8198281 -0.3696422 -0.5834183
1.2941537 -0.0660427 1.2019050
-2.5007665 1.2813886 -2.6465859
0.2037420 -0.0924560 -2.0713470
-0.0624127 -0.5178932 -2.2587178
0.8327232 0.6418082 -0.2435888
-0.1700206 -0.6360313 -2.5992699
0.3519683 -0.1484207 -0.3900123
-0.0309112 0.2825262 -1.6196057
0.1805201 -1.1488544 -1.6400819
0.7977267 -0.6728210 -0.8602669
0.9659894 0.5743785 -0.8577397
1.2965720 -0.2209880 1.0514323
-0.2405344 0.5255709 -1.5673324
1.3050790 0.0160569 1.0997773
0.4949021 -0.4656576 -0.0354017
1.3741544 0.6230742 -0.9725953
0.3807735 0.3897084 -0.8499225
0.7253187 -0.1652161 -0.4576387
0.6575376 0.3174971 -0.8504736
0.3649165 -0.1485921 -0.6192436
0.3746993 0.4563291 -1.1331747
1.2769272 0.0340054 0.1034319
-1.6603642 0.7057127 -2.7639945
0.5136502 0.3433507 0.0809626
1.0717374 -0.1395825 0.2320917
0.1448169 -0.8053319 -0.1013900
-2.0565350 0.8224797 -2.5734746
0.9613494 0.3736236 -1.2528813
0.1911694 -0.6604447 -1.5577158
0.2070602 -0.5197747 0.5253834
0.9905918 0.8541735 -1.1722777
1.5444484 0.6238657 -2.8500700
1.2893342 0.2495435 -1.6626472
0.5941149 0.1978798 -0.6163013
0.6796930 1.8424035 2.1386507
0.4688088 -0.3128920 -1.2562735
-0.3016497 0.5270922 -1.7364535
0.7852351 0.3707780 -0.0984107
-0.7274781 0.4480345 -2.1593568
0.2892787 -0.1218246 0.3920283
0.6162028 0.2105185 -0.6428127
1.0183349 -0.5455126 -1.2384394
1.0793940 0.5372858 -1.3416431
1.3670075 0.2369718 -1.5654637
-0.2077018 -0.7176382 -2.9722564
0.5442097 -0.5946956 0.1406392
0.7506342 0.0920341 -0.9341629
0.8881154 -0.6573341 0.6490267
-1.1772343 0.5499566 -2.6419723
0.3924999 0.1746712 -1.2413875
-0.1618190 -0.9276220 -2.9862549
0.6702703 -0.6097783 0.6165841
0.7052658 0.6314000 0.2750122
1.2178565 0.4014276 -0.8568136
0.8270262 0.4961410 -1.0724849
1.1975651 -0.1145081 0.1377810
0.7238835 -0.5489098 -1.1335139
0.3214296 -0.7729647 -1.1785991
0.7033724 -0.6878603 0.9541857
0.8593518 0.8397866 -1.2284467
0.5513770 -0.2687983 -0.5494527
-0.1371085 -0.4571295 -1.7820076
0.1919085 -0.7633231 -1.3055323
0.9033471 0.2687984 0.6619165
0.4207923 0.3499425 -0.7421870
1.2659593 0.0644067 0.0935904
0.1442583 -0.4563140 -1.2714466
1.1822546 0.1653837 0.0193395
0.9814878 0.7531128 -0.4035119
0.6103465 -1.4201634 0.4048124
0.9430938 -0.4287849 -0.7869779
0.7844901 -0.3758532 -0.3199471
1.0322732 -0.0654714 0.6889992
0.5448546 0.2991955 -1.0676221
-0.9021984 0.4359669 -2.2757142
0.4463541 -0.4631738 -0.7417174
0.4242526 -0.3654449 -0.0362769
0.5880535 -0.8620853 -1.6048530
0.4911788 0.3906963 0.3283979
0.3665529 -1.1940995 -1.6465988
0.3145866 -0.1430518 -1.1548523
0.0564541 0.2329378 -1.4864799
-2.3882341 1.2636997 -2.7077370
0.4810165 -0.3922913 -0.5832832
1.0661542 -0.0365051 -0.4389393
0.6912224 0.9699706 1.6923093
1.5112481 0.1077874 1.1541337
-2.0208454 0.9013312 -2.8807292
-0.8169237 0.4323683 -2.1598854
-0.4546650 0.3443146 -1.7521791
0.6626201 -0.7663636 -1.0975504
0.6872500 0.3283806 -0.8228775
1.2195617 -0.2121584 1.0958211
1.3241408 0.1687951 -0.6927840
-1.2907854 0.5098045 -2.5292635
1.0703270 0.1688474 0.4105334
0.5629320 -0.6662340 0.3099034
0.3400242 -0.7070382 -1.0943040
1.1455066 0.1256119 -0.7658401
0.2579629 0.3015919 -1.3898913
1.0823636 -0.1936348 0.2469195
1.0971996 0.0670509 -0.7491435
1.0570883 -0.1579429 0.7272135
0.5644498 -1.0415381 -1.5522608
0.0504775 -0.7059383 -0.2384666
0.3361323 0.0418485 -0.3128739
0.9549490 -0.5946933 0.2027396
-2.1424112 0.8330059 -2.5944407
0.0466444 -0.5648130 -1.3412527
0.0666448 -0.6209913 -2.1281953
1.1357327 -0.5443034 -1.5572758
-1.8026545 0.9129130 -2.8189898
0.6159061 0.4115133 0.6196840
1.0120138 -0.0121308 1.2655339
0.3359745 -0.7367131 0.2361360
1.1717449 0.5054702 -0.7340178
0.6701903 0.6592321 0.0379351
1.4218796 0.0103250 1.3090380
1.4443812 0.7055079 -2.4962287
-0.1299147 0.2426464 -1.6770265
-0.5674852 0.4080815 -2.2521179
1.3232630 0.5694026 -1.4228374
1.1314075 0.5760736 -1.3112985
0.3448762 -0.0008553 -0.9953956
0.4254756 -0.0835732 -1.3203013
1.3855956 0.1505618 1.2356580
0.6891074 -0.2885210 1.0570606
0.3204257 -0.1248230 0.6990111
0.6804522 -0.4815270 -0.3699958
0.2892649 0.0712354 0.0171420
0.3377105 -0.1349058 -0.3773723
0.4177169 -0.5245665 -1.8313140
0.2671118 -0.7679408 -1.2097020
0.2447291 -0.1488515 -0.0734276
0.3217769 -0.5159141 0.5815526
0.7071523 0.0634049 1.0788108
-2.1169758 0.9983703 -2.8639123
1.0209388 0.5082140 -1.3133314
1.1897676 0.0132772 0.5665215
1.2955736 0.4998314 -1.9699583
1.3286891 0.1106300 1.4318247
0.3269181 -0.9824737 0.3209741
0.2412487 -0.4831432 -1.0424668
0.7136651 -0.0451442 1.1378884
-0.2034636 0.5024675 -1.2092742
0.6080834 0.3800251 0.0327848
-0.5897692 0.2237975 -2.1680224
0.6705635 0.6666964 1.4253360
-0.0251167 -0.6328526 -2.2250044
1.0146422 -0.2002801 0.7698796
1.1656682 -0.3691494 1.0453442
0.6676595 1.9771018 2.0584185
1.4428613 -0.3099928 1.0934730
1.0790586 -0.3465454 1.7422110
0.9935252 -0.1390538 -0.0805241
1.2066398 -0.3095496 0.9167746
1.2303935 -0.2405867 -1.0576136
0.8881202 0.8434022 -1.3082243
0.7094303 0.2291103 1.2893338
-0.0117817 0.2537226 -1.1616534
0.5788540 -1.0598267 -1.8277775
1.1904229 0.1327725 1.1888981
0.1614698 0.2850917 -0.8686206
1.4240774 0.6121362 -2.8034751
1.2350649 0.1951387 0.3159146
0.0653653 -0.8916866 -1.3912956
0.5407557 -1.0038713 -1.4617747
-1.9998116 1.2095084 -2.7739923
0.1227426 -1.0348428 -2.9235644
1.0382338 -0.1700400 1.1697847
0.1905007 -0.3820018 -2.0200386
1.4550710 0.4672150 -1.4425776
0.9792701 0.4546730 0.4833861
0.3224468 -0.2923140 -0.8361011
0.4574860 0.0169503 0.6895481
0.2882457 0.0607455 0.0287467
0.1375270 -0.1343190 -2.0286801
0.3317437 -0.2009632 0.6939852
0.3606659 -0.5941006 0.5577956
1.4760566 0.5006024 -1.3086941
-0.5709384 0.4526470 -2.2133451
-0.2919013 -0.7146087 -2.8277533
0.6889209 -0.4057133 -0.8448907
0.2105409 0.2039624 -0.8460184
0.5322846 0.3366493 -1.0544800
-2.1723332 1.2345859 -2.5732050
1.2108028 -0.4586599 -1.5363158
0.0478210 0.1372474 -1.3029159
0.5100808 -0.9884086 -1.5547053
1.1093687 -0.4200904 -1.4058899
1.0968875 0.1698175 -1.2566041
0.0365520 -0.3321323 -1.5184412
0.8162141 -0.1719842 0.9450504
0.3232831 -0.6562639 -0.0587781
0.6364348 -0.3853193 -0.3637574
0.6720724 0.2570239 1.2117320
-0.3373747 0.2189474 -1.8197919
0.8359726 0.7623460 -0.7546887
1.1121795 0.6844565 -0.9051329
0.3960885 0.1065765 -0.6048400
0.7175285 -1.1007584 0.5840611
0.9928895 -0.0301412 0.6680527
0.6930361 0.3152776 0.6226516
1.4607873 -0.2570222 0.7903176
0.4855599 0.6358055 0.0966732
1.8341273 -0.0435955 0.4920539
0.8502513 0.7530099 0.0893176
0.9517454 -0.0971920 0.7011422
0.5081191 -0.6900797 0.3367178
1.5291452 -0.2166630 0.6155947
1.0488718 -0.0348331 -1.0999004
1.0350267 -0.3991251 0.0967785
0.3908814 -0.7143763 -0.0175941
-0.1008587 -0.3897178 -1.9636742
0.7572685 0.3068427 -0.3267713
-2.4291966 1.0289266 -2.6443644
-0.7749216 0.3000679 -2.4344435
1.7725737 0.8846632 -2.8712599
0.5569320 -1.2866707 0.4349390
0.7784686 -0.3165359 -0.9655550
1.5371915 0.6042318 -2.9039268
0.4549599 -0.5454240 -0.8927277
0.0703553 -0.7101719 -0.0001719
1.4090583 0.4627251 -0.8848125
0.8549762 -0.0557727 1.2164294
0.2260407 -0.2097717 0.3919341
0.4461005 -0.5264675 -1.5404450
1.0211177 0.0206034 0.6449292
0.7394015 0.6773850 1.0170294
0.0043463 -0.3141287 -1.6118679
0.0260085 -0.2251597 -1.7354139
1.3875939 0.3419754 -0.7797174
0.7364520 -1.7055928 0.1151185
0.9461290 0.6736130 -1.1675143
0.8841248 -0.2746562 0.2521997
0.9995511 -0.0674964 -0.2894327
0.3161326 0.3173875 -1.3277352
0.6301349 -0.8606274 -1.3944675
0.4707738 0.0717855 -0.5375937
-0.1884594 -1.0317959 -2.9566536
1.1100721 -0.0264951 -0.8268677
1.1412060 0.2377507 1.7148205
0.8033804 -0.4021163 -0.6486728
0.7606514 -0.3303516 -0.3654496
0.3405906 -0.5713516 -1.4455734
0.6058408 -0.4871307 -0.7649189
0.6318876 0.5643703 0.0460410
1.2098835 -0.4070957 -1.5470303
0.2586304 -0.1603907 0.1502565
-0.2371670 0.5010836 -1.4374454
0.7154541 -1.0237213 -1.8476086
0.7191392 0.6802197 0.4433388
0.9809709 0.8669325 -1.1941507
0.6561494 -1.2982912 0.3983840
1.2378513 0.4993795 -2.0256360
0.5570717 0.3366861 0.0043835
0.2759118 -0.6800872 -1.9330119
1.3145062 0.6453128 -2.5079982
0.0298575 -0.4141394 -1.3981472
0.6437905 0.1249330 -0.7446966
0.9581666 0.6902254 -0.6056020
1.3269997 0.3454830 -1.8574876
1.4292067 0.4748796 -1.1613983
1.2128283 -0.3795799 0.9993262
0.3451549 -0.8005394 -1.2792439
0.6577346 -0.9233509 0.5522412
0.6363634 0.6961616 -0.2025655
-0.0203833 0.4924103 -1.6479299
0.9671705 0.4141128 0.0561319
0.8594968 -0.2233757 -0.9067669
-1.9171555 0.7617155 -2.7204206
1.4381936 0.6021329 -1.0533897
0.7538477 -1.2526194 0.4611318
1.4349577 0.4968422 -1.3680527
1.2572293 -0.3534108 1.0216389
0.6333920 -0.8702206 -1.3812128
0.8031038 -0.4767480 -0.5614744
1.5129627 0.3975955 -1.0426173
1.6125981 0.9061161 -2.9376061
1.0585958 -0.4682663 -1.4201951
0.0327225 0.4241359 -1.0889949
1.0246953 -0.5000427 -1.4328669
1.1863277 -0.2585118 -0.9592141
1.2794799 -0.3366326 0.9448686
0.9535151 -0.4475927 0.2295722
0.6330288 -0.5825357 0.3178665
1.5049185 0.4842493 -2.2417421
-0.2609428 0.5217359 -1.5783459
1.5364940 0.5666887 -1.1202866
0.6443673 -0.5079113 -0.0151474
1.8031529 -0.1812307 0.4779457
0.2122848 -1.0804026 -1.4514494
0.3044069 -0.1473076 0.6032124
1.0876662 0.5722938 -0.7472550
0.9393088 0.6444923 -0.1049260
1.0798074 0.6395361 -1.0938475
0.8645064 -0.5139458 -0.6505915
0.6261218 0.1528162 -0.5831984
-1.8053712 0.9101756 -2.8219218
0.8727107 -0.2482063 -0.0193004
0.2513373 -0.8157935 0.0609999
0.8574470 0.4188966 -0.7246085
0.0911880 0.4136862 -1.5434467
1.1618210 0.2677241 1.1814395
0.8488151 -0.5095096 0.3283322
1.1391712 -0.1163384 -0.5817406
0.0194690 -0.7209985 -1.4333932
0.4279870 -0.1795184 -0.9981547
1.0047809 0.2882935 0.5180939
0.7895326 0.4164718 0.4569561
0.3282075 -0.4832863 -1.0210351
1.3076702 0.1017946 1.4008614
1.0110958 0.0021025 -0.3358339
0.6165792 0.2856358 -0.5472003
1.2014827 0.6494898 -0.8605629
0.4795815 -0.4343052 -0.0910380
0.7307429 0.0133881 -0.9086139
0.7066130 0.5790152 0.2009293
0.8709602 -0.6408165 -0.7962514
1.2469738 0.6578730 -2.6929975
0.8324661 -0.4193325 -1.0246084
0.2782852 -0.3383636 -0.9316357
-0.2891900 0.5033247 -1.4537479
-0.5471693 0.3681731 -1.8676678
0.6792828 1.2506001 1.7870494
0.5701131 0.2027557 0.7742170
1.2876837 -0.2949628 -1.2824453
0.7202124 0.8288849 -0.3193675
0.3431836 -0.6155609 -1.0231558
1.0975829 -0.2985166 1.7414519
0.6635136 -0.9526006 0.7324182
1.0480617 -0.4312440 -1.3123089
0.8537961 -0.2285427 -0.9085466
1.3147359 0.6199294 -2.4279885
-0.0904856 -0.6055136 -2.9702117
0.7851849 0.8194830 -0.6425642
-0.0988406 -0.6918095 -2.5841496
1.3777791 0.0507125 1.0145675
0.6952685 -1.0896397 0.5162731
-2.4719157 1.0692090 -2.6659513
0.7546642 0.0088375 -0.9343761
0.9799869 0.1408872 -1.1573637
0.1305303 -1.0392554 -1.4818950
0.2653997 0.2278726 -1.3677442
0.7239259 -1.0642560 0.6027396
0.5183176 0.5430250 0.1495213
0.1816708 -0.5751247 -1.6324121
1.2394520 -0.3021137 1.1922365
0.6912585 0.7436013 -0.3020456
0.2144312 -0.6582285 -1.2433558
-2.0046937 0.9703624 -2.8896041
0.3603388 -0.3376625 0.0633548
0.1572112 0.0989252 -1.2320439
0.7028909 -0.6008308 -1.3736855
0.9685304 0.4558851 -1.0166785
0.7436707 -1.7406273 0.1693511
0.1100177 -0.4603245 0.3562007
1.4152781 0.7778731 -2.6799841
1.2798173 -0.2561065 -1.3616835
-0.0119315 -0.9437363 -1.5267828
0.4355665 -0.0059292 -0.8636597
0.9664297 0.3794817 0.1218250
0.6979948 0.3677024 0.8784767
0.2444210 -0.1700557 -1.1129199
0.2171805 -0.1218782 -1.7460141
0.3630763 -0.4864666 -1.0543729
1.2801993 0.2185154 0.8724185
0.9643639 -0.2047285 1.1093483
0.4959629 -0.4980164 -0.8345786
1.4009147 0.0577774 -1.1018945
1.2154621 0.3934034 -1.9530445
1.6099427 0.6917215 -2.8375478
0.7161267 1.1634281 1.6507455
0.2780862 -0.5451350 -1.6040254
0.7113611 2.3459222 2.2865994
-0.0111760 -0.8829295 -1.5347205
0.4308907 0.1429882 -0.5310877
1.3843563 0.2794285 0.5798214
0.7158529 -0.3285929 1.0210903
0.8790387 0.7656567 0.1902762
0.9928895 0.4233439 0.0939108
1.3600174 0.6341262 -0.9758434
0.2969202 -0.2146541 -0.1491218
0.0407544 -0.4138754 -2.0477886
0.3224242 -0.0741810 -1.4087549
0.6554919 -1.0311880 -1.7023329
1.2691792 0.3382205 -0.6735107
1.4837354 0.5072868 -0.9846773
0.9735167 0.6132345 0.5477918
0.6910866 2.3151879 2.3435040
-0.0405365 -1.0204668 -1.6197560
0.5737619 -0.8098322 -1.0977204
1.0295984 -0.5214467 -1.2793128
0.9377414 -0.4169656 -0.5496507
0.4287026 0.4340005 -1.0810727
1.2721580 -0.2257704 1.1212871
0.4368027 -0.0757824 -0.6117073
0.8900642 -0.6795921 -1.4823807
0.8178359 0.2247211 0.8106894
1.0463636 0.3208873 0.5394914
-0.0290032 -0.4920927 -2.5076942
-0.1891581 0.4823381 -1.3121811
0.7157626 2.2308605 2.2612293
0.0841900 -0.5990498 -2.4372892
0.7038583 -0.3798051 0.7944666
1.3283952 0.3959659 -1.4453048
0.5107549 0.3162279 0.3128048
0.3515495 -0.1547146 -0.7913110
1.1089789 -0.1353754 -0.9451153
1.1672211 0.0576423 1.1604972
-0.1628908 -0.7364090 -1.6733625
0.6900585 1.2579873 1.8427914
0.2349291 -0.7784318 -1.1515363
0.4875562 0.2458173 0.1911588
1.8517942 -0.1086666 0.5159220
1.3846396 0.5965975 -1.5570168
0.7609425 -0.9641014 0.7111961
0.4039473 -0.9302583 0.2652791
0.3302218 -0.6425390 0.5089291
0.6808730 -0.9988257 -1.8926790
0.5945396 -0.4600421 -1.4172088
0.1475325 -0.5859711 -1.7853858
1.0733265 -0.5574840 0.1693840
0.2022222 0.2387539 -1.4191020
0.4964976 0.2180049 0.6335897
0.8289255 -0.3075013 -0.1016811
0.8371930 -0.3180596 0.2741800
0.8974267 0.7254888 0.7471608
1.3643144 -0.2633850 -1.4637058
0.9246793 0.2077870 -1.0825671
1.0145859 0.0848770 -0.2681737
0.5709034 0.4155610 0.3150055
1.2007154 -0.0585835 0.6726793
0.7198857 1.4043158 1.7729552
1.4134144 0.0072440 0.6006441
0.4311539 -0.1725497 -0.9868234
0.7586123 0.2854840 0.7916498
0.5046635 -0.5268656 -0.8641942
1.4815481 0.4547370 -0.9536169
0.3419501 -0.0658967 -0.4625700
0.9324453 -0.3037750 -0.9559745
0.9515454 0.1819846 1.1625572
0.2429740 -0.9641508 -1.4091702
1.1329476 0.2095972 1.8257335
1.0358447 0.1507200 0.5425806
0.9691887 -0.5022255 -1.3192707
0.3363519 -0.1714451 0.7151417
0.9884745 0.1321751 -0.2136210
0.8379076 -0.2961805 -0.0230193
0.2920121 -0.6681988 -1.4400799
-0.0728303 -0.7212222 -1.5601548
1.3939494 0.1093167 0.3110358
0.7415454 -1.6670399 0.2183274
1.4696283 0.1437166 -1.0248927
0.4693546 -0.1163047 -0.6042854
-0.1434849 -0.7108837 -1.6339197
0.3157572 -0.0474877 -0.8783417
0.7522741 -1.1799233 0.3866814
0.6825788 -1.1558195 0.5540211
1.5172868 0.4195933 -0.9956294
0.3006620 -0.0126243 -0.2169896
1.4453396 0.2436011 0.5194783
1.1649386 0.1026568 -0.7577204
0.1124769 -0.3664188 -1.4676706
0.3989698 -0.7681259 0.2084828
0.6023811 -0.4890446 -0.5595543
0.2532175 -0.4769120 -1.7437640
1.0564194 0.6564243 -0.8942808
0.0742791 -0.5196801 -0.1289517
-0.0324544 -0.5020612 -2.5515976
0.0604699 0.5408139 -1.4057666
0.1803675 0.2681697 -1.4499239
0.7312942 -0.8341709 -1.4950510
1.3448980 0.1159300 -1.5015917
0.5673329 -1.0590470 -1.7948537
1.3616462 0.5173484 -1.5948679
1.1020027 0.1119914 0.7867323
1.2337824 0.7437276 -1.1102440
1.0733792 -0.0819982 1.2135768
0.0064864 -0.6681291 -2.3083348
-2.3554437 1.2717043 -2.6291132
0.4755280 0.0932478 -0.3866912
0.2376488 -0.9703136 -1.3272982
0.3020593 -0.9424874 0.2321970
-2.0991831 0.8922430 -2.8571074
0.3335060 -0.4717266 -1.8060538
-0.1843427 0.3193954 -1.3713771
0.9095443 -0.3083946 0.3438018
0.6884757 -0.0494989 1.1534168
0.9908841 0.7807203 -0.6173174
0.7950898 0.3369099 0.5200928
1.2463099 0.2037619 0.5935888
0.1055340 0.2795294 -0.9690309
0.2994641 -0.4403391 0.0650639
0.5707314 -0.6384581 0.3226907
-0.0613939 -0.8406309 -1.6065865
0.6853187 0.6163411 0.1624659
1.6022289 -0.1777898 0.6094093
0.9516535 0.2345442 -0.2053995
0.4370929 0.1859066 -0.0166909
1.4143013 0.0315777 1.2733635
-0.0352855 0.1677351 -1.3186083
0.3517250 -0.1265163 -0.9621377
0.2099348 -0.2811313 -1.3130087
0.9795017 0.5351712 0.4773902
-0.0748824 0.4870206 -1.0490632
0.6891334 -0.9945927 0.7259109
1.5430152 0.3387619 -1.6858488
0.5600415 0.1897632 0.7606025
-0.0689571 -0.4974059 -2.3675668
1.2475873 0.2750773 0.3968156
1.0615939 0.0928202 1.3437980
0.7201570 -1.2720309 0.5045726
0.9672150 -0.6310186 0.3035434
-0.2643203 -0.7754273 -2.8125088
1.4537541 0.4434382 -2.0821910
0.3054163 -0.5223143 -1.9581389
0.7156276 -0.1298392 -0.4651804
1.3280516 0.1634065 -1.4700726
0.4481316 -0.4606785 -0.5519913
-0.0253531 -0.5593426 -2.6592278
0.9810975 0.0817272 -1.1647452
0.5726599 -0.0295742 -0.6626859
0.6139848 -0.8112582 -1.5646639
1.3025403 0.5046044 -0.9975220
1.2212255 -0.3643524 0.9561560
