ply
format ascii 1.0
element vertex 16384
property float x
property float y
property float z
end_header
0.7138958 0.9188395 0.0696906
0.8572937 -0.4172373 -0.5693785
0.7673516 0.9116825 0.6526597
0.1630676 -0.5096267 -1.2757454
0.7050347 -0.3620791 -0.3088017
0.3872715 -0.9193520 -1.3178242
-0.9858415 0.3405231 -2.3574612
1.2669175 -0.2762769 -1.3859608
0.6720253 1.0116144 1.6174384
-1.3966670 0.5668774 -2.5708933
0.1225863 0.2668764 -1.4842321
0.7150564 0.7385434 0.1579801
0.6328954 -0.9386510 -1.5480776
0.9986478 0.1446978 0.5966005
0.3242845 -0.7578260 0.2526800
0.8134840 -0.4784715 -0.5496325
0.8908948 -0.2673777 -0.1815743
-0.3785847 0.3286848 -1.6438768
0.6079167 -0.5171264 0.2075358
0.3699206 -0.7763422 -1.2384580
0.0583809 -0.5831569 -1.4374435
0.5999721 -0.0648726 -0.6926228
0.6258523 -1.0685225 -1.7301476
1.3963516 -0.1778433 1.3959823
0.5147029 0.3031887 0.8513095
0.0908759 0.5342523 -1.3860915
0.1830639 -0.8752467 -1.2855436
0.7270128 -0.1835843 -0.4951371
1.1630573 -0.1305529 0.1653041
1.1488518 0.0170518 0.2260772
0.6099750 0.2575150 -0.3215187
1.2268784 0.6361054 -0.8898243
0.9015799 -0.4953518 0.6053472
0.6369475 -0.1375996 -0.4736065
-1.9140072 0.8413669 -2.8440194
-1.0767854 0.5230942 -2.5812383
0.5965907 -0.9984068 -1.6626052
0.7991688 -0.6868775 -1.2225014
0.3367339 -0.8167539 -1.3464667
-1.5023491 0.7012304 -2.7445614
1.1322265 0.2291865 0.3008778
-0.4508712 0.2463442 -2.0889034
0.3690104 -0.2066251 -0.3817420
0.3547766 -0.0659198 -1.5144718
0.2244964 -0.1975878 -1.3971283
0.5443642 0.1246955 0.7843716
0.0512072 0.5161884 -1.3064951
1.1788145 0.0106249 0.5597792
0.3288504 -0.4672700 -1.6876204
0.4825672 0.0242193 -0.4586981
0.6393188 -0.5378447 -1.5517857
0.3011434 -0.0725540 -1.0381376
0.1356772 -0.9183968 -1.3590915
0.7212797 -1.3867972 0.5081260
0.0982391 0.2072845 -1.4369349
0.8375783 -0.1078463 -0.4496223
0.6158375 -1.3628736 0.5107433
0.9194708 -0.7090890 0.5175787
0.7465826 -0.1886522 0.7322360
0.4864451 0.3708615 0.0912703
0.7528866 -0.6375639 0.6761690
0.0541817 -0.9131807 -2.8457260
-2.2888536 1.2622780 -2.5740032
1.1800063 -0.0081475 1.2078336
1.3773972 0.3106017 -1.8538069
0.6722179 1.0149956 1.5806957
1.3218131 0.4376768 -1.0808561
1.0108098 -0.2924620 0.1705362
0.4009787 0.2982759 -0.6551191
0.5589268 0.5573851 0.5173041
0.6870309 0.5346382 1.3285068
0.6874617 0.9680483 1.6756927
1.3384703 0.6466083 -2.2626004
0.1704212 -0.1790380 -1.3449088
0.9936616 0.6363904 0.5979769
0.6419789 -0.7085170 -1.0146153
-0.4234391 0.4880525 -1.7888172
-2.2823515 1.0209426 -2.7624311
0.6728613 0.6569609 1.4391087
-2.1475301 0.8795176 -2.8248825
1.2435799 -0.2295526 0.7145909
0.8270652 0.8427907 -0.3317230
1.2460493 0.1524474 0.9215080
0.7574471 0.4614395 -0.9130763
0.4716956 -0.5545180 0.0734167
0.9384126 0.1397469 1.0884950
1.0291920 -0.3515741 -0.7713568
1.6696774 0.3776226 -1.5732962
1.0066769 0.5698065 0.5386783
-1.7776620 0.9937943 -2.7274091
-2.1893411 1.1827852 -2.5368409
0.7846677 -0.0780522 1.2523074
-2.2685206 0.9002728 -2.8272378
0.7694244 -0.3721041 -0.9584975
1.3707855 0.1860071 1.3512423
0.3108087 -0.6585846 -1.4819167
1.0631951 0.6553785 -0.9330438
-2.6480334 1.2804930 -2.5866206
-0.1870659 0.4415281 -1.3196056
0.7532573 0.0607036 -0.9384221
0.2641147 -0.1762331 -1.0608803
1.0397937 0.0028453 1.2041094
0.7719070 -0.3958013 -0.6229993
0.0594157 -1.0002836 -2.9559288
1.4404844 0.0271198 0.6490179
0.2696356 -0.7581585 -1.5392277
0.1544599 0.4916091 -1.1649095
0.9488478 0.7365344 -0.7969475
1.0076069 -0.5702600 -1.3948828
1.0388491 0.0499209 0.5145078
-0.1903589 -0.8939944 -2.8578305
1.2404205 0.1139605 1.4748864
-0.1201443 -1.0297598 -2.9803674
0.4055549 -0.8604345 0.2501554
0.4031375 0.4522472 -1.0572519
0.7779253 -0.7804600 -1.3585855
1.1512983 0.3818171 0.6739193
-1.7515366 0.9660025 -2.7444930
0.8242410 -0.4776377 0.3368133
0.7908105 -1.2679611 0.3969450
0.3510110 -0.4375938 -1.0650469
0.8136557 0.7918967 -0.6809822
-1.8107589 0.9029901 -2.8243496
0.8159080 0.8998271 0.5127661
0.7616689 -0.5764390 -0.6432124
0.2382146 -0.0855243 0.2256532
0.3867606 0.1205193 -0.6440029
0.9330614 0.8853303 -1.0897365
1.5040377 0.4608859 -0.9909244
1.1969032 0.3693551 -0.7235512
0.7078389 0.8893061 0.5779954
0.7572222 0.6342126 0.6535949
1.3140093 -0.1629213 0.5926664
1.2205783 0.1750435 0.5192434
1.5166150 -0.1634855 1.1214052
0.5535300 0.4388350 0.6909584
1.4501572 0.7721582 -2.6381714
0.7104796 0.7128779 -0.4561833
0.8028348 -0.4257428 -0.0097008
0.5285756 0.2273458 -0.1926314
0.3213328 -0.7673302 -1.2990050
0.5617712 0.3328924 0.5477634
-2.2776146 0.9040412 -2.8124511
1.2214795 -0.4294129 0.8847714
0.7105308 0.0063884 1.1740949
-2.0498085 1.0915912 -2.8916595
1.0183063 0.7854441 -0.5618634
1.3861644 0.0423097 0.2490555
0.8775278 -0.0131436 -0.5275704
1.8099517 0.8305492 -2.8877101
0.3489976 -0.6485958 0.5218606
0.9968545 0.6191477 -0.3838434
-1.6421828 0.8250260 -2.7240245
0.6508886 -0.7899828 -1.4916070
0.4866394 0.3113299 0.6479576
0.6683156 0.2137199 1.1712751
0.6633219 -1.5534639 0.3199730
0.4920229 -0.4652758 -0.8374642
1.2321658 0.3799499 -0.7488151
0.7877665 -0.0834340 -0.4944114
1.0403377 0.3004627 -0.5980730
0.7397697 -1.2362429 0.3816815
-0.1506237 0.5177224 -1.7592083
0.6809773 -0.0782861 1.1192619
0.6350838 -0.9412137 0.6264662
0.7294646 1.8363737 2.0635486
-0.0872097 0.2337354 -1.2819856
1.0107410 -0.4149644 0.3789260
1.4569979 0.3887489 -1.0106905
1.5205729 0.4597770 -1.0131085
1.2688046 0.4052102 -1.3127371
0.7583665 -0.9269999 -1.7472508
1.2796865 0.3865848 -0.7483231
1.4989674 0.0443485 0.6226423
0.9983082 -0.0939886 -0.7434530
0.6663866 -0.0095897 -0.8717714
0.6219774 0.4164251 0.6853884
1.3159453 0.3820242 -2.0080957
0.6855293 -0.3453025 1.0159513
0.8352107 -0.3191721 0.0226102
-2.3711722 1.0516649 -2.7172422
0.7063510 -0.0894286 0.9023818
0.4168937 -0.9384328 -1.2317679
-0.5400377 0.4351487 -1.8643516
0.7199729 -0.5890949 -1.3182415
0.8164038 0.4319221 -1.0420927
0.0648669 0.4523511 -1.1097950
1.4465010 0.3286445 0.5673585
-2.2935226 0.9278092 -2.6659110
0.7820922 0.4277432 -0.8802435
1.3416368 0.0379721 0.2560158
1.0196146 0.1568578 0.5746155
0.8396637 -0.6280181 -1.3638053
-1.0178661 0.3301311 -2.4001019
0.2128378 -0.4123990 -1.1604884
0.6807991 0.3105719 -0.8079560
1.4841201 0.0098130 1.1504722
-1.9704648 0.9066035 -2.5205178
0.1829362 -0.7561101 0.1475250
0.5614110 0.1818782 -0.3987936
1.4727747 0.0460201 1.2520746
0.6668757 -0.0236514 1.0478224
1.0164835 0.7194729 -0.5492117
0.1068824 -0.8802174 -1.4293842
0.1081099 -0.2219131 -1.4664978
0.6063445 0.5031347 0.2891043
1.2660482 0.1138780 0.7500077
0.7076430 2.3879578 2.2981648
1.3258889 -0.3012175 0.9981992
1.4692955 -0.1860076 1.1468384
0.6784503 -0.7173222 0.8418447
1.5811441 -0.0875507 0.9159308
-0.4860467 0.2730066 -1.8409599
0.6195260 0.2020264 0.8738219
0.8557866 -0.2611828 -0.0363614
0.7978995 0.3133058 0.7276617
0.1459359 -0.2216440 -1.7023177
0.7048869 0.5840163 -0.1082527
1.7557138 -0.1693778 0.5206205
0.7858788 0.9229156 0.0141478
0.8260394 0.6640290 0.6617356
-0.9625905 0.2786985 -2.4400034
0.6847774 -0.4438057 -0.0409599
-0.8799040 0.4125358 -2.5097616
1.0226550 -0.5500768 -1.1962469
1.3017827 -0.2973931 0.8458618
0.6137503 -1.3964781 0.4768328
1.2125560 -0.0384399 0.2032967
1.0467676 0.1383313 1.9528857
0.8476055 -0.5782014 -0.7630542
0.8977728 0.6327056 0.3753824
0.2021752 -0.5021699 -2.1415610
1.5104982 0.2753092 -1.0184903
1.4032786 0.7821704 -2.9509273
1.7191644 0.9102374 -2.9345024
0.7619436 -0.7274837 0.7506230
0.8133192 -0.5388848 -0.6781247
1.4330471 0.6220541 -1.0427970
1.3360746 0.1374717 1.0309124
1.0111988 0.5419497 0.4812560
1.2342724 -0.1687100 -0.9180408
0.3956232 0.1878052 0.1178085
1.1947728 0.1288468 -0.7942978
-0.1756536 -1.0737948 -2.9245439
0.6849886 -1.6939435 0.1178427
0.4562653 -0.9528000 -1.6907557
1.1619473 0.3871578 0.5751554
0.6181773 -0.4670057 -0.0653887
0.6274654 0.3315162 -0.1298567
0.4966073 0.3534003 0.5702581
0.1873549 -0.1609488 -2.0783682
1.2429316 -0.2518640 0.9623200
0.7206671 -0.5790392 -1.2817619
0.2300079 -0.8142930 -1.1858627
-0.0253822 -0.6325563 -2.7117507
0.2931830 -0.0854487 -1.0661376
1.3306986 0.2071307 -1.5935525
0.6721252 0.1904409 -0.4864495
0.4610360 -0.3518847 -0.1801871
0.6730036 -0.8289930 0.8468735
0.9713594 0.0418166 -0.1717699
0.7597435 -0.4703270 -0.5275768
0.3227783 -0.8981403 -1.2087716
0.3011885 -0.8153201 -1.5001861
0.4271699 -0.2462652 -0.7726876
0.7971975 0.6987281 -0.0725604
0.0921511 -0.1680580 -2.0575171
1.5666869 0.0550023 0.7178210
1.4655927 0.1699415 -0.9124386
0.8175488 0.7181217 -0.2374519
0.7966968 -0.4120788 -0.0699889
0.7097799 0.5056287 0.7049988
1.2934275 0.2606843 0.9140527
1.3847910 0.4551415 -1.1343062
1.6133535 0.2871826 -1.5542715
0.5525078 0.2188175 -1.0855027
1.1918240 0.3973757 -1.1310563
1.4597534 0.8775559 -2.9339035
-0.4055381 0.3549297 -1.6700746
0.4822188 -0.0220495 -0.8279606
0.7265313 1.6611933 1.9044529
1.3401403 0.2505782 -0.7628885
1.3032706 0.5825040 -2.1178045
0.4608955 -0.8831544 0.0685033
1.2522074 -0.2835322 1.5334868
0.6950901 -0.3677250 -0.1158574
0.1920000 -0.4702946 -2.0667164
0.7309126 -1.6617330 0.2957389
1.0640326 0.0393912 1.2221495
0.5248849 0.0276811 -0.7212224
1.0582862 -0.5226939 -1.1878899
1.0125022 0.5154657 0.4724297
-0.5179364 0.4825299 -2.0438445
-0.3228730 0.3435223 -2.0331235
0.5404077 -0.6418909 -1.6530786
1.3136249 0.0365542 0.9905437
1.2952516 0.2712785 1.3013605
1.4888953 -0.2233414 0.6310390
1.1590288 -0.4381514 -1.5653982
0.3388825 -0.2436540 -0.9848472
0.7528208 0.8324047 0.5403489
1.4631724 0.0500851 0.9574829
0.7717870 -0.4746493 -0.5324918
1.8287804 -0.1625876 0.5784031
0.9978217 -0.4097098 0.3803618
0.3874766 0.0653779 -0.4691948
1.3720479 0.6782598 -1.0028796
-0.6218328 0.2150822 -2.0779195
0.7409216 -1.8469622 0.1614857
1.1284676 0.2292217 1.1532811
0.8732311 -0.2255698 0.9159784
1.0476096 0.4413887 0.7163932
0.7911355 0.1886506 0.8916770
0.3235394 -0.5054570 -1.5927099
0.5667035 0.1159057 -0.4859579
0.6319453 -0.5599924 0.1305747
0.6762218 -0.9334189 0.8087094
0.7133117 -0.9049534 -1.4823548
1.2149373 -0.0223496 0.0401287
1.5300045 0.5567234 -2.2662470
0.7278368 -1.5797714 0.2821022
0.7336719 -0.8376031 0.8797903
0.2023594 -0.7116826 -1.6704842
0.5310414 0.0244237 -0.7864954
0.5558840 -0.1112598 -0.5195163
-0.0410390 -0.6497189 -2.3780539
1.0698992 0.0321769 -1.1879231
1.4750899 0.5970622 -2.6971278
0.2535453 -0.3309743 -1.1363500
0.9972198 0.4842772 -0.6607310
0.9852154 -0.6634710 0.7465002
-0.1799590 -0.7248242 -2.9698913
0.7530898 0.9144374 -0.0820805
0.0105345 -0.3544818 -1.5533657
1.3298879 -0.4212649 1.2504659
0.4274162 -1.0180196 -1.5060713
0.6642734 -0.8362458 0.8556840
0.7339501 0.0765028 1.1182606
0.5207836 -0.6536791 0.2663056
1.0684817 -0.5079331 -1.5348866
1.2908645 -0.4621619 1.2727739
0.1801378 -0.4181992 -1.9560525
0.8082600 -0.4171272 -0.4980145
0.2186253 -0.5103650 -1.7395035
0.7216172 -0.3901342 -0.1521558
0.3175514 0.2069248 -0.7167253
1.3671969 0.1388223 1.2758619
0.7692681 0.5591459 0.6357168
0.7444410 -0.7923585 -1.2662882
1.4181767 0.2155718 -1.6409097
1.0844847 0.5167681 -1.1692338
0.7147816 -0.0436116 1.1359940
0.6594739 -0.7391897 -1.4483421
0.6025484 0.6870293 0.4965963
1.3235974 -0.3133309 0.9718161
0.2493711 -0.8059452 -1.4651884
0.4395513 0.1406608 -0.3626341
0.2234943 -0.5379279 0.2130919
0.3751653 -0.4931133 -0.8076647
0.5006341 0.1717909 0.6626800
-2.0097325 0.7668536 -2.7934277
0.0191516 0.3129744 -1.0607214
1.4376034 0.2657777 -1.7615781
0.3567835 0.0527811 -1.0949619
1.3320800 0.4199673 -1.4832667
0.8580679 0.0194232 1.2096087
1.2001048 -0.3918962 -1.2098708
1.0731879 0.0244332 -1.1811956
1.6605501 0.4611027 -1.4195300
0.5414532 0.5364712 0.2717889
1.3889296 0.7945547 -2.7748117
0.5693761 0.4026509 0.4142208
1.0147861 0.4126880 0.6788979
1.1307641 0.4281355 -0.7140122
0.4104209 -0.5163209 -1.8024285
-0.0497336 -0.6488342 -2.8730183
0.3175353 -0.0763735 -1.4084507
0.6362285 -0.0701348 -0.5249581
0.9689610 -0.1947938 1.1238505
1.8956345 0.7632595 -2.9770832
0.6292459 -1.2024794 0.4333166
1.3065894 0.1364372 1.0553958
0.3582232 -0.9363851 0.0399436
0.7749791 -0.0260103 -0.5344790
0.2338228 -0.4656529 0.1437514
0.5122733 0.2256791 -0.4727362
0.2692767 -0.1273651 0.2914243
1.4022197 -0.2329195 1.0151255
-0.5643130 0.2300072 -2.1607537
1.0649886 0.4433644 -1.0134540
1.4597669 0.4974683 -1.4067805
0.6447481 0.2383821 -0.3760446
1.3960487 0.3845816 -2.0313244
0.7535201 0.4503279 0.3445750
-2.2630999 0.8924019 -2.6984210
1.4507357 0.7127835 -2.5167546
0.9124017 -0.6940451 -0.8678255
0.9578916 0.5047665 0.4638219
0.5886655 0.0596937 -0.6085666
0.6874861 0.7296466 -0.3728511
0.5031751 0.3400716 0.7904150
0.4701385 -0.4690121 -1.6631473
-0.1956244 0.3518748 -1.3582829
0.1809072 -0.2967936 0.2748335
0.0704177 -0.9886155 -2.8954511
0.6850706 0.3898163 -0.6916068
0.9071708 -0.4656451 0.1473838
0.6675059 -1.6960154 0.1486927
0.8860564 0.1897542 -0.3639083
0.6179414 -0.0287351 -0.5228260
1.1599157 -0.3953017 -1.4502767
1.3846974 0.0605554 0.9529086
0.8294940 -0.2970082 -0.2926956
0.8206167 -0.3568607 -0.9012501
0.7379531 0.3665443 -0.0428541
1.2890310 0.1313954 1.0304664
0.6985981 -1.4777169 0.3923085
1.0223917 0.6155584 -0.3011954
0.5880268 -0.5707082 -1.5950204
1.4680449 0.1497482 1.2695278
0.9338480 0.6344467 -0.1442003
1.4046942 0.2982737 0.5543380
1.0245275 0.2568852 0.6573157
0.2531909 -0.2869249 -0.9858177
1.0953410 0.5302327 0.2314907
0.1406996 -1.0952299 -1.5089629
0.8546147 0.8280723 -0.6422024
0.1851199 -0.4847505 0.5139132
1.4709387 0.5022070 -1.4063219
0.0108227 -0.5508642 -1.4799803
1.6947063 0.4195834 -1.3958126
-1.4268597 0.5093874 -2.6957972
0.4618079 0.2341004 0.4516423
1.1012700 0.5666837 0.1718116
0.6450483 -1.8244377 0.1873165
-0.2603681 0.4110820 -1.4349928
0.4141437 -0.8144832 -1.0676489
-0.5347528 0.3167077 -1.8688554
0.8863052 0.2572177 -0.3654090
0.3374669 -0.6916786 -0.0602015
0.4930467 -0.6270639 -0.8674587
1.1888721 -0.0501296 1.2819000
0.7809169 0.3890190 -0.7080699
0.5672614 -1.0989126 -1.6841089
0.0286198 -0.8458192 -1.4494638
-1.5781958 0.7589787 -2.6787534
1.0600355 -0.4756134 -1.1360859
0.6763700 -0.5522078 0.9135074
0.1912806 -0.5972900 -1.4887613
0.7640982 -0.0218031 -0.5321855
0.9359888 0.6417067 0.4050456
0.2973651 -0.2564198 0.5966946
1.5726111 -0.2151233 0.7338616
0.5822330 -0.4684854 0.6458073
1.1403053 0.1923004 0.1047455
1.3109677 0.4664750 -1.2388921
1.1305794 0.3267567 0.3512185
0.7319644 -0.5910083 0.6374035
0.8287964 0.4239313 -0.6288286
0.7891088 0.7994033 0.3554576
0.3433701 0.4739338 -1.0820987
0.1234247 -1.0908492 -1.6139255
0.7275040 1.9542321 2.1063628
1.5007317 0.0900154 0.8256361
0.8097970 0.7818460 0.3498388
1.0659297 -0.5205008 -1.1970328
0.9586138 0.7670526 -0.8932351
1.4608119 0.5265245 -0.9694412
0.1668474 -0.6451374 -1.3070416
0.4330862 -0.1782410 -0.9152194
0.7485828 -1.2570659 0.4512606
0.0737135 -0.9914708 -2.8961880
0.2691561 -0.0304952 0.3282774
1.1371841 -0.0956283 1.2911912
0.8987610 0.5227669 -0.8238642
0.7026938 -0.0625878 -0.5247630
1.2920640 0.4405418 -1.2967137
0.6826550 0.8115036 -0.2099072
0.3193275 -0.3538598 -0.8445560
-0.7267266 0.3444633 -2.0706768
-0.8243945 0.2586500 -2.2451241
0.4339193 -0.3540747 -0.1900041
0.9875794 -0.2239718 0.1644507
0.8227260 -0.5532386 -0.6176761
1.5580878 -0.0767906 0.5262166
0.9121614 -0.2332717 -0.0047462
1.1072550 -0.1090757 0.0319458
-0.1749136 -1.0827944 -2.9335053
0.8845552 0.8040846 -0.2229071
0.8993977 0.2815683 -0.3143027
0.7440071 -0.3010268 0.6390765
0.5147423 0.2992899 0.3456313
-0.2812368 0.2895291 -1.9621066
0.5839641 0.3379041 0.5296177
-0.1395659 -0.7546355 -2.7877874
0.1142212 -0.4636061 0.3251415
0.3598723 0.0808832 -0.3186147
-2.0092273 0.7739813 -2.6552942
1.5554373 0.4134033 -1.1660750
0.8327073 0.8050222 -0.2011705
0.5559059 0.4923276 0.5556457
-0.0566110 -0.4206406 -1.6222789
-0.4439366 0.4930370 -1.9313383
1.1169362 -0.1865871 -0.7355263
1.1787518 -0.0484221 -0.0212777
1.3334548 0.1802203 1.3576500
-2.0702505 1.2370598 -2.6246402
1.2689574 0.3879970 -1.7548959
0.3311301 -1.1143863 -1.4873037
0.6245715 0.2714137 0.9690073
0.1968760 -0.4662992 -2.0676212
1.5134982 0.6048903 -2.9051137
0.8958884 -0.4976797 -1.2485572
1.2501689 -0.3293132 1.0552151
0.7002198 0.8065531 0.5890476
1.1437771 0.0648669 1.1597151
0.7563478 0.6236431 0.6412702
0.8054360 0.0156437 -0.9912764
0.8451279 -0.6528036 0.3610375
0.8576906 0.1615393 0.9578913
0.0692807 -0.3994474 -2.2777612
0.7113293 2.3488729 2.2784531
1.0002431 0.8349077 -1.2575641
0.0128066 0.1561935 -1.2243229
0.5021631 -0.6653504 -1.7146610
0.5616252 -0.9779320 -1.4022498
1.7458382 0.3813197 -1.4758270
0.3932346 -0.3189184 -1.1829714
1.2924830 -0.1451097 -1.0280720
1.2211398 -0.3012967 1.5295379
-0.1226483 0.2934856 -1.7706777
1.1610277 -0.4511300 -1.3846076
1.2813536 -0.2007786 -1.1027889
0.3923997 -1.0038460 0.3213542
-0.1947474 0.5292501 -1.5133680
0.1790768 -0.1842895 -1.3033108
0.1389497 -0.4924579 -1.1932825
1.5442235 0.5492445 -1.1035851
0.9058205 -0.4336404 0.1105078
0.6822732 -0.2708540 0.8994048
0.7366886 -0.4534665 -1.1467258
0.5719895 0.2450735 -0.4292877
0.9518001 -0.4173794 0.5777218
1.2633575 0.5265810 -2.0317829
-2.0653827 1.2416936 -2.6810124
-0.7484248 0.4476648 -2.1889563
0.2042146 -0.7009026 -1.2734476
0.4457973 -0.3519064 -0.1101532
1.2845931 -0.2033193 1.0960971
0.6928617 -0.9083676 -1.6599629
0.0835374 -0.2145699 -1.5534409
0.7307470 0.1741238 1.1819082
0.7204296 0.6730802 0.3068943
1.2371262 0.0602767 0.3323835
0.8882243 -0.2749235 0.2420642
0.7346746 -0.5323012 0.8294774
-2.4066329 1.2755039 -2.6564875
0.8403322 -0.3120552 0.3178801
1.4741137 0.5073759 -2.3922529
0.6794879 2.2420850 2.2361927
0.7206511 -0.6106345 0.8991741
1.4221853 -0.2012454 1.3055619
0.7310755 -0.4191220 -1.1690061
-0.2980047 0.2634141 -1.9499941
0.9362666 0.6998336 0.1298273
0.3656480 0.0209047 -0.7178420
0.7482932 -0.8220953 0.7547672
0.3394668 -0.4938666 -1.0019021
0.6673352 1.8792799 2.0419021
0.1335018 -0.7334051 -1.6239560
1.4103334 -0.1826507 1.3871359
0.3115386 -0.9846410 -1.4101244
1.4715134 0.1016549 1.3293219
0.4272401 -0.2754781 -0.7596238
-2.3306623 0.9688712 -2.6553984
1.3420358 -0.0772878 1.1244969
0.9705732 0.3094234 0.5168909
0.0680185 -0.2660581 -1.7505186
0.5716303 -0.8010206 -1.6553371
1.0678411 -0.5213136 -1.3665477
0.6735017 0.2718294 1.2168078
0.5477265 0.2222037 -0.4094615
0.9616060 -0.4433155 0.1988952
1.3281251 0.4741036 -1.2787255
1.3469136 0.1416177 1.2828726
1.6905247 0.7734296 -2.9856138
0.9125456 0.8177038 -0.4018538
0.2218159 -0.8115646 0.1735381
0.9908741 -0.5411495 -1.3877071
0.6573465 -1.2175820 0.5272620
0.6856787 1.9521388 2.2260978
0.7236121 -0.5950609 -1.2843224
0.2914418 -0.8417677 -1.2768871
1.2809100 0.2411173 1.0586340
0.8019872 -0.4815978 0.0667148
1.1052902 -0.4323363 1.1586097
0.4487644 -0.0002961 -0.3809624
1.2805523 0.1547596 -0.6332592
0.9210770 0.7562763 -1.0847206
-1.8280205 0.8593318 -2.6465518
0.1058395 -0.9925891 -2.9688153
1.1996632 -0.2836483 0.8973839
0.7835305 0.3767063 -1.0667182
0.1294058 0.2268180 -0.9476865
1.2921913 -0.1061216 0.6077013
1.1949027 -0.3697921 -1.3494160
0.8271769 -0.6794170 -1.4240022
0.9755391 -0.0119072 -0.1299003
0.9439178 -0.3116707 -0.9828812
1.4262618 0.5485268 -1.6720564
1.3484939 0.3845914 -2.1498013
1.4518797 0.5378913 -1.3395587
0.2597565 0.0323121 0.1366567
1.4484683 -0.2048090 0.9863080
0.3677045 -0.4242730 -0.9253997
1.4891057 -0.2060610 0.9993954
0.8934661 0.2509083 -0.9731012
0.6698418 0.2701275 -0.9541233
-1.6930519 0.6987890 -2.6877944
-0.3316157 0.2175837 -1.7779175
0.7321001 -1.2974837 0.4688393
1.6144536 0.4447637 -1.6001089
0.9228243 -0.0364244 1.2037563
1.0454731 0.2392506 -0.5013124
0.8582373 -0.7554067 -1.0477568
0.7479052 0.9632802 -0.0604301
0.8532965 -0.2892873 -0.1761250
1.0923427 0.3079610 -0.6316022
-0.0362842 -0.5545296 -0.0306666
-1.9468443 1.1848224 -2.7417758
1.4931885 0.5802924 -1.0361876
1.0026839 0.1932274 -0.4876981
0.3041627 0.1175257 0.0138683
1.0481460 -0.0064839 -0.3862946
-0.6680865 0.2342584 -2.2784138
-1.2451369 0.5322405 -2.5072780
0.2796136 -0.5998299 -1.5517861
-1.7938828 0.8981823 -2.8080955
0.9886864 -0.3132482 2.0706468
0.0995646 -0.4247901 -1.2183938
0.3536600 -0.3921743 -1.0513954
0.3520904 -1.0388185 0.2616799
-0.2010756 -0.5732734 -2.6258965
0.0009223 -0.6800591 -1.4424671
0.4631115 -0.2759566 -0.6200795
0.6967698 0.6411214 0.1566733
0.2162209 -0.3133925 -1.0620645
0.6234913 0.5831031 0.2905496
1.8812048 0.5839818 -2.9185607
0.5023478 -1.1721205 0.3669062
0.5285195 0.5211897 0.6085187
1.6560637 -0.1704302 0.5758500
0.7240619 2.0676005 2.1632907
0.3346713 -0.2772095 -0.1596124
0.9375249 -0.2299110 -0.1467847
-0.1520511 -0.6278250 -2.5642498
0.8705357 -0.0613158 1.2577032
1.3077815 -0.0671430 1.1402415
1.1842172 -0.0540993 0.4456179
0.3421902 -0.4356113 -1.2365909
1.0385474 0.3722797 0.4702367
-0.0439206 -0.4633958 -2.2854083
1.2228682 0.1243250 0.9159768
1.0747036 -0.5613153 0.1661880
0.1451830 -0.5571851 -0.1115572
0.2323115 0.3289900 -0.6692312
-0.6851420 0.4534731 -2.1218655
0.4093298 -0.3980559 -0.2433323
0.6704264 1.6209763 1.8873179
1.0754011 0.6208510 0.2030293
0.8809780 0.2930429 0.6481684
0.3685897 -0.1004508 -0.6345705
-0.0588240 -0.6181164 -2.9467309
1.0933526 -0.4863881 -1.2418468
-0.0974230 0.3152907 -1.7547536
0.7146295 -1.1329980 0.5011091
1.4617246 0.8028651 -2.6892192
0.9879910 0.7202439 -0.2735529
0.3676414 0.0398354 -0.6131787
-1.5882918 0.7230957 -2.6395981
0.0155965 -1.0208840 -2.8963974
0.2521513 -0.3614146 0.5542240
-0.0939177 -0.5387195 -2.4274380
0.9370551 0.1255194 -0.3484377
0.7415697 -1.7255222 0.2652831
0.4982238 0.9035274 -0.0808587
1.1170276 -0.2330792 1.6653293
1.4914175 0.1081128 0.9936561
0.9182927 0.2392991 -0.1059645
0.8508297 0.7396048 -0.7227802
1.4019914 0.1217105 0.4188375
0.2667361 -0.2533084 0.5359365
0.9081945 0.3651825 0.6122183
0.5187166 -1.0519202 -1.6912048
0.1074916 -0.5281636 -1.3521398
0.1111331 -1.0004869 -1.5645330
1.2671775 0.1028909 0.7301108
1.2382044 -0.1875404 1.1143792
0.6218454 0.4225608 0.5816923
1.0831192 -0.5479168 -1.4716979
1.3715228 -0.0366115 0.5777645
1.5039817 0.3125507 0.7782571
0.3416366 -0.4752059 -1.7637941
1.4769324 0.5342664 -1.7476703
1.2063894 0.4250450 -0.9700128
1.5962168 0.1551879 1.1227772
0.7154709 0.6513532 0.0206624
0.8101500 -0.6059486 -0.8017085
0.7580577 0.7071834 0.1271461
1.5243593 -0.2013064 0.9574298
1.8317822 0.8232259 -2.9069417
1.0198017 -0.1839978 0.2159680
0.7240419 1.2052298 1.7305816
1.4757801 0.0905180 0.7594024
0.6232998 0.8845066 -0.2636240
0.7116042 -1.6937956 0.1223175
0.3019290 -0.0858890 0.5966374
1.3711656 0.6795951 -2.8375225
0.3432018 -0.2299204 -0.2912960
0.2673325 -0.7384109 -0.0931444
1.2333683 -0.2940212 -1.1149589
1.2178539 0.5907419 -0.8204402
0.5200394 0.0713870 -0.5860251
0.5622838 0.3533194 0.5751839
1.6847413 -0.0201392 0.7878294
1.1919626 -0.0701784 1.2481868
-2.0873644 0.9576758 -2.5352118
0.8503065 -0.6613404 -1.4280269
0.9829757 0.6807456 0.0054599
0.0358278 0.1461161 -1.3438824
0.6651997 -0.0469607 -0.5248904
-1.9835935 1.0956619 -2.8665597
1.2172486 -0.2805303 0.9563490
1.3295913 0.1483133 -0.7881311
0.6631528 0.2350769 -0.3865309
0.6872858 0.6978018 0.6190031
0.3353896 0.0803355 -0.1154940
1.5067612 0.1568485 -1.0524168
-0.4430859 0.4681363 -1.6431340
-0.1137776 -0.5755898 -2.4650853
0.6930416 0.8122132 -0.3447157
0.7379826 0.3125244 -0.5001409
1.2377396 0.0122637 -0.6357794
0.8167676 -0.6911277 0.3288416
0.4394580 -0.0452120 -0.4277579
1.2226907 -0.2034731 1.1096236
0.9278563 -0.0656102 -1.0148404
1.1103277 0.0042885 1.2008115
0.4832831 -0.4356485 -0.1420151
1.2308705 0.2670399 -1.5989207
0.6679941 -0.1585252 -0.4657522
0.3811624 0.0336639 -0.4330032
1.0206490 -0.3156603 1.9842917
0.3799745 -0.4284097 -0.9001451
0.6246874 0.6608155 0.1107607
-0.7806024 0.4327451 -2.1796994
0.3566749 -0.1889969 -0.5801697
0.2249304 0.1844951 -0.8428360
0.7174578 0.7141955 0.3808780
0.5212358 0.0841013 -1.0562127
1.2548845 0.1203317 0.5220456
1.0699583 -0.2934324 0.9148943
0.9667678 0.3979150 -0.5839198
0.2770471 -0.5458980 -1.0014216
0.9178784 0.5038704 -0.1767616
0.0001263 -0.6516650 -2.2014985
0.1667130 -0.6829032 0.1298808
0.8406766 0.5104212 -1.0611883
1.5382344 -0.1570430 0.9769413
0.2868771 -0.2107804 -0.1262059
1.5066575 0.4948709 -1.3348078
-0.7297310 0.2652561 -2.1215978
0.8499088 0.4081497 -0.6703891
0.0558927 -0.7970529 -1.4052095
0.3582509 -0.6476666 -1.0270764
-2.1816325 1.2378060 -2.5967362
0.6777981 0.4423570 0.7405022
0.4373596 -0.8353388 0.2060418
0.4070908 -0.8124835 0.2210797
0.6978771 -0.6254550 -1.5516070
1.2116990 0.1685421 1.5944830
-0.1763974 0.5365635 -1.5762788
0.3542404 -0.0940915 -0.5807585
1.0217571 0.2462638 0.1313682
1.2082258 0.1040360 0.7811733
0.2490522 -0.0108147 0.1320007
1.4151380 0.4024042 -2.1280186
0.9171489 0.1082083 -1.0969431
1.2831022 -0.3145515 0.8886597
1.6533219 0.8636287 -2.9946396
0.3042908 -0.0333830 -0.2037498
0.3150046 -0.0743105 -1.2725594
-2.5000658 1.2606225 -2.6893380
0.9470652 0.5721617 0.3973858
0.7112856 -0.3215652 0.6993972
1.2446176 0.4906847 -1.9884330
1.1275395 -0.4330295 -1.2604216
-0.6968386 0.4236946 -2.0720282
0.5401574 -1.0797727 -1.6239330
1.1321489 0.4909485 0.2711702
0.9796049 0.1195167 -0.1032067
0.5866666 -0.4865169 -0.5317891
0.2859544 -0.2207907 0.6413464
1.3991317 0.0530733 -1.1186737
0.2066567 -0.2649204 -1.1782562
1.3194938 0.7416391 -2.7540119
0.3439538 -0.2891579 -0.9359251
0.0802472 0.1551532 -1.0573313
0.1101659 -0.2514207 -1.4242496
1.3975619 0.5433511 -1.7656661
0.1633077 -0.7799336 0.0842305
1.3343459 0.4394464 -2.3280709
0.7223001 -1.1880647 0.5303327
0.7492470 -0.8268005 -1.3997589
1.6255291 -0.0099249 0.5946775
1.0649111 -0.4875321 -1.4804219
0.2824284 -0.7042305 -1.3583041
0.5725940 -0.0621217 -0.5184427
1.1831554 0.2383852 -0.6579030
1.2337189 0.2292890 1.0041903
-1.0236871 0.4310054 -2.3678958
0.6719505 0.3457154 1.2535676
0.6691837 -0.2978203 1.0102681
1.3194665 -0.2452653 -1.3108128
0.5608672 -0.9005747 -1.6566380
1.3018516 0.4754911 -0.9949890
0.9161695 -0.5188369 0.0833784
0.7401538 -0.9534031 0.5789289
0.7563333 -0.7998160 -1.4922841
0.3468581 -0.2552530 0.0530964
0.1753857 0.2505724 -1.4444479
-0.8659729 0.4365965 -2.2627501
1.2534647 -0.3206437 1.3973649
0.4959007 -0.9810728 -1.3244441
0.2601360 -0.7114956 -1.9078722
0.5748145 0.5274709 0.6139097
0.4444792 0.1561990 -0.5097512
0.7187580 0.0754690 1.0557281
1.4049896 -0.0991080 0.5713983
0.9042409 -0.5923789 -0.7418532
1.3313332 0.4045242 -1.9946753
-0.1498085 0.4991114 -1.3371658
-0.0845163 0.2169295 -1.2958848
0.0705572 0.1221976 -1.1887017
0.0831206 -0.4786914 -1.2626876
0.7074217 0.9597446 1.5445273
0.0155710 0.4999392 -1.2593925
0.9157159 -0.1579551 0.6334873
0.5792614 0.1891061 -0.5663791
0.5504650 -0.9450011 -1.5912760
0.1494154 -0.6582083 0.1164689
0.7568929 0.4626740 0.9776495
1.1101463 0.1538645 0.0137160
0.8879232 0.5428409 -1.0174356
0.2631901 -0.5163649 0.5790012
0.7576666 -0.8076788 0.6830016
0.7712092 -1.2479939 0.4131885
0.2965572 -0.7380661 -1.3389277
0.1896546 -0.7136358 -0.0885742
0.9486596 -0.6771802 -0.9056008
1.0875418 -0.4480577 1.1426266
1.0280660 -0.1836470 0.0222385
-0.0856607 -0.3920137 -1.9224163
0.9028881 0.7555852 0.2309301
0.6014510 0.6831906 0.4659746
-0.1876863 -1.0021088 -2.8782530
0.5001761 -0.6187811 -1.7175367
0.2754225 -0.1312111 -1.0305003
1.4234216 0.1815051 -1.6079021
1.5810366 0.2309369 -1.1069233
1.5599006 -0.3533143 1.1668468
0.7182125 -0.3581085 0.8536603
0.0910555 -0.6853605 -0.1800168
0.8439896 -0.6713147 -0.9189439
1.3816500 -0.0759034 0.5790089
0.4508328 0.5009738 0.4331560
1.1186687 0.4815970 -0.7161906
0.7064734 -0.4748887 -0.4883905
0.5383832 -1.0520660 -1.5616891
1.0783204 -0.0676233 -1.0003231
0.7414299 -0.7905963 -1.4495878
0.6724992 -1.3487718 0.4487223
1.0862107 -0.4030751 1.1549790
0.4505152 0.0595077 -0.5409698
1.6522430 0.6121664 -2.9663541
1.4335914 0.6119456 -2.8100188
0.6710297 1.5049329 1.8651381
0.3848540 -0.0915122 -1.5495875
0.2771089 -0.1776013 0.4578588
1.0261185 -0.1984889 0.0376587
0.9215584 -0.7014961 -0.9918503
1.0038810 0.5313017 -0.0250033
1.3860826 0.1915415 -1.6981770
1.6054041 -0.0268299 0.8791063
1.0396879 0.0237518 -0.3696538
0.7365767 0.7379451 -0.5062018
1.2806954 -0.2235674 -1.1214111
-0.1891173 -0.7431016 -1.7169052
0.4855664 -0.5818004 -1.7759409
0.9660863 -0.6557192 0.5125961
0.3867821 0.1265119 -0.6230603
0.2502945 0.1408406 -1.2746534
0.7072814 -0.8674197 -1.5821341
0.3012516 -0.7887747 -1.3953617
1.3270299 -0.2332945 -1.4156524
1.0580931 0.0753786 0.3767305
0.3575653 -0.6584645 0.4580177
0.6857067 0.0914191 -0.8551335
0.4564767 0.4176860 -1.0623471
0.6899936 2.1022422 2.2894635
1.0058656 -0.4765519 0.0568787
0.6456465 0.5587677 0.8449976
-0.9296337 0.3442835 -2.5399661
0.5342589 0.5431441 0.1080422
-0.4481458 0.4222328 -1.7305771
-0.0754396 0.4801181 -1.2198784
0.5276837 0.0415285 -0.6254169
0.8523524 0.4411092 -1.0077008
-0.0310024 -0.4422779 -1.5149171
0.7538480 -0.7812477 -1.2887800
0.4486239 -0.3639517 -1.2973756
-0.6176073 0.4096444 -1.9486325
0.9856825 0.2462571 0.1146184
-0.4901767 0.4730073 -1.7839636
1.0117874 0.0232322 0.6572324
1.3073076 -0.1471297 0.1259080
1.4580526 0.1067163 0.7556981
0.9284737 -0.0978643 0.6951140
0.3342125 -0.1313663 -1.2598525
0.0541559 0.5238851 -1.3237606
1.2221806 -0.2529797 1.4851272
1.0376230 0.6142497 -1.1151137
0.8442190 0.5828676 0.4109988
0.5392714 0.0178906 -0.6099725
1.9768927 0.6105348 -2.9539480
0.2808607 -0.8208329 -1.4396415
0.5370221 0.0705413 0.7252252
0.9594367 0.6816894 -0.5178751
0.6166680 0.6490477 0.4059581
0.6759911 -1.5304202 0.3586405
0.2486487 -0.5918842 -1.0611044
0.9686587 0.1070012 -0.2715189
1.4889030 -0.3173670 1.1407776
0.5854876 0.2623929 0.7685329
1.2707630 0.3429407 -0.7182640
0.6738747 1.2713832 1.7672290
0.4856610 -0.7049714 0.1716157
1.3698686 0.0704155 0.2561110
1.7388009 0.3989387 -1.4477059
0.7945384 0.4356457 -0.0591277
0.1812881 -0.2946674 0.2762716
1.5730058 0.3018933 -1.0887543
-0.1778601 -0.5057743 -1.8805246
1.3630813 0.1419110 -1.6436595
0.2912333 -0.2958858 -0.9061434
1.0829926 0.6418934 -1.1039250
0.5003480 -0.2810592 -0.6238360
-0.1025368 -0.7141351 -2.7879610
0.7043529 -0.4998440 -0.5034793
1.0479412 -0.3589054 0.2550175
0.5381202 -0.5004122 -0.0719242
0.3247651 0.4719405 -1.0455160
0.8478481 0.2832550 -0.4938769
0.6925830 0.4373218 0.7269579
0.4630034 0.1126155 -0.3943997
0.3920097 0.0053616 -0.8046603
0.7623934 -1.3927896 0.4619568
1.4520776 0.0244451 0.9988474
0.7034451 -0.3466059 1.0379757
0.6611396 -1.3088255 0.4033666
0.7182222 1.7572502 2.0974734
0.5047032 -0.8323040 -1.1961352
1.0378636 -0.1824585 -0.9154938
0.6837539 1.3762336 1.8755875
0.3590896 0.3376395 -1.2777385
1.3488665 0.0201971 0.1767085
0.3754130 0.1076640 -1.1718680
-0.0531465 -0.6992897 -2.6752691
1.0724210 0.2290802 -1.2191367
1.1295791 0.2817752 1.1350046
0.3603574 -1.1566104 -1.5677319
0.9020916 -0.3146763 -0.5618640
0.7537436 0.4571981 0.3470208
0.2385139 -0.1167523 -1.3759794
1.7498746 0.3669110 -1.4113559
1.0151577 0.1444554 0.7885361
-0.6404366 0.2957274 -1.9969931
0.6912742 0.5207161 -0.0055706
0.8922947 0.7676875 -0.8429569
1.0835911 -0.1909410 0.1132178
0.7014388 0.0849295 1.0908699
1.1389933 0.0206765 1.3046077
0.5731559 -1.2612889 0.4795403
1.0975986 -0.1627315 -0.5836357
0.4777977 -1.0696079 -1.5242233
0.5167391 -0.5110028 -0.8621055
1.0461943 -0.2888129 -0.7205084
0.9414988 -0.5581658 -1.4005920
0.7835377 -0.3910168 -0.4386808
1.1730601 -0.4936559 -1.5008069
1.3433244 0.4855849 -2.3970425
0.9730512 -0.2423835 -0.5686961
0.4670366 -0.4713570 -0.8208935
0.8070942 -0.4498810 -1.0336503
1.2880392 0.4383844 -1.7041008
0.9602412 0.6853486 -1.1284978
0.0633891 0.1302130 -1.2500479
1.4103867 0.2688669 -0.8994923
0.4254148 0.4673883 0.5168606
0.6469119 0.8834339 -0.2791448
0.8645424 -0.0718014 1.2595958
1.0183461 0.5624267 -1.2440253
0.9896286 0.4465335 0.0476664
0.3170841 -0.0382172 -0.8994138
1.2070121 -0.0217793 -0.9438298
0.8842222 -0.5763099 -1.3288159
0.6670960 0.3094370 -0.7453243
1.4064642 -0.2079060 1.2604859
1.1327388 -0.4552342 -1.5521472
1.3409841 -0.0793459 0.1607734
0.3064057 -0.0739636 0.4215974
1.2042085 -0.3069470 0.9214547
0.5075433 -0.4651316 -1.5278915
0.3385361 -0.5933545 -1.9376696
1.2844236 0.1511541 -1.5431178
1.1786366 -0.1685013 -0.8223340
0.7082761 1.8074113 1.9709723
-2.2424564 1.2499018 -2.6795430
1.2957078 -0.1354221 -1.0613091
0.4711770 -0.1958637 -1.0884647
-0.3079315 0.4275126 -1.9952266
0.5315727 0.5049644 0.2664121
-0.1524570 0.2301288 -1.4107965
-2.1553516 1.1309264 -2.9007378
0.7379044 0.4598509 0.9657305
0.9502227 -0.5354355 0.4184765
-0.1933115 -0.7673447 -2.8108842
1.0873003 0.3082200 -0.8740230
-0.0750737 -0.3482537 -1.9869132
0.2458269 -0.7263150 0.2196097
0.2115107 -0.7674198 -1.6283500
0.0882788 -0.6011552 -2.1028488
0.2206997 -0.7299936 0.1923848
1.0097021 0.2656344 -0.8085510
0.4959841 0.4959744 0.3972346
-0.8324817 0.2391066 -2.2941561
1.3470412 0.5104405 -1.6445791
0.6958128 -0.1124290 -0.5261198
0.4933949 0.2064848 -0.0617292
1.0047681 0.6908084 -0.2731019
0.9911408 -0.4586307 -0.9130101
1.0800502 0.0987590 0.3248387
1.3709162 0.2098819 0.5278277
-0.2521715 -0.5995986 -2.8613563
-1.0498184 0.3553063 -2.5875752
-0.0621329 -0.3586238 -1.7049961
1.5358758 -0.2295894 0.9519533
0.4650487 -0.0017999 -0.7113957
-0.1819962 0.5377516 -1.5993103
1.3875729 0.1488884 0.4034817
0.6964843 -0.4418970 -0.1340563
1.3480000 0.1985831 -0.7564394
-1.7971433 1.0217143 -2.8029463
0.0459490 -0.6539708 -2.1604836
0.3619040 -0.7675976 -1.1444541
0.3435363 -0.1665739 -0.4857185
0.5736926 -0.7630892 -1.0229250
0.1964652 -0.2831165 -1.3442513
0.7206563 0.4984432 -0.0623284
1.2864704 0.5470840 -1.6163993
0.4680751 -0.1360748 0.7342125
0.9960278 0.0932092 -0.0609232
0.7240617 0.4453019 0.3413191
0.6545988 0.5662287 0.1188931
1.0521407 0.0152877 -0.3889666
1.1436808 -0.3683278 -1.3443737
0.7172135 -0.4066607 -0.3464642
0.4287943 -0.4479112 -0.1287408
0.5270401 0.4499318 0.6776332
0.7755215 -0.8969610 0.6099837
0.6496996 -0.5832143 -1.4957160
-0.3657357 0.4716268 -1.5720030
-2.5440969 1.1563616 -2.6361494
-0.6626588 0.3169758 -2.0120037
1.2996866 -0.0534275 0.1437463
0.6146926 0.4773020 0.2867166
1.0844667 -0.0575907 1.2412055
0.6958926 0.1832138 -0.9072870
0.2555703 -0.1265436 -1.1269654
0.6824014 0.7209021 0.5027767
0.8416959 0.0207367 1.1772748
-2.3115840 1.0661381 -2.5246620
1.4105122 0.1370309 -1.6007591
0.7973703 -0.5524172 -1.1182752
-0.5810683 0.3519971 -2.2846415
0.8279118 -0.5645745 -0.9686827
-1.0325803 0.3230600 -2.4208410
0.7177215 -0.4247750 0.1374773
-0.2308754 -0.6552453 -1.8045902
-0.1017952 -0.5795499 -2.4214597
1.2514701 0.0958529 0.7832447
0.2876819 -0.4241444 0.0507573
0.3678583 0.0257053 -0.7826625
1.1891651 0.4061360 -0.9011552
0.3231052 -0.6282380 -1.0618895
0.3421395 0.0909485 -0.1296214
0.3776236 -1.1484206 -1.5667735
1.0694109 0.0538371 -0.4379683
0.3199201 -0.9571294 0.1789366
0.9317279 -0.4134312 0.5200862
0.4704372 -1.0129786 -1.5631943
1.0554639 0.0696401 0.3853590
1.0865128 0.4681153 0.1938033
0.3263781 -0.7641542 -1.8394319
1.0228767 -0.2053749 -0.9276311
0.4247324 0.1833427 0.3811745
1.4388634 0.1000217 -1.3704556
1.1294149 0.1377129 0.8308111
1.4910622 -0.2457957 0.6832082
1.0518435 -0.3467153 -0.8016997
1.3627504 0.0688882 0.6956775
0.8563074 0.2687874 -0.5147824
1.3065360 -0.0287151 1.1266321
-0.5627767 0.4865583 -1.7915899
0.3517385 -0.8733600 -1.4881471
1.1321784 -0.2716676 0.8042321
0.6785607 -0.4876175 0.9300409
0.6570342 0.6591780 0.4282710
0.5997761 -0.0367127 -0.5280121
0.4176187 0.1720650 0.4411206
0.3003101 -0.7002608 -1.4818769
0.7318887 -0.6678228 0.6357617
0.3131821 -0.5334702 -1.2582572
0.6215140 -0.8179738 -1.2814363
1.4007533 0.2342316 -1.6882255
0.5829633 -1.2532318 0.3104095
0.6735042 -0.4605177 0.7406768
1.2934337 -0.3626005 0.9177780
1.2464157 0.1580517 0.9344781
0.8764141 -0.3696824 -0.4805689
1.0182674 0.5685931 0.3770774
1.0088798 -0.2366424 1.2215537
-0.0845681 -0.4058630 -1.7094003
0.7032667 -0.7171240 -1.3132472
0.3005480 -0.1507658 -1.5154451
0.4045338 -0.3998141 -0.0331955
1.4835749 -0.1791239 1.0879800
1.1457422 0.0973504 0.5447430
0.2329365 -0.8017428 -0.0521668
0.7766489 -0.4216563 -0.3535922
0.3068636 -0.2088120 0.0533343
0.6936355 -0.4397901 0.8202214
1.5050613 0.5276363 -1.2617735
1.0729747 0.5122856 -1.3559363
0.8183368 0.4978878 -0.1425812
0.6989928 0.0231130 -0.7111955
1.0270367 0.3042857 -1.1149848
-2.0429223 1.2322782 -2.6279988
0.7633967 0.7333925 -0.5553942
1.2225918 -0.3614931 -1.2895415
0.1649026 -1.0543102 -2.9562573
1.0415066 0.1279512 -0.4329552
1.2650526 0.1128023 1.1644129
0.5682489 -0.6777311 0.1878935
0.4701017 -0.4099107 -0.0895039
0.0995404 -0.6683300 -2.1816185
0.8357291 0.9553082 0.7515748
0.6088400 -0.0087270 -0.7347291
-0.0506180 -0.9653760 -1.6418650
1.3488320 0.2684082 -1.7842342
0.8855903 -0.3631447 -0.4799931
1.3051608 0.4569551 -2.3275974
-0.0783248 0.5282586 -1.3624398
0.8117477 -0.2081019 0.5018224
0.7030889 -0.5416306 -1.2646580
1.2807735 0.3304509 -1.4277252
0.8390489 -0.1113644 -0.4483331
0.8867083 0.3642097 0.0717846
0.5564917 0.2568118 0.7583382
0.0232507 -0.9940295 -1.5998269
0.6484281 0.6419175 0.0751879
0.9076762 -0.5392396 -1.0417489
1.2138698 0.4456233 -1.9377141
1.3168061 0.2872736 -1.7502503
1.0906621 0.6599891 0.5338386
-0.1998455 -0.6984265 -1.7049452
0.4313432 -0.8805428 -1.2540914
0.6724917 -1.5383687 0.3010285
0.2445618 -0.4758304 -1.7895162
0.8819386 0.6899897 -0.0463892
0.7106821 0.1200734 -0.8857607
0.6971562 -0.4646221 0.2536019
0.9297225 0.0847671 -0.3754143
-0.1377224 -0.4949682 -0.1701629
1.6431050 0.8064886 -2.8578191
0.2388295 -0.6816919 -0.0609042
0.6577744 -0.8868174 -1.5219517
1.1218690 0.6257109 -1.3393273
1.4848411 0.7638232 -2.9704328
-2.3425426 1.0919172 -2.5299163
0.6868794 0.5970829 -0.0840579
0.0746972 0.3438134 -0.9778697
1.2414321 0.1286024 0.8651482
-0.1619870 0.5293310 -1.7428941
0.1201254 -0.6688792 -2.2718856
1.2950253 0.4185879 -0.9535410
0.4576985 0.3374327 0.4798675
0.2097818 -0.5538691 -1.6893214
1.0398862 0.0273516 -0.3707307
0.0049563 -0.6047232 -1.5128193
0.3703537 -0.8679774 -1.4097673
0.3132091 -0.1124367 0.6210274
0.6878352 0.6867799 0.5012733
1.0704280 -0.0681679 -0.0427848
0.7222402 -0.5852590 0.2964013
0.6341197 0.6842753 0.4259626
0.4598603 -0.4748205 -0.0692065
0.5864305 0.5467142 0.1953088
0.8585705 0.2877578 -0.9250876
1.0544323 0.0263832 0.7235345
0.7247680 -0.3744226 0.7472196
0.7456392 -1.2646265 0.4301046
1.6429259 0.2224395 -1.3596520
0.6966143 0.5873935 1.4996406
-0.1153603 -0.6287084 -2.4827795
0.2638816 -0.4941307 -1.0117339
-2.3697066 1.0036508 -2.6933370
-0.7194991 0.4561159 -2.2864630
0.9177161 -0.6330851 0.5225485
0.8763449 -0.5965980 -0.8052868
0.4239927 -1.1055547 -1.6978288
-1.8681813 0.7711890 -2.7301781
0.8329890 0.7848941 -0.7455092
0.7122452 0.8397669 1.5917953
-0.1062714 -0.5829224 -2.4358182
0.5879923 -1.0733234 -1.6487749
0.5559097 0.0568453 -0.5328545
1.1980734 0.5212649 -1.0493650
-2.2271008 1.0630285 -2.5080187
0.6659561 -0.6968779 -1.4387063
0.4310675 0.1190064 -1.1564173
-1.8844894 0.8474852 -2.8338203
0.8263727 0.3698807 -0.5915734
0.0481186 -0.2641954 -1.8665448
0.2092238 -1.0256057 -1.4895720
1.0879732 -0.4904831 -1.1551282
0.2159539 -1.1592654 -1.5592947
1.0669568 0.1499399 1.0469153
0.4266492 -1.2193069 0.2449437
0.4170271 -0.8915474 -1.4264619
1.4956143 0.1635797 -0.9012394
0.6377313 0.9090967 -0.2538882
-1.8057325 0.9277470 -2.6515479
0.6012101 -0.6777173 -1.6221302
0.4095296 -0.4945093 -0.7763897
0.5753255 -0.4144580 0.6989702
0.8767469 -0.3189721 -0.9147200
0.8869264 0.7312838 -0.7439243
0.0135988 0.2532310 -1.1123123
0.8802507 -0.6820349 -1.5627612
1.1159588 -0.3226075 1.6785060
0.6825122 0.7470156 1.5335324
1.1761115 0.1315610 -0.7819897
1.5043521 0.0285309 0.9842029
1.3400997 0.0328960 0.9923404
0.9099696 0.7556020 0.4671369
1.4898094 -0.2743428 0.8388332
0.8631970 -0.3792814 -0.4681194
0.7463472 -0.1462012 -0.4574265
0.2268587 0.1717445 -0.8529211
0.6620476 -0.2371618 0.9648178
0.1948905 -0.7263889 -1.7492279
0.7039586 -1.0106258 0.6804858
0.8690585 -0.1692452 0.6685879
0.7861168 -0.5709875 0.1815423
0.9103020 0.7727347 -1.0799354
0.6745043 1.1782665 1.7221386
1.9178311 0.7444161 -2.8875272
-0.0458134 0.2094038 -1.5143895
0.3026944 -0.0494212 -0.3111152
1.1732224 -0.3173119 1.0089183
-1.8801039 1.0931238 -2.5712285
1.2040012 0.1200171 0.0517588
0.8126785 0.0874969 -0.9948027
0.0379328 0.3771054 -0.9895356
0.9076085 0.8684946 -0.8735994
1.0231513 -0.1543293 0.7364990
1.1456393 -0.5215293 -1.6088305
0.3105654 0.0277944 -0.9913676
0.6947857 0.6841429 -0.2643422
0.8740063 -0.1200033 -0.5772114
1.0683626 0.1369735 0.6495673
0.1848247 -0.5869458 -2.1795709
-0.5447014 0.4690251 -1.9753278
-0.6910831 0.2734599 -2.0691671
0.6945267 0.3106900 -0.2299682
0.2002811 -0.3358184 -1.0852244
0.4181134 0.0052855 -0.9972021
1.1886874 0.0250402 0.2122842
0.8153169 -0.5259579 0.1222133
0.7790915 -0.7697692 -1.3366975
0.4483465 -0.1352832 -0.6158383
0.5613514 0.4473953 0.8031595
1.2803024 0.1989745 0.8488340
1.2796015 0.1066378 0.7234819
0.2893116 -0.1593854 -1.2888520
1.1301173 -0.2157822 -1.0749576
0.9529153 0.6706904 -0.4981014
0.0232345 -0.6708114 -1.5138122
0.3119741 0.2583939 -0.6520247
0.9177972 -0.3142926 0.3433759
1.4332703 0.3681762 -0.8586959
0.2941447 -0.0847163 -1.5707737
0.5674337 0.2701505 0.7072631
0.0486263 0.2952537 -1.5536983
1.4733479 0.3062110 0.6189417
0.6063728 0.2675591 -0.0740370
0.9141159 0.7286810 -0.7666803
0.8468984 -0.6742251 -1.4518970
-0.0902493 -0.8923436 -1.6778034
-1.2107483 0.3864745 -2.6058803
1.0280455 -0.1465627 0.4730500
0.8331490 0.8256422 -0.7333167
0.1317600 -0.5146092 -1.3188941
0.4263663 0.1241522 -0.3018876
1.1719843 -0.0343858 -0.6837508
1.3873482 0.1880828 -1.6864783
-1.3836532 0.6051956 -2.5795276
0.6003810 -0.4344267 -0.0672098
0.3952711 0.0666022 -0.6912084
0.0387743 -0.1968547 -1.9178922
0.9717415 -0.7099599 0.7880768
0.1675983 -1.0708985 -2.9895177
1.0335749 -0.2674929 0.1463194
0.8178312 0.6648206 0.1449198
1.0080519 -0.3851506 -0.7768877
1.5069247 0.4186057 -1.0550992
1.5038990 0.6280517 -2.7799866
0.8728842 0.6031893 0.3862551
0.6619443 -1.0381793 0.5543146
1.4699275 0.4950899 -0.9647413
1.2697636 -0.3167693 0.8200605
0.7023776 -0.9741917 -1.6422726
1.3015039 0.4925743 -1.8296940
-0.0242329 0.4910372 -1.2293460
1.0076089 -0.2761858 2.0199735
-0.0068859 -0.2956480 -1.6565070
0.2392375 -0.5034614 -2.0581405
0.6748341 2.1567931 2.1738489
1.0024459 0.8451030 -0.9206967
1.5013524 0.2941560 0.7716969
0.5557072 0.2499502 0.7796491
0.4872798 -1.1630669 -1.7377095
0.1542294 -0.3980839 -1.1353388
-0.2687132 -0.6132217 -2.9101179
1.4286181 0.8319959 -2.8040266
1.0756731 0.3563648 -0.9129497
1.0210849 -0.0250364 -0.3107922
0.2774653 -0.7887276 -1.6386198
1.2831421 -0.3650146 1.1119196
-1.6097176 0.6801599 -2.6447055
0.5867648 0.3077355 -0.5927760
0.6916406 0.4338166 0.7054585
0.7262450 0.9525517 0.5860083
0.8648400 0.7913226 -0.1039653
0.4348391 -0.0555757 -0.6080590
-0.3035946 0.2827040 -1.9810280
-0.7416050 0.3714840 -2.4205585
1.3844134 0.1014763 0.8781464
0.2813098 -0.5222622 -0.9874641
1.5242491 0.3180724 -1.7013913
-0.8767151 0.2995527 -2.2739620
0.6632098 -0.5657812 0.3506641
1.1812028 0.2299445 0.1837939
0.8317105 -0.3993503 -0.3230801
0.8417091 0.4110891 -0.6180509
0.1921339 -0.5331156 -2.2164702
0.9362346 -0.3367409 0.3855517
1.2885944 0.3208545 -0.6771625
-0.2538804 -0.5880790 -2.7966101
1.2619344 0.2024251 0.9367465
0.4027112 -0.4213434 -1.7351036
0.2178911 -1.0115373 -1.3780599
0.6610687 0.8082435 -0.1768192
0.6880332 1.5888333 2.0077477
0.4390947 -0.2873158 0.7842969
0.7333920 0.0003839 1.0890273
0.7338226 -0.4244832 -0.5748343
0.5858268 -0.9793255 -1.4306655
0.8973764 0.2394656 0.7346854
-0.7650914 0.4366313 -2.1435883
-0.1417418 -0.8091214 -2.9762824
1.3843203 -0.3305852 0.7450203
0.5661796 0.5788909 0.2419884
0.0697692 -0.2557893 -1.8284180
0.9217948 -0.4600104 0.1503800
-0.0739397 -0.4978484 -2.7198343
0.4224907 -0.8111104 -1.1670263
0.9104947 -0.2206434 0.0136822
1.2579844 -0.2729607 -1.3519710
0.3437598 -0.6726930 0.1798221
0.3143460 -1.1366258 -1.6319044
0.7489196 -0.5779815 0.6699489
0.9643781 0.7393737 -0.7879736
1.1619350 -0.3694684 -1.1263177
1.0181488 -0.1372462 0.3078483
0.6868253 -0.3700039 0.7938939
0.2379280 -0.6624759 -1.5878075
0.2657002 -0.0958939 -1.6856579
0.6726009 0.0686905 -0.6635395
1.4549614 0.3013770 1.2594512
0.5987421 0.3010208 -0.2104912
0.0593101 -0.2148221 -1.6266438
1.5465794 0.3059608 -1.0475831
-2.1150446 0.7865134 -2.6762908
0.9493266 -0.3359727 -0.4858971
1.3719059 0.7540750 -2.8493450
-0.2238904 0.4886332 -1.3694745
-0.1952524 -0.9450461 -2.8683994
-0.0360649 -0.4526311 -2.2777240
0.9620345 0.2384274 0.5797169
0.5273857 -0.5835881 0.0717168
1.0712193 -0.4387054 -1.3731892
0.6608372 -1.0690227 0.5620258
0.3309475 -0.6219500 -1.0451016
-0.2518939 -0.6703140 -2.9770229
1.1664884 0.3843510 -1.1437141
1.2324600 0.6959588 -0.9679425
0.6774031 0.5434728 0.8202918
0.6890354 -0.4401602 0.6884273
1.6726612 -0.0885449 0.5750375
-1.5135045 0.5485448 -2.6728785
1.2280606 -0.2612514 1.5557104
0.4733817 0.1924380 0.1032467
0.2186689 -0.1955353 -1.5050551
1.1134044 -0.1245969 -0.4548139
0.5232068 -1.1061310 -1.6610800
-0.2800786 -0.7637194 -2.8273242
0.1672878 -0.4214540 0.1896148
0.7244721 0.8636527 1.5449591
0.6345752 -0.6064292 -1.5437999
0.7778859 -0.4931466 -0.5652377
-0.4270404 0.4494728 -2.0923822
1.2584538 0.0972125 0.7930754
-0.0733087 0.2108854 -1.5393649
1.4083086 0.1084461 0.8904613
0.5362598 -0.4127177 -1.4303042
0.9715159 -0.3081236 -0.5324653
1.0842395 -0.4827357 -1.2513628
-0.2303079 -0.8025413 -2.9793026
1.1386105 0.1352713 0.2823185
0.1903477 -1.0364065 -1.4214805
1.0225112 -0.5593362 0.1457846
0.5791422 0.3671363 0.0313986
0.5543578 0.6211694 0.1421199
1.4063653 -0.0447361 0.5728394
0.5650091 -0.5113705 -0.8560648
0.5841761 -0.5626314 0.2346155
0.8912217 -0.0500348 -1.0235517
0.3972363 -0.3536161 -0.0996145
0.7167982 -0.1680878 0.9665309
-1.8833892 0.8279181 -2.8236446
0.7437705 0.9531425 -0.0706118
1.1708512 -0.1726759 0.6963018
1.2060473 -0.3372146 -1.3992229
0.7569087 -0.7518178 0.7506499
0.9330759 0.8776283 -0.9221441
0.6244084 -1.0186409 -1.8466673
0.9685950 0.2676758 -0.8112019
0.4597370 -1.0204854 -1.5651363
0.4810520 0.4535101 0.3815280
0.6159971 -1.3031836 0.5422691
0.3596942 -0.4466435 -1.2907555
0.8818535 0.7585569 -0.8058082
-0.1891951 0.4801833 -1.1916659
1.4607459 -0.3073099 1.0566897
1.6338629 -0.0380216 0.7358036
0.5578108 -0.4385864 -0.1084046
0.1664705 -0.6198596 -1.1895945
0.3877670 0.0143465 -0.7787441
-0.0029484 0.3128915 -1.1134328
0.3250725 0.1472579 -1.2541721
0.9658605 0.1447611 0.7509616
1.2830482 -0.1000757 0.1535524
0.5234984 0.0336445 -0.7764750
-2.1017165 1.2132868 -2.8278112
0.1415731 -0.5627156 0.3055570
1.3499074 0.0509320 -1.1916255
-0.1800016 -0.6372699 -1.7819115
0.6650484 -1.3161834 0.4405413
0.7203689 1.1824534 1.7388320
0.7120538 0.6017757 1.4755064
0.2905447 -0.7070879 -1.3363024
0.7535998 -0.1792424 -0.9629288
1.3301908 0.4217314 -0.9593311
0.5209979 0.0268355 -0.7835556
1.1603777 0.2709568 -1.3266087
1.2783543 0.5262960 -0.8270384
0.5950746 0.3558001 0.6207340
-0.2224138 0.5216455 -1.8079821
1.3376356 0.5226958 -1.7588716
0.6633889 -0.9267130 -1.6459199
0.2993077 -0.0510908 -0.2118511
0.7913703 -0.2197432 -0.9408556
0.9577612 -0.5135313 -1.3238509
0.1645399 -0.2912267 -1.2321314
1.3401434 0.4420224 -1.5008674
1.1975209 -0.0156335 -0.9122354
-2.0338252 1.1253253 -2.8529847
1.3045716 0.2657849 -0.7883299
1.4425405 0.0677555 0.6742678
1.1749672 -0.3935737 -1.2396184
0.6712118 0.2963820 1.2483766
1.3550600 0.0485720 -1.1557163
1.2713451 -0.1869366 0.6753019
0.8438029 0.1645751 0.9475477
-0.0088569 -0.4382603 -1.6612364
0.1811812 -0.2071265 -1.7251858
0.5951136 0.0593384 -0.5165137
0.4422514 0.1128393 -0.6095676
-2.0531693 1.0294046 -2.5401728
1.6261692 -0.0126324 0.5651999
1.2067829 0.5222038 -1.0450087
0.8364958 -0.5696620 -1.2090397
0.6228009 -0.5372213 -0.8074740
1.5523369 -0.2235504 0.6825842
1.4279730 0.7451013 -2.9723165
0.2846427 -0.2561735 0.5722411
1.4932289 -0.0231965 1.1158013
-0.2207219 -0.5950699 -1.8042624
0.4743415 -0.7163949 0.3209374
1.0959562 -0.2789859 1.6158242
1.7466779 0.3495956 -1.4449399
0.0694516 -0.5555817 -1.3093868
1.1108360 -0.4157798 -1.0685965
0.9455293 -0.3389726 0.2695799
0.5647668 -0.7496882 -1.0065728
0.2037633 -0.5161214 -1.2161756
0.6515893 0.2256796 -0.9331552
0.9113818 0.3127741 0.5873278
0.4682946 -0.1102280 -0.9138479
0.4588943 -0.1336968 -0.9288561
-0.4564324 0.2958391 -1.7868813
-0.9122015 0.3945594 -2.2626224
0.1770493 -0.8099236 -0.0863168
0.9078055 -0.2142525 0.7856730
1.0566572 -0.3028477 1.9108628
0.9624574 0.6438278 -0.3149765
-0.2102921 0.4190578 -1.8983300
1.3648776 0.2307942 -0.7803644
-1.1984231 0.4280864 -2.4874456
1.5055773 -0.2977341 1.1306925
0.6900395 1.7040422 2.1059346
0.8780932 0.4505821 -1.0522941
0.4723680 -0.4689879 0.0004720
0.7513517 -0.8120736 -1.3651537
0.4433636 -0.0065581 -0.3784730
1.2776356 0.3140676 -0.8882192
0.8435287 0.3693199 -1.0371217
1.6682514 0.3805891 -1.2351052
0.0329675 -0.9433724 -1.4479650
0.3962760 -0.7182963 0.3531492
1.0319669 -0.5250365 -1.3966463
0.9303970 0.6646767 -0.1695085
0.6715240 1.2810529 1.7614714
0.1693011 -0.5669127 -1.2844265
1.3362459 0.5720367 -2.6943326
0.1059527 0.1757228 -1.0115023
0.7185850 1.5678691 1.8535949
0.6842001 -1.0465437 -1.8352664
0.9872521 -0.2708519 0.9058025
0.6623764 0.0810973 -0.6287644
0.8778328 0.3882875 -1.2242397
0.7530603 -0.9450370 -1.7217890
-2.2342191 1.2507908 -2.6955874
0.7018064 0.3859550 -0.9496959
0.2205053 -0.5466850 0.0786095
1.2814256 0.2440160 0.8856547
0.4524867 -0.2161181 -0.7193692
1.0892746 -0.5009482 -1.1896565
1.0899000 0.6573961 -0.8215293
1.1194251 -0.1532703 -0.6104225
0.9088751 0.0507395 -0.4422168
0.1471702 -0.5354247 -1.7981713
1.2811522 0.0482359 -0.6954132
0.9419842 -0.6732655 -1.5615087
0.0286563 0.4524584 -1.6125474
1.2449988 0.0047586 -1.1001374
0.7714909 0.1912148 -0.4800939
-0.2088616 0.4399861 -1.3462137
0.3730980 -0.4905577 -1.6196464
-0.0559818 0.2396254 -1.2370765
1.1342272 -0.2203863 -1.0949435
0.8182676 0.9048858 -0.1237125
1.3520232 0.0502418 -1.2003025
1.2418813 0.1971910 0.5962459
-0.0280666 -0.6810429 -2.4678044
1.1872760 -0.3891829 1.0810632
1.1576432 0.1477628 0.9635745
1.3275877 0.5705052 -1.0023335
0.6995599 0.2883899 -0.2776963
0.9705837 0.6593674 -0.1895321
1.3875031 0.6523085 -2.9266000
0.6438352 0.6943540 0.2329139
0.7256393 -0.1488381 -0.4983803
-1.4619333 0.5319660 -2.6230879
1.3919022 0.5440909 -1.3145618
0.0032555 -0.7326913 -0.0802437
0.4731629 -1.0782828 -1.7039064
1.0152841 0.5756011 0.2568499
0.1946813 -0.1998546 -1.7846905
0.9690046 0.4929136 -0.1066370
1.2064112 -0.4526694 -1.6063799
-2.3228405 1.1305801 -2.7364173
1.2324558 0.0750524 0.7369825
-0.1176634 -0.4561146 -2.7477357
1.1865875 -0.2156861 1.1267318
0.6585095 -0.5573894 -1.4612319
0.8210297 0.8255827 -1.2797368
0.7389646 -0.5642985 0.2798482
-1.3599724 0.6208104 -2.5941694
1.4995310 0.5926874 -2.1512179
0.7116510 -0.0277427 1.1587633
-2.6628788 1.2954856 -2.5648739
1.4884517 -0.0474496 1.0117831
0.7258807 2.0051699 2.1363518
1.4501116 0.5801640 -2.6442597
1.4084488 0.2178788 1.2512202
1.4204532 0.4653717 -1.1498156
-1.8646331 0.7755314 -2.7377310
1.8010119 0.6490194 -2.9652483
0.8169498 -0.1751134 0.7685609
0.7282935 1.5858406 1.8711573
0.1755420 -0.5838654 -2.2486906
1.3486943 0.0516479 0.2403087
0.5565307 0.2862993 0.7018210
1.5357150 0.4134168 -1.0327406
0.0620450 -0.7292873 0.0643265
-0.0052836 -0.6525223 -2.6051168
0.1453562 -0.2582567 -1.5058277
0.7105961 0.1799814 1.2654237
0.8151876 -0.1885390 1.2239928
0.2830722 -0.0835870 -1.7772294
-0.0424632 -0.7765579 -1.6544474
0.6629596 0.3630471 0.7098173
-1.5959837 0.6792499 -2.7702663
0.9293231 -0.4282009 0.3907902
0.6334378 -0.9497055 0.6812986
1.4644345 -0.2528553 1.2535162
0.1230469 0.3757786 -0.8004104
1.1133578 -0.0458172 -0.7928589
-0.2657999 0.2139138 -1.7349226
0.4548349 0.2552014 0.4918430
0.7704090 0.8868534 -0.2037031
0.3748796 -0.1814377 -0.7096281
-0.4561423 0.2522730 -1.8308555
0.9836774 0.3663655 -0.5637872
0.4897360 -0.0083882 -0.8163763
0.2447872 -0.1821336 -1.5031182
0.8727707 0.0934595 1.1278816
0.4168911 -1.1129540 0.3110246
1.3140056 0.4900338 -1.5843271
1.6015164 -0.0737550 0.8829688
0.2225251 -0.9744116 -1.3430799
0.5490938 -0.4800443 -0.8268014
0.5254350 -0.6503680 0.2595487
0.7313556 -1.3097529 0.4236674
1.4569129 -0.3034636 1.2987788
0.6707092 1.7141433 1.9477617
0.5868776 -0.3176060 -0.6374480
1.3124002 -0.3706963 1.4027199
0.5850691 0.1953079 -0.6067129
0.8444076 0.4644825 -0.9589970
0.6987208 1.2813454 1.8669077
0.6893863 -0.1295455 -0.5262472
1.1532053 -0.2670956 0.7924045
0.6462027 -0.3881551 -0.2113591
0.2394610 -0.6578383 -1.9527639
-0.1419877 0.3978461 -1.2845089
1.5460784 -0.0283845 0.9777368
1.2975003 -0.2891771 1.4441071
0.8514414 0.8969340 -1.1107050
1.6857928 -0.0456792 0.5022016
1.0774087 -0.0850336 -0.8444273
0.7121470 0.8627082 0.6090455
0.6051098 0.3528789 0.7626728
0.9611751 -0.4725429 0.2323391
0.9473287 -0.3446288 0.4932531
0.2069884 0.0674077 -1.0807906
0.7388856 0.3806115 -0.6417151
0.7663667 0.8086389 -0.5237650
0.1936719 -0.1539301 -1.3431505
0.7039427 1.6289322 1.8829644
1.2513604 -0.1867559 -1.0122350
1.3310003 0.6453081 -2.2898791
0.7455186 0.3289414 0.6156039
0.8820156 -0.3896425 -0.5028630
1.2808453 -0.1671350 1.0948572
0.7236742 1.6534427 1.9680533
1.4986273 0.1281834 1.0778725
1.5204866 0.5900866 -2.2005391
0.0697005 -0.6416631 -1.4390181
0.0713648 -0.5293841 0.0519937
0.7711620 -0.5968892 -1.1438597
0.3241785 -0.1537974 0.6600030
1.0198667 0.1269466 -1.2037165
0.8877323 -0.6014420 0.1953057
0.2106358 -0.8322471 -0.0369360
0.6910332 -0.4033584 -0.1276025
-0.7463098 0.4520338 -2.2235818
0.9842310 0.5711309 -0.9134079
-0.5957053 0.2268395 -2.1817594
0.8521651 -0.4175937 -0.4767768
0.3472505 -0.8782124 0.0029827
1.0039259 0.1406510 0.7671077
-0.0830055 -0.3581942 -1.7553333
0.3451377 -0.1942829 -0.4670706
0.6705712 0.9748333 1.5717833
-0.6498716 0.4319896 -2.0247138
1.0078766 -0.5567208 -1.4015501
0.8901848 -0.5499700 0.0818149
1.5030925 0.5382506 -2.3635454
0.0132056 -0.7260770 -1.4434401
0.7349802 -0.0011454 1.0781027
1.2791859 0.1159629 1.3691024
1.4343262 0.6791232 -1.0671561
0.1912874 -0.5304822 -1.7292523
0.8872066 -0.7346381 -1.0376868
0.6599551 -0.5476691 0.7007213
0.5009823 0.3733197 0.0685594
1.0750768 0.5812373 -1.1352472
0.4934322 0.3906929 -0.8686633
1.1922289 0.0653237 0.2103733
-0.6562648 0.4043881 -2.0015032
0.2827715 -0.6643397 -1.0227221
0.5511291 -0.3624530 -0.3162224
0.3886911 0.3466814 -0.7461646
0.7903541 0.8743551 0.6517293
0.2196217 -0.4244230 0.5608256
0.6203100 0.8321641 -0.2111359
0.9316651 0.6043108 -0.2975502
1.4280385 0.5130135 -1.9244506
1.4084232 0.4452186 -1.1138517
-2.0234082 0.9756010 -2.5089905
0.9325774 0.6315519 -0.4273515
-2.2448406 0.8819075 -2.7532747
0.3978246 -0.3521555 -0.7308758
1.5445607 0.4840124 -1.6812688
0.7779625 0.8382033 0.6648540
1.2735540 0.0293301 0.3237206
0.8356639 -0.3516784 0.0133949
0.3724773 0.4618590 -1.0434849
0.2659273 -0.1825972 -1.2467455
0.1357944 -0.5976815 -1.6540031
0.8740872 -0.2402173 -0.3348760
0.7906393 -0.3957845 -0.3686719
1.2339095 0.4311977 -0.9764012
0.4410249 -0.3631442 0.0283953
0.0864211 0.2998697 -1.5250983
0.8798552 0.8808814 -1.0113399
0.6845481 0.0606038 1.1987165
0.3253193 0.2749028 -0.6479898
0.9635032 -0.2899503 -0.9823249
-0.0086478 -0.7587584 -2.9741981
1.1585810 -0.3672679 1.1252710
1.4250351 0.0016389 1.2282695
-1.9775831 1.0603498 -2.5281343
0.4183557 -0.4117136 -1.3605863
0.0103058 -0.9070883 -1.4702774
0.4872142 -0.0378756 -0.5506661
0.3423172 0.0837103 -0.1454693
1.4551553 0.1034772 1.2500056
1.4904381 0.5305910 -1.7330335
-0.3174233 0.5106721 -1.4450363
-0.9173673 0.3275855 -2.2991056
1.0051898 -0.0002071 -0.2624618
0.9631448 0.2723605 -0.8182612
0.5090032 -0.9545486 -1.4900715
0.8349641 -0.1993876 0.9169530
0.5622053 0.5735654 0.1242285
1.1265240 0.1988979 0.2915157
0.1297195 -0.4372090 -1.1803207
0.2852747 0.0430026 -1.0573205
0.1815997 -0.5697961 0.4575025
1.1620944 -0.4740037 -1.6260282
0.2137620 -0.4157403 0.1381808
1.8533393 -0.1383852 0.5563811
1.0355980 0.6123056 -1.0952489
0.8220387 0.0022958 -1.0029492
0.4819632 -0.3854313 -1.3668886
1.0912831 -0.0683968 -0.9573991
1.4890425 0.1189742 1.1809888
1.5465701 0.6885622 -2.7896736
1.0064248 0.6025177 -0.8246127
1.1286983 -0.4765341 1.1736656
0.6428738 0.3006428 -0.8951777
0.9506828 -0.4120289 0.1164880
1.5236539 0.4858814 -1.4301736
1.0103974 -0.1182219 -0.8232266
0.7157354 0.7190647 1.5124269
1.1779367 -0.0296776 -0.9227588
0.3803853 0.0511210 -0.4715289
0.1901539 -0.4028213 0.1799249
0.3630640 0.4188504 -1.2314889
1.1792399 0.4498126 -1.0137399
-2.2104356 1.2321414 -2.7286639
1.3836377 0.1301145 1.2869430
1.3819647 0.4552211 -1.1344279
0.7092859 -0.7153364 0.9057267
0.1539941 -0.5537457 0.2815140
0.4736701 0.0885995 -0.5658890
0.8263259 -0.4453195 -1.0506793
-1.7301987 0.7944999 -2.7840650
1.6423464 0.7317367 -2.8267624
0.7156183 -0.4151614 0.0555920
0.9003522 -0.1661632 1.1650429
1.0990144 0.4464059 0.2022458
0.8625741 -0.5863972 -1.2874171
0.6566775 -0.9197769 -1.6150261
0.4533488 -1.0684221 -1.6691546
0.2636144 -0.8127947 -1.1624659
-2.4275331 1.1016251 -2.7159929
1.4340596 0.3821907 -1.9185760
1.3021139 -0.0492086 0.1480947
0.9200005 -0.6955311 0.4708582
1.3789178 0.4922023 -1.4891883
0.9180183 -0.4845163 -0.8840426
1.7219160 0.3783200 -1.3722553
0.1783974 -0.1226184 -1.9427747
0.3213359 -0.8348255 -1.4910077
-1.1520101 0.3608640 -2.4939709
0.6491745 -0.7606638 0.6696364
0.4657913 -1.1216007 -1.6343668
0.4439666 0.4046268 0.4943308
-0.0509486 -0.4802581 -1.4741181
0.6809626 -0.8381972 -1.2308459
1.2967219 0.2167307 -1.6955053
0.5100592 0.3289285 0.7170231
1.2009952 -0.1583747 0.6812011
0.7117988 0.3123947 -0.4884236
0.9327795 -0.4418603 -0.5727481
0.7302152 0.7098098 -0.4939589
1.5590307 -0.2625205 0.8516944
-0.1099050 -0.5442414 -1.7754188
0.4584865 -0.3162304 -0.7592213
1.7625066 -0.0802432 0.5503154
0.9250006 0.1785906 -1.0933897
0.3498687 -0.0735140 -0.4053926
0.5730166 -0.0308586 -0.6668268
0.9577119 0.7028890 -1.1561304
1.6853360 0.4447186 -1.4833287
1.1370928 0.6496117 -1.2141342
0.6224788 -0.3070010 0.6836233
0.7199171 -0.7792888 0.8017250
1.1057694 0.6061971 -1.2123801
1.4190205 -0.3298222 1.2909877
0.9981457 0.1239127 -0.2934626
0.6550152 -1.6548376 0.2710176
1.0176119 0.4633245 0.1242510
1.2725672 0.0643722 0.7195894
-2.2474093 0.9360206 -2.5793619
1.4312592 0.1072472 -1.4963708
-0.4060211 0.2540164 -1.7620579
0.7090407 0.9255223 1.6561869
0.1476440 -0.2372204 -1.5514623
0.8201079 -0.3887736 -0.4540011
0.7634731 -0.3684813 -0.9264656
0.4378184 -0.3141585 -0.7496031
1.1077499 0.0498525 1.2434583
-0.6873485 0.2985427 -2.0482605
0.6834357 -1.4159099 0.3579940
0.3547629 -0.5166870 -1.3918592
0.5865362 -0.4912497 -1.5837988
-0.4582606 0.2421695 -2.0879564
1.2845442 -0.4529856 1.2895494
0.7228870 -0.4014012 -0.0319365
1.3436518 0.0766215 -0.9283211
1.3345516 -0.2666800 0.6881657
0.2874288 0.3296090 -0.6834740
0.5657575 0.0089255 -0.5910447
0.5304197 -1.3474721 0.3734762
1.7844040 0.6281907 -2.8454373
0.4215631 -0.3304199 -0.7826081
0.6152905 -0.4642898 -0.7473235
0.7235936 0.4096400 1.3085120
1.4940188 0.0794650 1.2226280
0.7240399 0.3920992 -1.0668654
0.6970637 0.8542049 1.6411427
0.1613854 -0.1833266 -2.0609553
-0.0464458 -0.6898749 -2.7432225
0.7017844 0.3566099 -1.0060011
1.9920497 0.7566206 -2.9455640
0.8551808 -0.5806397 -1.0929453
0.6890082 0.1848841 -0.4136306
0.7494224 -0.5231639 -1.0862397
0.2850607 -0.7233118 0.2882443
-0.1658965 0.4484923 -1.2967814
1.2953682 0.1130165 0.9906207
-0.2356296 -0.5584431 -2.7304666
1.8872038 0.6385021 -2.9693267
0.6955289 0.7300739 -0.4426540
0.2593517 0.0745015 -0.8863817
-0.1405307 -1.1147584 -2.9709342
1.5172275 0.5017574 -2.1983044
1.1015886 -0.4650540 -1.2525550
0.2274098 -0.0281787 0.1170546
1.3288771 0.2930903 -1.7814667
-1.0806376 0.3550139 -2.5889480
0.8277844 0.6156334 -0.4948582
0.0463005 -0.2620254 -1.8934091
1.4867131 0.5738127 -1.0850166
1.0540458 -0.5221710 -1.1769617
1.4302615 0.0275337 1.3777721
0.2138393 0.4925714 -1.3161732
-0.6403407 0.3645265 -2.3369792
1.1557018 -0.0218373 -0.8642652
0.4533438 -1.0930817 -1.7089372
0.8350332 0.6898717 0.0510175
0.3919730 -0.2591586 -0.6037233
0.6951511 0.2424987 1.1745911
0.0698730 -0.3433516 -1.5957029
1.4214712 -0.1815352 1.2237647
-0.0378161 -1.0774800 -2.9373989
1.1394498 0.3061632 -1.2563528
0.7344913 0.6814690 -0.1093876
0.1897718 0.2419228 -0.8494697
0.7190993 0.1893102 -0.4221336
1.3720795 0.1966735 -1.7000433
0.3386174 -1.0469717 0.2216419
0.6322569 0.0328364 -0.7455858
0.7107349 -0.3828288 -0.1206609
0.0067987 -1.0385371 -2.9770634
0.6281078 0.6740201 0.3352057
0.4876965 0.3038579 0.7228881
0.7187017 1.6332104 1.9880273
0.6461692 0.3301988 0.8509305
1.0287478 0.7149715 -1.1342958
0.1821728 -1.0009420 -1.4017849
1.3749533 0.5298632 -1.9481366
0.5251716 -0.6053387 -0.8462796
-0.3712222 0.5045942 -1.6211064
0.7599699 -0.4937852 -0.7783348
1.3209859 -0.3009112 -1.5347580
0.9503860 0.2558479 0.0245636
1.4295267 0.1818602 -0.9592058
0.5768490 -0.4341682 -0.4781590
-0.0643645 -0.4837444 -2.6584146
0.3841703 0.0568950 -0.3886716
1.3503373 0.1228604 0.9949073
0.3863350 -0.2071913 -0.8478157
0.9335002 -0.2884459 -0.9418320
0.1326126 0.3097084 -0.9090067
0.7840900 -1.2946219 0.3926139
0.9437983 -0.6765803 0.4698258
0.5957400 0.5708556 0.8540269
1.3355659 0.3545385 -1.8909636
0.3674905 -0.5066473 0.0700973
0.9464765 0.6802716 0.0062645
0.5391170 -0.9428427 -1.6464440
0.3100232 -0.2721788 -1.0360712
0.8644673 0.5294959 0.6243232
0.4282411 -0.2707560 0.7822327
0.1692023 -0.1463021 -1.5825988
0.2519795 -0.7695813 -1.6803212
1.3516500 0.0436383 1.0885512
-0.0440441 0.1792763 -1.4180378
0.2336571 -1.1405447 -1.6346319
0.5543275 -0.0082619 -0.7471867
1.1540194 -0.3054227 1.5866565
0.9101430 0.2679083 -0.5210701
0.4436451 -0.4160852 -0.1783825
1.3547206 0.1561644 -1.4786971
-2.2073600 1.1164435 -2.5279977
1.2844306 0.1412304 0.8718607
0.7745283 0.4689837 -0.1017181
0.4068449 -0.4001542 -1.3148566
0.6112568 0.7057784 0.8867460
0.0790584 -0.3881170 -2.2342563
1.1590853 0.3694010 0.6773441
1.3718327 0.5642517 -1.6921571
1.0187107 0.2787052 0.4953578
0.1254022 -0.3843077 -2.1829641
1.6471839 -0.1892087 0.6482313
1.2122275 0.7312573 -0.9709549
1.0453554 -0.1593709 0.1642204
-2.2179198 1.2634462 -2.6079986
0.9248165 0.0241345 1.1974351
0.5695894 -0.4949270 -0.5428014
-0.9324738 0.4762651 -2.4181058
0.8286822 -0.6213800 -1.1629723
0.8895820 -0.2593031 -0.2323901
0.5340221 0.6145479 0.1491943
-1.5873270 0.6103025 -2.7090685
0.9122542 0.5474408 -0.2048290
1.3324479 0.5511173 -1.4710310
0.2781306 -0.6745220 0.3619680
1.1589507 -0.0923246 -0.9913801
0.5697734 -0.3674178 -0.2430643
1.0277358 0.7144374 -1.1352484
1.2118852 -0.1329102 0.6721610
1.3935733 0.3644554 -0.9132081
-1.8681196 0.8281724 -2.8162820
-0.0838608 0.4519077 -1.1216923
1.6962901 0.3128928 -1.2590960
0.6868756 -1.3942266 0.4620245
1.0202026 -0.1601070 0.4477780
1.1611811 0.3681875 -0.7297366
0.5080308 -0.4622785 -0.8021522
0.2767491 -0.6187216 -1.1363063
0.4446002 -0.0799044 -0.5977591
-0.2332868 0.3170016 -1.9289073
1.4473082 -0.2200712 1.2586731
1.1308360 -0.2982807 0.9160181
-2.4397724 1.0687370 -2.6875806
0.5283434 0.2990761 -1.0939960
1.8432219 0.6679949 -2.9659529
0.6685784 1.3059411 1.7480624
1.5991561 0.0215449 0.6684063
1.3010492 0.6342233 -2.5408738
0.9955589 0.0624808 -0.2148834
0.6399783 -0.9471720 -1.3937757
0.8331863 -0.4728911 0.3496687
1.1995432 0.6762509 -0.9187277
1.2448117 -0.4038355 1.0883983
0.2377744 -0.9914680 -1.3452774
1.4804429 -0.1041510 1.0388297
0.7087165 0.9253769 -0.1902805
0.7698936 0.6247222 0.2313542
0.5534100 0.3675234 -0.8535802
0.7668439 -0.5064712 0.1632168
0.0510442 0.1343103 -1.1974438
1.1964527 0.4184208 -0.9546347
1.2929314 -0.1633301 0.1206313
0.0306177 -0.5098191 0.0452434
0.3134764 -1.1917822 -1.6072632
0.9381394 0.5095802 -0.7355862
0.3933738 0.3925385 -0.8562246
1.0414937 0.1338626 0.5109965
1.0351204 -0.6263945 0.3879955
0.7629380 -0.4331591 0.2905499
1.3284737 -0.0550670 0.5868712
0.0363411 -0.3788454 -2.0841894
0.3432550 -0.1510105 -0.5925475
0.8584274 0.2494731 -0.2940252
-0.2504608 0.5180309 -1.5443417
-0.0935220 -0.8856989 -2.8429096
0.4762763 -0.8817138 -1.3085849
0.7538946 -0.4247570 0.0670996
0.7191431 0.6713271 -0.0144541
1.3147686 0.0176450 0.6129875
0.1147609 -0.6090505 -1.2633281
-0.0038525 -0.7434470 -2.9651241
1.1449587 0.1337811 0.2516309
1.6340014 0.4369554 -1.3344228
1.0094196 0.2247284 -1.1671363
-0.2085540 0.5090154 -1.4051269
0.0145926 -0.8423080 -1.6047170
0.7230194 -0.6366509 0.9531912
-0.4211842 0.3725497 -2.1242621
0.9207500 -0.3630447 -1.0447831
0.7319270 0.7912580 0.5426625
0.6782190 -0.0223375 1.1432611
0.8600293 0.8623806 -1.2376534
0.9688802 -0.4098674 0.4791379
-2.2779036 1.2802626 -2.6260309
0.9669707 -0.1549811 -0.1475732
-1.1701213 0.3860829 -2.6228185
0.7598576 0.3971866 -0.7998500
-0.1994885 -0.5828508 -1.7211791
0.9365143 0.4984732 -1.1821294
0.6150928 -0.3267301 0.6871619
0.2569969 -0.1250172 -0.0689264
-2.2508173 1.1804379 -2.7593989
1.4366488 0.4373198 -2.3068292
0.9547951 0.8337461 -1.2967809
0.1286694 -0.4150186 -1.3123631
0.5071723 -0.7794431 -1.0426086
0.7861419 0.2273093 -0.3645307
1.4718462 0.6505497 -2.3490219
1.0230589 -0.2805127 0.9719173
0.4222065 -0.9232849 -1.7065020
-2.2893329 1.1306478 -2.7556329
1.2257589 0.1467928 -1.3749030
0.2856835 -0.9591343 -1.2869549
0.6404075 0.2657300 -0.3214289
0.3034004 0.4498288 -1.2761916
0.2323913 -1.1870021 -1.6447089
0.2797622 -0.7769669 -0.0708914
-0.9003169 0.4685434 -2.3880401
0.9554226 -0.4085464 0.0796709
1.3308152 0.6470379 -2.4631484
0.7233567 -0.4194502 0.5462857
1.5060948 0.6122867 -1.0658101
1.5112081 0.0619087 0.8985372
1.4286739 0.2845108 -0.8335179
1.1993463 -0.3268461 0.8104593
0.7477968 -0.2306137 -1.0033137
0.5134996 0.0488323 -0.6364943
0.4532471 -0.7724440 -1.1198807
0.5407975 -1.1252935 -1.7988502
1.4335078 0.2700159 0.2219633
0.1225305 -0.5365371 0.4200641
0.3951635 -0.0344557 -1.2067484
0.5088870 0.1368482 -1.1145340
0.8515480 -0.0698514 -0.4540161
0.6297319 -0.4441178 -0.1331087
0.9520444 -0.1199176 0.7118260
0.7149394 -0.3316566 0.7742366
-0.1560425 -0.4393442 -1.8923397
-0.7312091 0.4338506 -2.1128480
0.4867038 -0.5557128 0.5750700
1.0101489 0.7390810 -0.5776846
0.9139985 0.3490038 -0.1134389
0.7116413 -1.5200924 0.3015914
0.4451194 -0.7433488 -1.1149358
0.6628392 -1.6162190 0.3007504
0.9734855 0.1886009 -0.2884552
-1.3523610 0.4614065 -2.6692948
-0.1653610 -0.6027254 -2.9677589
-1.6483318 0.7679394 -2.7748013
0.1833101 -0.6653931 -0.0085849
0.0732322 -0.6329630 -2.4180305
0.8444486 0.0214950 -1.0271018
0.7862428 -0.3082125 -0.3395927
0.2485955 0.0567051 -0.9349551
0.4388092 0.1225156 -0.4205966
0.4578221 -0.5423962 -1.6041855
1.7150043 -0.0521623 0.5992042
0.7198993 0.8693222 1.5014098
1.3574036 0.2767754 -0.7352031
1.1545905 0.6315286 -1.2718793
0.7973329 0.4702268 -0.9334601
1.0179826 0.8466173 -0.3848688
0.6945527 1.6380410 2.0988109
-0.1121008 -0.5871928 -2.4567988
0.8940141 -0.0442233 1.1983714
0.5476239 -0.6232131 0.0644880
0.5334690 -1.1384686 -1.7249175
0.4463928 -0.0072266 -0.3871020
0.1030121 -1.0862114 -1.6292279
1.4595156 0.5269597 -2.0749002
0.9897246 0.7619182 -0.6771674
0.5677936 0.5493004 0.4902649
0.9359993 -0.3430730 0.4320945
1.2542096 -0.1321200 1.1708421
0.8848679 0.3260045 -0.5556723
0.7384085 -0.7450252 0.8721939
0.7438504 -0.0758169 0.9863297
-0.0819967 0.2092237 -1.5416055
0.3445227 0.2138971 -1.2996575
0.6313036 -0.4254324 -0.4430522
-0.2443163 0.5156690 -1.5242119
0.2785074 -0.2921504 -1.1151485
0.8679264 0.5539762 0.6242390
1.4469848 0.0993508 1.2194282
0.2321419 -0.0312609 0.1528958
0.7254581 -0.7254099 0.8812796
0.7830409 0.4465615 0.5754743
0.5465872 -0.4679662 0.6261867
0.7990019 0.8173172 -0.1927915
0.3701078 -0.3138701 -0.9496235
0.9045967 0.7525504 -0.1990674
0.6681722 0.6203086 -0.0024319
0.0917437 0.3314628 -0.9686490
0.3323852 -0.0731736 -1.4834358
1.2015309 0.7174069 -1.1778156
0.8740585 0.7206590 0.7477374
0.3242946 -0.5559403 -1.2022641
-0.1402632 -0.6812167 -1.7146578
0.6798897 1.1594632 1.7428186
1.3000350 0.5774863 -0.8997665
0.3712867 0.1502005 0.2300612
0.5588924 0.0354099 -0.8388892
0.5106986 0.1874435 -0.3903299
0.9477094 -0.5994573 0.2737574
1.5883274 0.1837368 -1.4067571
1.4836544 -0.0878715 0.5418758
0.5012709 -0.4626733 -0.1233042
-2.4503403 1.1043079 -2.5888066
0.2734162 0.0130689 0.1268900
-0.8037434 0.4559996 -2.3217797
1.3218837 -0.1675300 0.1524593
0.9373551 0.2879158 0.0323919
1.5443026 -0.1355220 0.5400399
-0.1549886 -0.7945073 -1.7048079
0.5083060 -0.5425289 -1.6915925
0.7176309 -0.2476975 1.0574657
1.1438469 -0.0449966 1.3248644
0.4887116 -0.2513213 -0.5702377
0.8590029 0.8558122 -0.7950013
0.7339053 0.5032698 0.3444732
1.2316508 -0.1756827 -1.0824380
0.9198248 0.0705767 -1.1041681
0.7733317 0.4528803 -1.0318807
1.6745669 0.3125937 -1.5477643
-0.6238637 0.2458202 -2.0165093
0.3010823 0.2994573 -0.6936790
0.9963923 0.0378664 0.7076610
1.4282874 0.5747473 -1.4873827
0.4421390 -0.8681843 -1.7463319
0.9201791 0.7811111 -1.1543353
0.4141849 -0.2784129 0.7710134
0.7118309 -1.5951699 0.2581905
1.1737130 0.1162236 0.7996436
0.8951689 -0.3730913 -0.3601842
-0.0040568 -0.3451521 -1.5976168
0.7991467 0.2913795 -1.1527131
0.0788772 -0.9479841 -1.4199784
0.8342055 -0.5427244 -0.6070615
-0.8204433 0.2334893 -2.3183398
0.9025853 -0.7221536 0.6822830
0.4810983 -0.3382856 -0.5909212
1.6431172 -0.1110389 0.8443035
1.7363367 0.3332702 -1.4073099
0.4525688 -0.2950256 -0.7075961
1.4477336 0.1623535 0.4105396
0.6836132 -0.7046577 0.6410434
0.4738898 0.3823376 0.3103715
1.3217643 0.6392002 -2.7767448
0.4408003 -0.2555917 -0.2340426
1.5464001 0.6053020 -2.8985934
0.2368339 -0.9433236 0.0339189
1.3597844 0.5749158 -2.6091514
1.0141683 0.3447904 -0.5497392
1.0319997 0.0598808 0.4625506
1.1327279 -0.4897032 -1.4300668
0.7298496 -0.4941017 0.2386745
0.3447455 -0.8657168 -1.6963466
0.9263162 -0.5733158 -1.2457411
0.5482187 0.2696179 -0.6311221
0.5847238 -0.0382563 0.7750929
0.8592201 -0.3652344 -0.4480786
0.4831369 0.1641502 -0.3772646
1.3046829 -0.3171744 -1.3712138
1.1960795 0.7405913 -0.9939165
0.5495355 -0.9368300 -1.6385498
0.1090302 -0.8120084 -1.4332926
-0.1011338 -0.5246049 -0.0834053
0.2569395 0.0676464 0.1341323
0.5753529 -0.6123748 -1.6988080
1.0004675 0.5973935 0.2357025
0.5887277 -0.3924410 -0.1688679
0.1372611 -0.7220802 -1.6139693
0.4654936 0.1363187 0.6530789
0.4348224 0.3299786 -1.1986854
0.3737720 0.2565333 -0.6357028
0.2031995 -0.1725716 -1.9455132
0.3276210 -0.1589515 0.6732789
0.7432203 0.7927752 -0.2473936
0.8712911 -0.5203890 0.0674417
-0.2101108 -0.5485627 -2.7826967
0.3711606 -0.2764260 -0.8795966
-0.7769937 0.4255272 -2.4290340
0.7246311 0.5072432 1.3534232
0.3484038 -0.9039164 0.0297201
1.0760646 -0.1437117 1.2602590
0.7357038 0.2368002 0.7851676
0.9462356 -0.6538810 -0.8606964
1.3345053 0.0825926 0.1507748
0.0446762 -0.9038325 -2.9678028
1.3866107 0.6478307 -2.2223332
0.3754463 -0.3550287 -0.8712664
0.9827542 0.5843324 0.5159625
0.3717526 0.2989381 -0.7033459
0.2113640 0.2777533 -0.7992752
0.7283377 1.2449963 1.7011455
0.6331029 0.2812960 0.9686092
0.4617252 -0.4628404 -0.0987582
-2.3044569 1.1385297 -2.7498457
1.0379497 -0.0718255 0.3953027
0.6889972 0.3954182 1.3744962
0.4992079 0.2151660 -0.4756175
-2.5202596 1.2529583 -2.5636592
0.8021895 0.6085460 -0.4005508
0.7211383 -0.4611146 -0.7040842
-0.1295350 0.2202424 -1.3820589
0.4677368 -0.8812211 -1.3161424
-1.1775064 0.4762895 -2.4554210
1.3289294 0.1439409 0.7144468
0.1164641 -0.8742726 -1.3291414
0.5712367 -0.0543061 -0.9463022
0.4400561 -0.0402726 -0.4218775
0.4297518 -0.4344226 -0.0100100
0.3665474 -0.8210459 0.2518029
1.4737862 -0.2580753 0.8864934
0.0677322 0.4995449 -1.2526248
0.3931446 -0.0645734 -1.4159520
0.5966650 -1.0471052 -1.8446716
1.2420520 0.4798024 -2.2436168
1.0400916 0.6652868 -0.2111921
0.7376359 0.3611288 -1.1016542
0.7772397 -0.3787596 0.4610317
0.8571419 0.6969312 0.2301258
0.3722828 -0.0638424 0.6729072
0.7217484 0.9733265 1.6181380
0.6221092 0.3505965 -0.7212093
-0.5823615 0.3333001 -1.9151034
1.0022920 -0.5199773 -1.1188062
0.2209028 0.4583190 -1.3723009
0.6722056 0.7820167 1.4619777
0.4828304 0.2610542 0.6690336
0.7600959 0.3413534 -0.6017914
1.1465667 -0.2571713 -0.8781260
0.9922714 0.1179305 -0.2145687
0.7661989 0.0759425 1.0490072
0.3634483 -0.2395031 0.7269788
0.3111234 -0.0796131 -0.3222598
0.4089265 0.3526621 -0.7477566
1.1023095 0.1744093 0.3527626
1.0759703 -0.2836330 -0.7702909
1.2025969 0.1041048 0.1863447
1.0016464 -0.3114564 0.0819105
0.5783229 -0.0369448 -0.6733844
-1.4754230 0.5972719 -2.5959036
0.8592528 -0.5243981 0.2818838
1.4777105 0.5402143 -1.6713146
1.3476489 0.3935483 -1.0089937
1.0735378 0.3419150 -1.0971603
-1.1087096 0.3395726 -2.5424368
0.2337811 -0.4963130 -1.7264915
0.3301769 -0.5356277 -0.9112414
-0.1935283 -0.5680869 -1.7363729
1.1529171 0.1011520 -0.5626768
1.0338780 0.6109216 -0.9594797
0.5498059 -1.0837152 -1.8012577
0.2060245 0.3813780 -0.8209548
0.3889533 -0.6927779 0.0075709
1.2983265 -0.1891760 -1.1243894
0.2783790 -0.4866962 -1.6628171
0.8514179 0.8577682 -0.3093517
0.0501075 -0.4288537 -1.3071365
1.1652620 0.0314462 0.7105385
0.3658657 0.0929294 -0.1904396
0.8355416 0.8985457 -1.2119322
0.4577518 -0.8019837 -1.0560116
0.8455080 0.0856957 1.1375309
0.8718579 0.2754259 0.7330323
1.0290469 0.1695145 0.0699444
0.7435510 0.3910010 -0.7074700
0.0173134 0.4563263 -1.1563141
1.7133694 0.3052230 -1.4934711
1.0012085 0.1742950 0.6122021
1.4881053 0.4923557 -2.3363268
0.6470775 0.3064798 -0.8882959
0.5407053 0.8693797 -0.1391408
0.5323051 -0.0244917 0.7393978
1.4190595 0.1134727 -1.4989123
0.0736745 -0.6967872 -1.3446678
0.6838504 2.0177479 2.2268875
0.8171949 0.0563009 -0.5057394
0.8044469 0.4260631 -1.0968919
0.6504439 -0.3251856 0.9629744
0.1944535 -0.4978999 -1.8258829
1.1640331 -0.4385902 -1.2180494
1.5793222 0.8998379 -2.9371374
0.9462423 0.6367989 0.4149066
-2.1115100 0.8382781 -2.7815802
0.5224663 0.3433835 -0.7479227
0.8765263 0.7395569 0.0408612
0.5616440 -0.1581190 -0.4778921
1.1848971 0.3728541 -1.0102084
-0.0576120 -0.6150542 -1.4957354
1.4466336 -0.2700738 0.7419502
0.6718073 1.4899279 1.8634632
0.3197359 0.0621688 -0.1789472
0.5614393 -0.5786248 0.0519603
1.1952837 0.2652743 -0.6967584
-1.6505803 0.7929835 -2.6742914
0.9934311 -0.1059820 1.1905193
0.1186295 -0.2337016 -1.8171372
0.7264299 -0.8692212 -1.5652872
-0.1207507 0.2115810 -1.5771353
0.6781531 -0.8484908 -1.2476257
0.5436116 0.5657026 0.1558692
1.8315732 -0.0420876 0.5850625
0.0491974 -0.9551301 -2.8751659
0.3548933 -0.5042939 -1.5857775
0.4076557 -0.3988555 0.6855544
1.3627188 0.2526599 1.2738411
0.3304133 -0.9809758 0.0775720
0.7699327 0.2612653 -0.3147031
0.3862475 -0.4825121 -0.7848110
0.2957784 -0.0323052 -0.1866648
0.3015218 -0.4601079 -1.7514803
-1.9925150 0.8792742 -2.5179090
0.7135072 1.6250172 2.0183532
1.2622343 0.1262744 1.1839340
0.4312619 -0.6273534 -0.8890261
1.4251560 0.1728364 -1.5266684
1.4081048 -0.0840776 1.1022205
1.3949431 -0.3124121 1.1672715
0.0539564 -0.3532851 -1.6217828
1.4956125 0.2230116 1.1969092
-0.2673805 0.3327110 -1.9736375
0.3247681 -0.4859257 -1.0280188
0.8236613 -0.4185621 -1.0151023
0.8414091 -0.1766724 0.6561126
0.5494074 -0.0723740 0.7380769
0.4106536 0.0807969 -1.1177853
0.0018336 0.5352737 -1.3659821
0.8066667 0.4886439 -0.1320608
0.7602112 0.9000701 -0.1024995
1.4217094 0.2468212 0.6654651
0.8865506 0.8859084 -1.2243612
0.8739448 0.7892666 -1.0764701
0.4488331 0.2043085 -1.1979834
1.3418766 -0.1299357 0.5797153
0.3591650 0.2117683 -1.2866857
0.5326405 -0.4168958 -0.4459674
0.3732374 0.1321380 -0.0975559
1.4532590 -0.2722082 0.9397454
1.2637067 0.6133657 -1.0560187
0.2715977 -0.8085622 -1.4993716
1.4450762 0.8246609 -2.7562728
1.4778674 -0.0176192 1.1387411
0.6622151 -0.2615826 0.9175975
0.5052358 0.3453123 0.7481458
0.1849402 -0.5836563 -1.5644083
1.4896393 -0.3147688 1.0272006
0.5830125 0.8174669 -0.0861817
0.3145439 -0.0775349 -1.3339028
-2.1546204 1.0695633 -2.8483338
1.0235606 0.0993716 -0.1527810
1.2821590 0.0232217 -1.0812240
-1.1237624 0.3399934 -2.5204358
1.2825062 0.5846006 -2.3252802
0.9128491 0.2029237 1.1838167
-0.1530602 0.5280554 -1.4479520
-1.8033094 0.8824436 -2.6642396
1.0027798 0.5034249 0.0916481
1.1643035 0.1247370 0.1348646
1.4551793 0.3872650 -1.8809452
0.5179225 -0.3864567 0.7226737
0.6246049 -0.3520055 0.6691095
0.5987291 0.0193290 -0.5820997
1.3654479 0.4798905 -1.2134492
0.8314420 -0.6283850 -1.1923498
0.4326298 -0.2650431 -0.7511542
0.2803369 -0.5442935 -1.4796249
0.6220308 0.1418625 -0.5729706
1.1782302 -0.4942435 -1.5125821
0.1424986 0.4824004 -1.1352870
0.3207100 -0.7094157 0.3020638
1.2175312 0.4913288 -1.5168135
0.8125533 0.2661776 -0.5606558
0.8535509 0.2732001 -1.2444748
0.6059255 0.3158003 -0.7863347
-1.9590410 1.1976135 -2.6477656
0.8933928 0.7388316 -1.3516241
0.3821383 -0.9993426 0.2948508
0.6736449 -1.4180428 0.4119840
0.7250171 0.8806453 1.5490621
0.7631812 0.7701817 -0.5532913
0.1050636 -0.9182402 -1.4672542
1.0512551 0.0477509 0.3694508
0.8152020 0.3163967 -0.3060659
0.2021816 -0.1978715 -1.7323053
0.5905564 -0.8023447 -1.6391419
0.1622558 -0.7586558 0.1341235
0.8637196 0.1731241 -0.3971470
0.4655532 -0.2929614 -0.6946453
0.3572927 -0.1590576 -0.5531174
0.2972715 -0.0615097 0.5168140
1.5772439 0.4903447 -1.1002996
1.4521086 0.3277153 -0.9946371
-0.3720626 0.2465731 -2.0054016
0.2771402 -1.0369916 -1.3798106
-1.3467311 0.4488453 -2.6467240
1.2453009 0.3731960 -1.9343567
1.5072746 0.5665820 -2.3770978
0.8554255 0.8029075 -1.3177235
0.3393882 -0.8355472 -0.0395885
0.3680933 -0.5048912 -1.4477937
0.9129352 -0.2681057 -0.8770656
1.6224672 0.7851999 -2.8379776
1.5168215 0.4854927 -1.4269451
0.3109690 -0.1438080 -0.2771780
1.4616261 0.4989926 -1.2932864
0.1739621 -0.5843182 -2.2622275
1.1222672 -0.1840502 -1.0203909
0.2872645 -0.0912519 -1.3060683
1.8030287 -0.1522307 0.5129633
0.6607987 0.0261789 -0.5101069
1.1778919 -0.0656364 1.2815515
1.2552003 0.1728330 0.2588664
-2.0987983 0.8497488 -2.5588591
-0.1114151 -0.4709194 -1.6969243
0.1206153 -1.0286226 -1.5768024
0.5881332 -1.3247674 0.2823552
0.3313523 -0.5571312 0.0068321
1.4514887 0.2762576 0.6632408
0.4829405 -0.5130026 0.6193440
0.6838943 -0.7891644 -1.3100152
0.2274939 -0.5359367 0.0783822
0.9302505 0.7780904 -1.3338476
0.2062537 -0.1270749 -1.6238463
-1.1860676 0.4049905 -2.6453969
0.8812536 0.4293915 -0.6260781
0.2087742 -0.1102122 -1.9134043
1.4988872 0.4725321 -1.0636790
-0.3280490 0.2290800 -1.8824984
0.6945149 -0.7653958 0.9436934
1.0162010 0.1199902 0.7463602
0.2949020 0.1130379 0.1158962
1.0907135 0.5207950 -1.3032041
0.9821841 0.2554908 -0.1277470
0.9121723 -0.4747079 0.1660880
0.5612153 -0.8281968 -1.6754833
1.3655937 0.2767524 -1.8109148
0.5252894 0.1032004 -0.4230185
1.3015876 -0.2982520 1.4409416
1.7592193 0.8271095 -2.9711685
0.8414213 -0.5432055 -0.6128283
-0.9598520 0.4383067 -2.5537817
1.1292870 0.3190028 0.3582477
0.1726981 -0.1097744 -2.0660849
0.5281118 0.0240290 -0.6321616
0.3733891 -0.4237356 0.6470960
1.2954987 0.3992466 -0.9221228
0.4281941 0.2076789 -1.2218708
0.7804251 0.4179432 0.5245552
-0.0845758 -0.9865584 -2.9274793
0.3463363 -0.3154983 0.6531534
0.2383919 -0.8360132 -1.3071079
0.5592482 0.5008252 0.5437320
0.6813161 1.6850835 2.0692377
0.4208722 -0.7577414 0.1238613
0.7509627 -0.6012498 0.6600841
0.7467963 -0.4098794 -0.6620980
0.5136025 0.3038529 0.2250235
0.6792746 0.0573198 -0.5688084
1.2768823 0.2778950 -0.8044294
1.2614733 0.0696771 0.0725859
0.7418503 -0.7365685 -1.3150889
1.3939563 0.7167693 -2.9307163
0.4993074 -0.4009574 0.6957982
-0.0773613 0.5363528 -1.4156406
0.5621865 -0.9016798 -1.6543561
1.3123080 0.5751585 -2.4834709
0.6922004 0.9609814 -0.1790925
-0.1884257 0.2198747 -1.6791434
1.1245087 0.1367604 1.5976651
0.7396955 -0.7491135 -1.3526241
0.3405668 -0.0227228 0.6052927
0.0553502 0.2903060 -1.0315359
0.6139169 -0.4110400 -0.5550487
0.6866013 0.4068995 0.6870572
0.3832696 -1.0985636 0.1704490
0.7782701 0.9080306 0.6955659
1.0326020 0.1472152 0.0455894
0.6244214 -0.3939977 -0.2068849
0.4186598 -0.9853524 0.2893654
0.7910199 0.6894884 -0.0169723
0.2111101 -0.8033362 -0.0631826
0.8718921 0.3383040 -0.5647017
0.6989772 2.1702492 2.1649330
0.9729720 -0.5157117 0.3303100
0.2047165 -0.6794818 -1.9055939
-1.0701210 0.5013297 -2.5995221
1.3856964 0.0891310 -0.9700778
0.9085630 0.3745052 -0.9900002
0.7149284 0.0079531 -0.6969543
-1.0145700 0.3534139 -2.3774350
0.5650921 -0.7492325 -1.6476737
1.1330440 -0.2222799 1.6657923
1.2242006 0.4731953 -1.9849509
0.6823997 2.1115212 2.1167190
0.4752605 -0.4520079 -0.0038026
0.2269184 -0.0690005 0.1048238
0.6362585 -0.0374704 -0.9184682
0.6956599 0.4603638 0.7297449
1.1127470 -0.3621272 -1.2764961
0.4737350 0.3406852 -0.7354483
0.3084362 -0.3162113 0.6077262
1.0909115 -0.3395300 1.8241076
0.1940939 0.1857594 -0.8950689
0.6043822 0.0132372 -0.5770701
-0.1972820 -0.5831802 -2.6209228
1.3590466 -0.0186832 0.2310705
1.0069985 0.5233629 -0.7328355
1.2250661 0.3220245 -1.3679334
1.3894279 0.4491848 -1.4080216
0.6331035 -0.9327824 -1.3594540
-0.0018987 -0.2260353 -2.0228159
-0.1616970 -0.5947358 -2.5606861
0.8825440 0.2016965 -0.3493149
0.7248172 0.3319023 1.2718188
0.1534373 -0.3759711 0.3141171
-0.3020391 0.2365263 -1.8906242
1.3802310 -0.0051151 0.2089950
0.4212862 -0.3921688 -0.0774082
0.0712326 -0.5301741 0.2975438
-0.0914612 -1.1354611 -2.9199493
-0.2302796 -0.6182168 -1.7696249
0.2944418 0.4305572 -0.9564764
0.1378136 -0.6058747 -0.1125968
1.3735924 0.7000152 -1.0187324
0.6700813 1.0148382 1.5953046
1.7045310 0.3694407 -1.5457463
0.7687512 0.6872702 -0.0386680
0.6843098 1.3852478 1.8839399
1.1380984 -0.2556485 1.0368891
0.2596104 -0.2739542 -0.9789453
0.7935560 0.7073802 -0.2243020
1.1648387 -0.3988498 0.9557606
0.9908570 -0.4597879 0.1423274
0.6430767 0.1045274 -0.6291860
-2.1829147 1.0307562 -2.5056195
-1.0804563 0.5110280 -2.5996685
1.3024383 0.1695446 0.8303494
1.2183784 0.3480855 -0.9277026
0.4674849 -0.4336440 -0.7915296
0.8321365 0.8330023 -1.1066456
-0.2321689 0.5120236 -1.8361491
-0.7980753 0.4590435 -2.4021525
-2.3719935 1.2417029 -2.5936496
-1.0221515 0.4580693 -2.5900817
0.7001246 -1.8817316 0.2175046
1.0649879 -0.1457247 0.2191776
-0.4229100 0.2625269 -2.0851932
0.6413994 -0.6794904 0.7238390
0.6802123 0.4053387 0.0070156
1.5030780 0.6128566 -2.3290215
0.6730915 -0.7886925 -1.2739617
1.0683972 -0.4914719 -1.2587409
1.2862889 0.1540900 -0.8444744
0.2869432 -0.0927856 -1.9542438
1.2716835 0.3222388 -1.7043655
0.9872347 -0.1777170 0.2667659
0.3186597 -0.1481741 -1.0918698
0.3106586 -0.0316254 -0.2158433
1.6906834 0.2724481 -1.4259107
0.2326022 -0.6091642 -1.5384485
-2.1368861 1.2089200 -2.7979276
0.6506503 0.0929502 -0.7495112
0.3522713 0.0435491 0.5548818
0.4538156 -0.4167929 -1.3885272
1.2917327 -0.2939482 0.8020761
-2.3075845 0.9273143 -2.8038411
0.3038096 0.2561640 -0.6587506
1.1302884 -0.1768684 0.1484439
1.1930692 0.6338992 -0.8335141
0.7131090 -1.2232168 0.5255433
0.9755966 0.0620382 -0.1284792
1.2617019 0.4913197 -1.5442495
0.8923045 -0.3737080 -0.4937580
1.0800647 -0.5663750 -1.4970988
1.2464840 0.2553945 -1.6288991
0.6302688 -0.8280844 0.6138139
0.7015563 -0.8328344 0.5284193
0.1908478 -0.9985549 -1.3912648
0.6553491 0.8232561 -0.3250794
1.2961626 0.4088328 -1.8936771
0.5667716 0.4773873 0.7088435
0.7136297 2.0358071 2.2325172
0.1936183 0.0839622 -0.9854190
-0.0286471 -0.6199008 -2.2110655
0.3572799 -0.8322408 -0.0152976
0.8854630 -0.5426225 0.3122879
0.5592800 -0.3325339 -0.1700563
0.1958018 -0.1297108 -2.1703479
0.3568009 -0.4080782 -1.2446325
-0.0815520 0.2096145 -1.3026646
1.4308504 0.5616961 -1.3936572
0.5930761 -0.6099434 -1.6078746
0.9378522 0.5620123 -1.0201732
0.9226493 -0.3386102 -0.4822264
1.2438161 0.1056320 0.8155933
0.7761651 0.5694741 0.5962861
0.5014693 0.2597180 0.2273625
1.2234657 0.3927748 -0.8513570
0.4028282 -0.5106678 0.0525705
1.5069715 0.5252720 -1.7058918
-0.6426845 0.4640986 -2.1435494
0.3949297 -0.2872222 -1.1356947
0.1016587 0.2353184 -1.4698663
0.6404008 -0.8026389 0.7525544
0.9801314 0.5668774 0.3668107
-0.3106483 0.4196024 -1.5166783
0.3950841 -0.9270921 -1.5670426
0.1071662 -0.6535401 -1.3877093
0.5748710 -1.4064076 0.3959339
1.3714498 0.1344071 -1.6600477
0.4118055 -1.0671439 0.1337415
1.0668055 0.5765393 -1.3026673
-0.0784418 -0.6446769 -2.4425535
0.9566942 -0.2411501 0.0351691
1.0074224 -0.4640988 -1.3056430
1.4823397 -0.1239190 0.5499874
1.1091903 0.1388423 1.7267352
1.2137696 -0.1195685 0.2345744
-1.9338843 0.8123257 -2.5947614
0.7369119 -0.2390839 0.9911948
0.3760904 0.1043515 0.4893647
1.1852561 0.1691353 -0.6279473
1.3052458 0.4244953 -1.0658592
0.4425739 -1.0345426 -1.3978842
0.1167162 -0.5757915 -2.4040570
1.0263196 0.0460358 1.1900170
1.3592999 0.1147395 0.7666616
0.8768111 -0.5099332 0.3180647
0.0037680 0.2470752 -1.1387218
0.0585068 -0.3312330 -1.6341647
0.9690270 0.7487644 -0.5705568
1.3915702 0.8231260 -2.8420529
0.7087981 -0.4770559 0.4526013
0.6901152 -0.7288790 0.8947861
-0.0659413 0.3576209 -1.7338508
0.6851811 -1.1867245 0.5384023
0.0107967 -0.4404854 -2.1124871
1.8822871 0.8439084 -2.9009538
-1.3235584 0.6192177 -2.6888769
0.1199968 -0.4342545 -1.1915139
0.0086452 -1.0643556 -2.9701939
0.9617325 0.6136071 0.2949342
0.4963310 0.3207627 0.8601756
1.5451137 -0.2218569 0.7611248
0.5015509 0.5576770 0.6236132
0.2507767 0.4412328 -0.9746135
0.7940440 -0.3570867 -0.3163076
0.8652139 0.5584249 -0.2155828
0.7481112 0.6104149 -0.2140081
-0.1038525 -1.1268210 -2.9697492
-0.3767581 0.4513177 -2.0448599
0.7333794 -0.1131739 -0.5316008
0.5881242 -1.0708480 -1.6418018
1.1320828 -0.0932687 -0.6428552
1.7544699 -0.1604562 0.5967981
0.9974385 0.4491990 -1.2242951
1.6529880 -0.1676537 0.5609050
1.2153329 0.1641812 1.5944622
0.9767188 0.7078955 -0.5459049
1.0926770 -0.2946214 -0.8090066
0.3820735 0.4498253 -0.9920450
1.7605556 0.7192345 -2.8588345
0.5513530 -0.4537440 -1.6172072
0.6762969 -0.3606680 -0.3524440
-0.0528381 -0.5374947 -1.4586415
1.0011119 -0.1415820 1.2648087
-0.1302192 -0.4912887 -2.5539546
0.2450116 -0.1315463 0.1008696
1.2551705 0.3359645 -0.7045121
0.8452142 -0.3118889 0.3928896
1.3911198 0.5989655 -1.0170435
0.6942996 -0.3221720 -0.3820586
1.0260020 -0.4337559 0.1872169
0.8153377 0.7215580 -1.2740610
0.9185031 -0.5429532 0.1023009
0.6133392 0.2632029 -0.0961075
0.9213392 0.2779030 0.5919849
0.8197739 -0.6377384 -1.1962706
0.9210683 0.2259992 -0.2715482
0.9087279 -0.7060463 0.6516527
0.2782985 -0.2968544 -1.1054592
0.8527286 -0.2625837 0.3179384
0.7246261 -1.3101771 0.4778249
0.9693732 0.1437282 -0.2236668
0.5132614 0.3291972 0.8406414
0.3427027 0.2917531 -0.6501300
1.1933022 0.1124619 -0.0250023
1.1356544 0.6213665 -1.1510144
0.2284390 -0.2415645 0.3348032
1.0623027 0.4419740 -1.0048430
1.2314175 0.6010860 -0.8529243
1.0157636 0.0779643 -1.1917602
0.8258903 0.2865903 -0.9740788
0.8345619 -0.2812316 0.4162320
0.3267989 -0.1606161 -0.3253698
-0.6159822 0.2455567 -2.0086782
1.9912308 0.8647224 -2.9907835
0.4405209 0.0544887 -0.6279465
-0.0025586 -0.2667872 -2.0622203
-0.4023633 0.4987102 -1.6458882
1.6498123 0.4133047 -1.3053591
0.2292869 -0.5528193 0.5188688
1.0036331 0.5413930 -0.7715725
-1.5037968 0.6289974 -2.7627716
1.4755960 0.5251669 -1.4620770
0.4045038 -1.1738801 -1.7172613
-1.9424111 0.8747268 -2.8706791
1.2587430 -0.3632475 1.0590101
0.5996438 -0.5144251 0.5746315
0.9207827 0.6192005 -0.2758048
0.4098481 -0.1634594 -0.7822441
0.9033877 -0.4275039 -1.1201792
0.2831860 -0.1413880 -1.7678679
0.3788030 -0.0776893 -1.0880908
0.6998158 0.6631200 -0.2467248
0.7193727 1.5054587 1.9061244
-0.0710413 -0.7202466 -2.8238518
0.5550071 -0.4094915 -0.1396053
0.8416157 -0.3076945 0.3647320
0.9530401 0.8308240 -0.6561478
1.2247078 0.3507094 -0.9316444
1.2849505 0.0270370 -0.6900536
-0.1829574 -0.5972088 -2.5993369
0.6684706 1.4156793 1.8058834
1.3111255 0.5868798 -2.7334297
0.2797833 -0.2694417 -1.1642660
1.0354947 -0.4440269 -0.9626114
0.1928360 -0.5369551 -1.5780089
0.6124897 0.6639855 0.8725427
0.1465285 -0.3299606 -1.4295956
0.2152293 -0.7004266 0.1836215
-2.3850532 1.2659578 -2.6164842
1.2638798 -0.1877533 -1.0328945
1.7049123 0.2922282 -1.4850659
0.8430734 0.3218348 0.5323464
0.9669430 -0.4373510 -1.2343223
1.0642864 0.1802131 -0.4776370
0.5582799 0.3471456 -0.9784758
1.0811864 -0.0887795 -0.8533821
0.4720251 0.2358754 -0.5403669
1.2332473 -0.1224954 -0.9798020
1.3679972 0.5103065 -0.9751690
0.6575076 -0.2134004 0.9964938
-0.1719929 0.4537079 -1.8449647
0.6998012 -0.3492826 -0.3212546
0.7142547 -0.4662350 0.3701559
0.0782453 -0.6095720 -2.1172473
0.3666176 -0.0941101 -1.6279039
0.2244664 -0.0881259 0.1305277
0.7432905 -0.3365803 -0.7902856
0.1939581 -0.3116069 -1.1326739
1.0149953 0.2850101 0.6911215
1.4529881 0.6302159 -1.0411946
0.6975930 1.1440955 1.6389358
1.4131721 -0.1587197 0.5849971
1.4779013 0.1085433 1.0338643
0.6492588 -0.8646501 -1.3859900
0.2855626 -0.0985333 -1.0586454
1.0850233 0.6854800 0.5445991
0.0162271 -0.4489721 -1.3600672
0.5046465 -0.4680289 -1.6453695
1.3567193 0.0954633 0.7222351
1.3817536 0.5957787 -1.5421876
0.9638775 -0.2636508 0.9271649
0.0308947 -0.2001131 -1.9648960
0.6719867 0.3571427 1.2681566
0.5507815 -0.5208803 -0.8634437
1.2554909 -0.2655705 -1.3266791
0.4818077 -0.9524079 -1.2443894
1.0939499 -0.2973853 0.9220298
0.6213865 -0.9895599 -1.7588687
0.4425804 0.3464558 -1.1836529
1.5083542 0.6382345 -2.4727540
0.8449829 -0.3795159 0.0351511
0.7692247 -0.3151772 -0.3012442
1.0328569 0.1570424 1.0279201
0.0536863 -0.9238461 -1.5148237
-0.1416488 -0.7416103 -2.7666266
0.7105925 1.5366644 1.9729633
-0.0574608 -0.8381860 -1.7074819
0.2333332 -0.8290331 0.0279181
-0.0397092 -0.5420800 -1.5483249
1.2823275 0.4062573 -0.7495813
1.4517370 0.4014085 -1.0134420
0.4589252 0.1922490 0.1362798
0.6815311 -0.8403158 0.8088737
-0.0993351 -0.3158430 -1.8566003
1.4789186 0.2387383 -1.6330816
0.6780921 -0.2301591 -0.5149106
-0.3681175 0.4789737 -2.0023150
0.3259351 0.4503393 -0.9839018
0.8227426 -0.1968882 -0.9199513
-0.4781599 0.4319390 -2.1515226
0.4766528 -0.1655304 -1.0501419
1.2444979 0.0317685 0.3569133
0.6494928 0.5085011 0.4401448
-0.2996408 -0.7743658 -2.8959398
0.6130088 -0.4990793 -1.5070188
0.2777498 0.0217762 0.4438200
0.6090269 -0.8993589 -1.4186300
-2.3715055 0.9833018 -2.6057622
0.1028579 -0.4275998 -1.3765289
0.7079488 2.4161296 2.3227081
0.9940490 0.0879862 -0.1581317
0.4715347 -0.5558031 -0.8107927
0.1259712 -0.2834830 -1.5220523
1.1998843 0.1018866 0.0026895
0.9356272 0.6533890 -1.2512720
0.7574555 0.3543431 -0.6102079
-0.0054542 -0.4467899 -1.6424100
0.4598611 -0.5186200 -1.5501651
0.6523409 0.8283280 -0.3150554
1.4779423 0.5481719 -1.4158595
1.4698910 0.1200371 1.2706130
1.3720880 0.7941270 -2.8106737
1.4108506 0.1581533 0.5106291
1.1387564 -0.1156709 -0.5750930
0.1067921 -1.0389872 -2.9595208
1.2789074 0.3970918 -1.8928565
0.9819585 0.1329404 1.2556864
-0.7197154 0.3269063 -2.4068067
0.4207521 -0.2673660 -0.7806420
1.0531023 -0.0807113 0.4575812
0.7474977 -1.2647986 0.4363403
-0.2130829 0.3079889 -1.9004732
1.1806521 0.1129663 0.1065450
0.2497329 -0.2053701 -1.0955626
1.2030308 -0.2990001 0.7529846
1.0488013 -0.1375129 1.3172387
0.6377189 -0.7176515 -1.5431114
0.7069219 -0.3654301 -0.2989535
0.2991644 0.1163670 0.0668760
0.7927040 0.8124642 -0.6341927
0.0002721 -1.0701095 -2.9705102
-1.8300157 1.0944399 -2.6732817
1.3486673 0.2317610 -1.7862567
0.0163055 -0.9251089 -1.6273949
0.9841282 0.6480709 -0.3409376
0.3638755 -0.0592004 -1.4263551
0.6803840 0.7225329 1.5105904
0.6909918 -0.7407477 -1.2147596
0.4877258 -0.2980078 -0.7061576
-0.7201787 0.3341692 -2.0680392
0.6733336 0.7216244 -0.2058885
0.7516505 0.4584851 -0.9564731
0.2693799 -0.1713832 -1.3392949
1.4256686 0.2470506 -0.9116468
0.1246180 0.1768604 -1.3814763
1.0622547 -0.3436641 -0.8124931
0.0927694 -0.3724490 -2.1853516
0.5205908 0.1867488 -0.5728206
0.1550646 -0.7712028 -0.0871529
0.6497875 0.9682736 -0.1041531
-2.3353481 0.9848638 -2.5777624
0.4726823 0.1793195 -0.1552757
1.1148193 0.3901003 -0.7210497
1.1894089 0.1082851 0.7874723
1.3823782 0.4826199 -2.4121792
0.2895510 -0.7747317 -1.1995043
1.3458705 0.6238915 -2.1631451
1.0075682 0.4445861 0.7165999
0.6965693 0.9859665 -0.1594135
0.4868999 0.2746742 0.6048361
1.3610126 0.2140525 0.2573543
0.9454524 -0.1393303 -0.1324058
1.3038435 0.2326406 1.1475515
1.2905678 -0.2678338 0.7163538
0.8628669 -0.2150653 0.9011443
1.3682499 -0.3400594 1.3456848
0.3234800 -0.1265184 -1.6377093
1.2727342 -0.1804658 -1.0978054
0.3529911 0.3140388 -0.7307627
1.1224674 0.3774509 0.3549232
0.4465033 -0.5410124 -1.6611458
0.2202095 -0.2046970 -1.3780127
-0.0697493 -0.5470266 -2.7458735
0.8318278 -0.4827452 -1.1257482
0.9306307 -0.7189557 0.6776118
1.2672985 0.0617224 1.0111871
0.5996975 0.3099344 -0.1655153
0.7565480 -0.7300282 -1.1502690
0.6956668 1.4129680 1.7760104
0.8825868 -0.6718166 -0.9298149
0.9254219 0.6833853 -0.1396548
0.8571909 -0.3820966 -0.5723612
1.7312162 -0.1509653 0.5770863
0.6112960 0.0084644 -0.7414502
0.7141250 -0.6109586 0.9877763
0.9116837 -0.4587588 -1.1919080
1.5183196 0.4649181 -1.0113358
0.8629899 -0.5792032 -1.2164211
1.4076996 0.0524838 -1.2129929
1.4454455 -0.2120309 1.2649579
0.9670855 -0.1900923 0.0278484
0.6711248 0.8940533 1.5443640
1.3930442 -0.1108343 1.0942394
1.1304798 -0.0238648 1.2906009
0.2255383 -0.8289899 -0.0797741
0.1317157 -0.1924584 -1.4699330
0.8089018 0.8274999 -0.3127015
-0.0587339 -0.4707182 -2.4479885
0.3900881 -0.4801545 -0.9003114
0.7289373 -0.3950968 -0.1495930
1.5019757 0.2331389 -0.9822804
0.2918804 -0.2326227 -0.9232340
1.4405148 0.0200978 0.6268876
0.9871987 -0.0783655 -0.2774070
1.4314394 0.6804597 -2.9740522
0.0299607 -1.1144236 -2.9649169
-2.0623238 0.7932749 -2.7577882
1.2388518 0.4350141 -0.9803974
-2.0353312 1.1609910 -2.5716105
1.3974276 -0.0672427 1.0924500
-1.5863816 0.7321477 -2.6444058
0.8137187 0.0604639 -0.4919112
1.4468260 -0.2714336 0.8282549
1.0124333 0.5710743 -1.1963242
0.2489355 0.3211944 -0.6490785
-0.0081856 -0.5886730 -1.4243077
0.1184298 -1.0052738 -2.9651959
0.3634901 -0.7211371 -1.1744351
0.9549815 0.3961483 -0.5822576
0.2396893 -0.9232123 -1.3839403
-0.0088666 -0.7254476 -1.5852901
0.8460174 0.4757073 -0.1229936
1.3280532 0.7348521 -1.0555421
1.5286391 -0.2145886 1.0267565
0.7736715 -0.4724565 -0.5742292
1.4011188 0.1294930 0.4531937
1.6663251 -0.0198477 0.6833520
1.0773257 0.1384231 0.3685389
1.0084053 0.0408860 -0.2713330
1.2811916 0.3451634 -0.9222189
0.6469417 0.6234269 0.8521324
0.6779504 1.6531041 2.0094767
0.9491903 -0.5649627 -1.1176783
0.2668985 -0.9480920 0.0403837
-1.1299342 0.4368647 -2.4368975
1.2624578 0.0058131 -0.6550520
1.2716436 0.0098820 -1.0163642
-0.6123565 0.2304946 -2.2166793
0.9934977 0.7131742 0.1802010
1.3415731 0.5065936 -1.5701197
0.6624399 -0.3990918 -0.5663820
0.7346695 -0.4385552 -0.6642045
0.8617591 0.3095742 0.6466824
1.0053148 0.6037457 -1.0226574
1.0233457 0.2365155 0.1273475
0.6539855 0.7039437 0.5964188
0.9184538 0.0506976 -0.4259692
0.0767907 -0.7114608 -0.1612828
0.3448158 -0.3986201 -1.1278361
0.0505803 -0.9196431 -1.5245422
1.4140363 0.6785128 -1.0316848
0.0004424 -0.6430138 -2.5971940
1.3600730 0.1577700 1.3755461
0.6890336 1.0410229 1.7226629
0.8407318 0.8253173 -0.6426141
-0.0831172 -0.6676470 -1.5466136
0.7294084 1.4447535 1.8037342
0.5921373 0.0639047 -0.5180062
1.0054257 0.6234612 0.1542073
0.4547062 0.2426570 0.4558434
-0.0308700 -0.6236627 -2.2429299
0.3864721 -0.4367635 -0.8889243
1.1952727 0.1765565 1.0740302
-1.8710227 1.0312504 -2.8891199
-0.1271918 -0.4602875 -1.7516707
0.4613169 -0.2763384 -0.7563261
0.8651290 -0.4261014 -0.5678884
0.7863259 0.2979115 -0.3776220
0.6303727 0.1895639 -0.9452134
1.2471353 0.3154840 -1.3954253
0.5581325 -0.5746145 -0.8272682
1.0164516 0.5043194 -0.6854365
0.7103612 -1.3621531 0.5054331
-1.5372776 0.6332067 -2.6169002
-1.0717717 0.4934677 -2.4454801
1.5860642 0.1733101 1.1550480
1.2306237 0.4117925 -1.2643484
0.7864046 -0.3316425 -0.8200628
0.1171346 -1.0797328 -1.6129866
0.6686065 0.0740674 -0.7201728
1.2944278 -0.2112428 -1.2515769
-0.0311712 -0.6258938 -0.0098694
1.4646858 0.8382930 -2.7643030
0.5474879 0.4912346 0.5020165
0.3508793 0.1862210 -0.6734399
1.0041870 -0.4680770 -1.3092268
-0.4378734 0.2275203 -2.0146241
1.3441197 0.7447094 -2.6662328
0.7981623 -0.6508699 -1.2170992
-0.0913061 -0.5626938 -2.8384666
0.0198718 -0.6705153 -0.2590848
-1.9937348 0.8031659 -2.5916986
0.6360210 -0.3111645 -1.2467721
0.4827460 -0.1811800 -0.6770200
1.4958451 0.0542015 1.0203980
0.2608596 -0.6764572 0.2184375
-0.1889088 -0.6032437 -1.6651841
0.5581126 0.0917053 -1.0158694
0.9326485 0.4321510 -0.9908363
0.4748114 -0.0486967 -0.8569561
-0.2660963 0.3496825 -1.4823377
0.6812605 -0.4746320 -1.2730235
0.5596088 -0.3004302 -0.5994321
0.9366531 0.8859362 -1.1289978
0.5728563 0.1281901 -1.0317489
0.8847964 0.9042016 -1.1539711
0.7644124 0.4641305 0.6591828
0.6948941 0.3337272 1.3606641
0.5281290 0.1090356 -0.4195308
0.0826100 -0.4432811 -2.3663039
1.5378754 -0.2741840 0.9811441
1.2482886 -0.2614045 0.9941922
1.2786684 0.0348486 -0.6822537
-2.1911135 1.0722965 -2.4985476
-0.2081225 -0.5755770 -2.8530025
0.1835660 -0.3440799 -1.2979703
0.0821275 -0.4735055 -1.3572714
0.3863152 0.1222285 -1.1880385
0.1112884 -0.1826275 -1.5680741
0.8588049 0.8287955 -0.7788865
0.9228792 0.2981684 -0.8749844
0.6139241 -0.8491770 -1.4996347
0.3032890 -0.9248375 0.0976071
0.6738238 -1.2913545 0.4764584
1.3032804 0.5693253 -1.6086432
1.0993835 0.6429195 -1.2465147
1.5466131 -0.0521886 0.9630605
1.0502760 -0.0854475 -0.8730755
1.4674436 -0.4568427 1.1859509
-0.0089395 -0.4089622 -2.2772193
0.5040317 0.2629471 0.6318959
0.2583497 -0.6077317 0.2169220
0.3515563 -0.2744093 -0.9214793
1.3902763 0.5739931 -1.5581945
0.4727938 -0.4191197 -0.0309053
1.2797186 -0.2718784 1.4183259
0.4371677 -0.7544014 -1.0880343
0.6862944 0.6044724 0.9790828
0.2458522 -0.4169059 -1.1184490
0.4683326 0.1806515 0.6147662
-2.5835419 1.2704488 -2.5655615
0.6109533 0.0808530 0.7897048
0.9434071 0.0685803 -0.3651565
1.2998986 0.0650153 0.6984736
1.3161976 0.5500946 -1.4771641
0.4813691 0.2112577 0.4772869
0.9515218 0.8832663 -1.1948010
1.0081087 -0.1029502 -0.0840985
1.0037885 0.1615784 1.1631111
0.5296215 0.4662801 0.3073406
0.6980330 0.7629460 0.3007352
0.9346693 -0.3961621 0.3549270
1.4342812 0.5350825 -2.0319505
0.1406908 -0.4355442 0.2265162
0.9895541 -0.0915235 -0.2919719
-0.2307831 0.5142609 -1.4934632
1.2268506 -0.2899736 -1.1480001
-1.2831206 0.4574457 -2.5366096
0.3604594 -0.8892215 0.0156880
1.4731861 -0.2154371 1.2271228
0.6229050 0.2496573 -0.7013221
0.6304137 -0.8320532 0.5994751
0.3408261 -0.2244043 -0.2923726
0.7482188 0.6766538 -0.1620912
1.5899230 0.3016070 -1.5865426
0.1981558 0.0703874 -1.0758848
0.9698728 -0.0629148 -0.6337342
0.7301809 -0.5732336 0.3185512
1.1100620 -0.3131030 1.6820214
0.6858372 0.6617927 0.8205216
0.7214248 1.8102173 1.9751176
0.9616526 -0.1493163 -0.1789958
0.0577243 -0.1871251 -1.9997188
1.1803867 -0.1703341 1.1777126
0.6592345 -0.9864388 0.6866912
0.9097752 -0.7214514 0.6697568
1.0595090 0.3380001 -1.0630925
1.2392715 -0.0172597 -0.0035798
0.7853915 -0.9270902 0.6450869
0.9680274 -0.6570144 -0.9307497
1.2336054 0.0826228 0.3845836
0.7357852 -0.4542902 0.2103261
0.4815544 0.2215706 0.1815477
0.6470428 -0.5950509 0.8041929
0.5554173 -0.2680656 -0.5493730
1.1821182 0.0144967 1.1863748
1.5993687 -0.0059913 0.6065193
0.7551768 0.4656609 -0.0848785
0.7703487 0.4001508 -0.7700192
0.2930892 -0.9138542 0.1018099
0.1144984 -0.1715535 -1.6243027
1.0443981 0.4145003 -0.9471676
0.2225001 -0.1260282 -1.3793283
0.5042874 0.6358507 0.1060729
1.0192320 0.2790211 0.7444497
1.4752672 0.5509767 -1.5727202
0.6900980 -1.6693923 0.3077348
0.7464335 -0.3384378 0.6055281
0.8489799 -0.4124267 -0.6820059
0.7251633 -1.3790861 0.3783627
0.4868646 -0.0446287 -0.8786724
0.6872160 -0.4689257 0.7878431
0.7773393 0.3735476 -0.0952572
-0.5301590 0.4731074 -1.9681756
0.6697440 -1.8407893 0.2763880
1.1112853 -0.3136531 -0.8710541
-0.1313788 -0.4865001 -1.9178039
0.9845006 -0.3929583 -0.7717953
0.7251805 1.4084971 1.8290334
0.9200560 0.0013913 1.2204196
1.2585205 -0.1383103 0.1552805
0.7275168 0.2970409 -0.4400246
0.4369282 -0.9921392 0.0911404
0.6789103 1.0060763 1.6540642
0.3557601 -0.9107466 -1.3063928
0.0822062 -0.2448246 -2.0578387
0.3549870 -0.0530334 -1.2227782
0.5323887 -0.5958654 0.0611173
0.6806798 0.5696201 0.0002938
-0.0050036 0.5386374 -1.5375190
-2.2905443 1.2604500 -2.6953104
0.2988430 -0.8613818 -0.0127209
0.5036588 -0.8659109 -1.1385932
1.4097192 0.5899086 -1.5756239
-0.0542089 -0.5028526 -2.6430004
0.7195286 1.2921274 1.7167861
0.6543382 -0.0664396 0.8569871
0.7378707 0.4570738 0.2395619
-2.1314843 1.2599515 -2.6426942
1.0190562 -0.4920289 0.0918059
0.6727848 0.6413811 0.1623531
0.5516034 -1.3407632 0.4087459
0.3689293 -0.6954553 0.4153687
0.4228308 -0.0189681 -1.1429739
0.7205030 -0.4405878 -0.2642680
-0.6582645 0.4058982 -2.3348475
-0.2082505 0.3209104 -1.9031529
-0.5864996 0.3690515 -1.9128380
0.5810198 0.1467212 -0.4295650
1.4812958 0.1524198 -1.5647815
0.7371524 -0.8440215 0.5700405
0.8915138 0.3534732 -1.1474885
0.9197754 0.1713038 -0.3374828
-0.0413575 -0.9552180 -2.8415277
0.7110170 2.3530147 2.2802885
0.5784993 -1.0254021 -1.7161174
0.4664840 -0.5823874 0.5510276
1.8308631 0.7892664 -2.9058609
1.1141578 0.0273042 -1.1971643
1.5745906 0.4307701 -1.2067884
-0.5139651 0.4830306 -2.0340421
1.3719620 0.1415220 1.3590429
0.2084563 0.2915049 -1.4351219
1.4027486 0.5162030 -1.5336251
0.4948540 0.3614918 -1.0900536
0.5324054 0.0752780 -0.5217639
0.6681748 1.8187160 2.0598252
1.1365379 -0.2847285 1.7132021
-0.7149408 0.4562053 -2.2937663
0.7892880 -0.4546697 -0.4143420
0.8695798 0.5484082 0.5967919
1.3830996 0.1678769 -0.7016096
0.3572913 -0.1062874 -0.7444605
1.0537654 -0.5235463 -1.3436913
0.7167072 0.6591747 1.3930041
0.7751320 0.4405461 0.6079735
-2.2701714 1.1914592 -2.7512114
-0.1804613 -0.7331108 -1.7795823
0.5822931 -0.2725546 -1.2448592
1.6098168 0.1862418 1.1715424
-2.3759651 0.9925683 -2.5990722
1.2090249 -0.1809686 0.1073615
0.6716473 -0.4104277 -0.1848160
0.6127580 -0.5375464 0.4959911
0.4426554 -0.8407092 -1.1082573
1.1822425 -0.3729992 -1.4388292
0.9219854 -0.4812395 -1.2601097
0.1773208 -0.2149386 -1.2737445
0.8629057 0.6782081 0.2290178
1.4911823 -0.1945810 1.1771073
0.7675047 0.3012371 -0.2398280
1.3439721 0.6801479 -2.7916939
0.0023196 -0.4796436 -1.5612481
0.6964682 0.6597321 0.0298256
0.7836036 -0.6693231 -1.1232488
0.8286101 0.6739453 0.1972300
1.2983630 0.2870899 -1.6831841
0.1367252 -0.2049476 -2.0489902
0.9333671 -0.4940546 0.4502137
0.2174593 -0.3030844 -1.2708548
0.6529197 0.5885783 0.2330222
1.1166971 0.6792404 0.5661310
0.7216333 -0.1462450 -0.4618892
1.4676123 -0.1563901 1.0090559
0.6001205 0.1404169 0.7229296
1.5792078 -0.3530079 1.1737983
0.7259335 -0.4238618 -0.9276196
0.5061367 -0.5678103 0.5301043
0.6616014 0.3508180 0.8811597
0.6993871 1.7235637 2.1216941
0.3147650 -0.2115334 -0.1866676
0.3981397 -0.6484228 0.1623348
0.2945194 -0.4450115 0.5955391
0.3520018 0.0742933 -1.1292336
0.7735639 0.4541790 -0.8865267
0.5640172 0.3421506 -0.9749071
1.0636867 0.0735819 -0.4181055
1.4574252 0.1140654 -1.4057975
0.6728978 -0.7937702 -1.3602500
1.4695199 0.3967877 -1.0701556
1.1896081 -0.0128093 -0.5507408
0.6754753 -1.6935458 0.1397009
-1.8874736 0.9202441 -2.5884271
0.2350919 0.3849012 -0.8649464
0.6688771 -0.4769028 -0.3504667
1.4294877 -0.2367711 0.9202431
0.6000726 -0.1624716 -0.5134280
-1.1203024 0.3467113 -2.5586240
1.5299057 0.1328115 -1.2281402
0.3887309 -1.0569261 -1.5376630
0.1498473 -0.2273087 -1.5798726
0.8688292 0.3729267 0.4983717
0.8451871 -0.3340927 0.2645496
0.6562921 -1.8206279 0.2557778
0.3517305 -0.3937300 -1.2093310
-0.3271812 0.4872116 -1.4486897
1.0973198 -0.3134567 -1.2073579
0.6662064 -0.8113656 -1.3434490
-0.1498627 -0.4167877 -1.9351586
1.4668604 0.1153669 1.3256481
-0.0050775 -0.7431345 -0.0691492
1.4332567 -0.3013547 0.8764229
0.6527194 0.7031037 -0.1823045
1.0567368 -0.2281526 1.1156147
0.4412391 -1.2157784 0.2233636
0.6946440 0.3515860 -0.6440123
1.3175180 0.5846472 -1.0142655
0.0590489 -0.3985163 -1.3418708
0.4039913 -1.0619708 -1.5755687
0.9735980 -0.2627559 0.8902193
1.3721331 0.0822181 0.3231674
0.3896778 -0.5584248 0.0700398
0.8591077 -0.4470152 -0.5448941
1.2664671 0.7480136 -1.1544762
0.5380137 0.0851974 -0.6447572
1.1184571 0.1035530 1.6195621
0.6731793 -0.4687693 -1.2884985
-2.0335152 1.1347479 -2.8514161
0.8460835 -0.1408175 1.1108443
0.4998025 -0.4379395 -0.5718039
1.2978040 0.5654203 -2.0708978
0.9501397 -0.1700933 -0.1704507
1.0445758 0.6019416 -1.2038562
1.2371945 0.1026321 0.4649215
-0.2818639 -0.6363462 -2.8208079
0.8812194 -0.5692753 -0.7577053
-2.2212842 1.0490445 -2.8119557
1.2298498 0.6068957 -0.8641817
1.5562212 0.2937753 -1.0195166
0.7580208 -0.3933913 -0.8871350
0.4395981 -0.3811145 -0.7931463
0.1268221 -0.2132874 -2.0529542
1.0267766 -0.3592598 0.1238280
0.3345862 -0.8637114 -0.0102195
0.6665581 0.2426968 0.7163903
0.6716554 1.1516244 1.6511074
0.5401508 -0.5534125 0.4891144
0.7156374 -0.4102435 -0.8714137
-0.9867774 0.3354856 -2.3615890
0.6950402 -0.3565137 0.7321032
0.8742568 0.4469188 -0.8012179
1.3559877 0.0372053 1.0144000
0.3839254 -0.0329332 -0.8362162
0.9481796 -0.6256962 0.4954550
1.3072759 0.0420300 -1.1203340
0.1355447 -0.2966921 -1.4873060
1.3373308 -0.1340090 0.5806210
0.7246216 -0.6042446 -1.1987748
-0.2309036 0.2968756 -1.9122016
0.1036479 0.3726938 -0.9274082
1.2392170 0.0100477 1.1513468
0.4646682 0.1824187 -0.0823438
0.8224856 0.3314629 -1.2166909
1.4584030 0.1765422 -1.5408338
0.0191841 -0.2116646 -2.0198596
1.3622466 0.4608938 -1.4605871
1.3872722 0.1825492 -1.5573519
0.9824656 0.8246374 -0.7296573
1.0247593 -0.3585864 0.1311069
-0.9920710 0.3215408 -2.5334337
-0.1086473 -0.8724020 -2.9882016
0.6587315 0.7339562 -0.3024966
1.0203286 0.1362204 -0.1434896
-1.2550789 0.4674449 -2.5107651
0.8351766 -0.3630861 -0.9298686
0.7756127 0.6840363 0.0530129
0.5822546 -0.4110743 -0.3969693
1.1690378 -0.4125994 -1.3748151
1.2462168 -0.4112530 1.0927595
1.4775718 -0.2670799 1.1930655
0.2178618 0.2077945 -1.3809092
0.9077121 0.3279714 -0.1007690
1.0074921 0.4335055 -0.6320515
0.9968720 -0.2438528 -0.5385128
0.7863987 0.1363895 1.1198076
0.7965775 -0.6475464 -1.2126296
0.7582147 0.6453800 0.1642054
1.4956290 -0.1358034 1.2296407
0.3324952 -0.5422405 -1.5389173
0.6055729 -0.3983680 -0.6071310
0.9820317 -0.0894455 1.2091826
0.7207851 -0.0094541 1.1447070
-0.1287783 -0.3736064 -1.8590416
0.7421514 -1.3348094 0.5264449
0.9504835 -0.3280821 0.4846878
0.9970388 0.6228679 -0.4164639
-0.3192553 0.4421963 -1.9971299
0.2436340 -0.7204829 -1.8762865
0.9146001 0.5180170 -0.8081226
0.5361261 -1.2146239 0.2645706
1.0708061 0.5219187 -0.7335397
0.5159313 -0.9677847 -1.3184254
0.8991266 -0.5122349 -0.9467711
0.0323151 -0.9239715 -1.5869429
0.6213184 -1.2039019 0.4330449
0.8026093 0.4281664 -0.0476696
1.3990372 0.7154934 -2.5355737
1.1203271 -0.2714017 1.6331199
0.4863957 -0.8060219 -1.0719777
0.3687713 -0.9738287 -1.2907319
1.3942993 0.6140734 -0.9695183
-0.1898742 0.3731658 -1.3289640
0.1104606 -1.1191320 -1.6363382
-0.0514773 -0.6316439 -2.3319042
-1.0532669 0.5215495 -2.5404003
0.4531749 -0.2759696 -0.2077115
-1.2589695 0.6003615 -2.6295595
1.5805757 0.4829733 -1.3658544
0.7283875 1.7897539 1.9900627
0.7025775 -0.2858759 -1.1508712
0.3496423 0.3754858 -0.8140593
1.0312645 -0.1768707 0.0142282
-0.5088645 0.2160473 -1.9626627
0.1555045 -1.1645734 -1.5819268
0.1912348 -0.9545205 -1.3596550
0.5308592 0.2271451 -0.4408367
0.7590805 0.5449305 -0.1460669
0.7773497 0.4164809 0.5754724
0.1222144 0.2133709 -0.9702603
0.6775981 1.0255457 1.6592051
1.4506190 -0.2781303 1.2986898
1.4126327 -0.1017373 0.5700853
0.3825463 0.4589457 -1.0977176
-2.4841075 1.2803833 -2.6527290
0.4931937 -1.1466779 0.3474159
1.3776098 0.5324157 -0.8955827
0.6213213 -0.7171199 -1.5852913
1.4064599 0.4890013 -1.2179662
0.4729185 0.4111422 0.3045850
0.4635419 0.2185441 0.3121234
-2.3169408 1.0608453 -2.7535627
0.5297211 0.3158871 0.7966448
0.9761007 -0.5798784 0.2686141
-1.6406863 0.6537937 -2.7197578
-0.2101682 -0.4466683 -2.6987333
0.1242149 -0.2319254 -1.6802737
1.4855794 0.1268608 1.1869218
0.2119287 -0.6465399 0.4174428
0.7311433 1.9996953 2.0723984
0.7171023 2.1605146 2.2341998
1.3257474 0.3798689 -2.1256788
0.3088723 -0.2339127 -0.0881260
0.9360898 -0.3224345 -1.0032070
0.2415850 -1.1845560 -1.5950931
1.1252719 -0.1692579 -0.4881658
0.8890179 0.7709918 0.1986650
1.4161906 0.5163738 -2.4683352
0.2361100 -0.2221873 -1.1349757
1.4058597 0.2314991 1.2581599
0.6679251 1.7371225 1.9910052
1.3654891 0.5577194 -1.7058532
0.2501057 -0.2678416 -1.2356626
1.3985391 0.5744061 -2.6608143
-0.0058596 0.5435317 -1.4118516
1.5907512 0.3876366 -1.6913561
0.1156222 -0.5423428 -0.1356045
0.7261670 0.7031064 -0.4809267
1.3381118 0.0702379 0.6724359
1.0021261 0.4546907 -1.0060303
1.2984835 0.3564366 -1.4376647
0.8494254 0.9021913 -1.1362380
1.0586437 -0.4458203 -1.0114089
0.0294692 -0.6985049 -0.2755930
1.0751305 -0.4848225 -1.4969155
-0.6568075 0.3785468 -1.9967895
0.6600761 0.8033665 -0.0828801
0.7277926 -0.2408776 -0.5894894
1.4577417 0.3684714 -1.0285302
0.4821713 0.3506131 -0.7620148
0.7158644 0.9544170 -0.1464370
0.7619646 -0.4289386 -0.9509991
1.0845236 -0.5476135 -1.5956265
1.3945713 0.0734052 -1.4145173
0.1157487 -0.6781120 -1.2803903
1.3402001 -0.1046285 1.1221846
0.5688138 -0.5853708 0.3409472
0.3681355 -0.1057196 -1.1614470
0.4941048 -1.0886282 0.2151072
-0.8722315 0.2671952 -2.4261682
0.6762050 0.3010356 1.2811604
0.8620390 0.7878465 -0.0794217
0.2906306 -0.6996048 0.3192552
0.3750492 0.0558712 -0.7244589
0.7426659 0.3772312 -0.7325048
0.1016789 -1.0964911 -1.5479094
0.6904527 0.7479563 0.2132052
-0.5953498 0.2200144 -2.1539981
0.5026690 -0.0767547 -0.9370255
0.5318602 -1.0900346 -1.6389914
1.5122161 0.7366929 -2.6310422
1.1706690 0.3810525 -0.8820633
1.0307285 -0.2712316 0.8489435
1.3652301 0.1300316 -1.5268525
1.0078293 -0.0805421 -0.3520391
1.3066491 0.1880307 -0.7953526
0.7266253 1.6863651 1.9659766
0.6713433 -0.5633237 0.7664337
1.2983657 0.4816151 -1.6517521
0.8419676 -0.0634939 1.1699297
0.5898898 0.2886381 -0.6975717
1.1317155 -0.2290794 1.6515108
-0.0077625 -0.2438008 -2.0576084
0.6997753 0.3348066 1.2271422
0.2547810 -0.1500741 -0.0472827
0.4811104 0.4096830 -1.0134647
1.5817193 0.0599802 0.8370951
1.3812636 0.2963676 -0.7879936
-0.0659765 0.3803693 -1.1597024
0.3970375 -0.7184148 -1.0632436
0.4513112 0.2925607 0.7003938
0.5676988 -0.6301826 0.1340046
1.2749931 -0.2413797 -1.2992926
1.0965792 0.5684460 -1.2100102
1.4590061 -0.2984879 0.8573267
1.0952483 0.1371154 -0.0087814
0.1540990 -0.1741786 -1.4502727
0.7148074 -0.0112700 -0.6859913
-0.1753658 -1.0761539 -2.9640808
1.3528341 0.4858910 -1.3063750
1.0144730 0.1466038 -0.1832742
0.3663529 -0.0689327 -1.5445080
1.1464034 0.3074897 1.1017250
-0.2204284 0.2731987 -1.8752288
0.8745850 0.8386053 -0.6654553
1.4856422 0.4098648 -0.9539555
0.7398274 -1.7883627 0.1252736
1.5734750 0.0229743 0.8834010
0.6527299 -0.8528966 -1.2371550
-0.3008106 -0.7604426 -2.9118044
0.6017388 0.1596245 -0.9915667
-0.0765501 -0.7042624 -2.7864084
1.2831506 -0.2518884 -1.3572634
1.0072147 -0.2978712 -0.5247408
-0.1648656 0.3088347 -1.3432438
-1.9930267 0.8681223 -2.8798864
0.5383151 0.0242842 -0.6112502
1.1957572 -0.1005628 -0.8700031
0.4699944 -0.9547720 -1.6968106
0.7068334 -1.3956456 0.3648510
0.8397781 -0.1092834 1.1296803
-0.2284990 -0.6376512 -2.9688857
0.3133614 -1.0389861 0.2234172
-0.2751625 -0.7180334 -2.7907164
0.6737475 0.2893882 -0.5465446
1.5361056 -0.2552004 0.9418510
0.5161147 -1.1161615 -1.6726365
1.0534822 -0.5541103 0.1387107
0.2548153 -0.6282930 0.4577585
0.7306259 -0.6735632 0.8651252
0.4830450 0.3528658 0.4899584
0.4668529 -0.1151336 -0.9164326
1.0199810 0.4758758 -1.3093499
1.1758934 0.7232677 -1.2171173
1.2016345 -0.1173339 -0.8624659
1.4065557 -0.0069308 1.3787884
-1.2639538 0.5266231 -2.4923823
0.9549153 -0.4714765 0.3003139
0.6741866 -1.3507000 0.4450423
1.1352732 0.1999328 -0.5890947
0.5532534 -0.2470706 0.7349492
-0.1201269 -0.6432706 -2.9736357
1.3595787 -0.3344761 1.3488408
0.8884634 -0.3529750 -0.4519016
0.2824660 -0.6970947 0.2383668
0.6542334 0.2890470 -0.9479821
1.4537561 0.5088087 -1.4403369
1.0190971 -0.2279061 1.2275649
0.6554919 -0.1276361 0.7631669
0.7272781 0.1108622 1.1748495
0.9206319 -0.6240667 -1.5244408
0.3710373 -0.6414284 0.1300985
-1.8306905 0.8091718 -2.6769724
0.1454077 -0.6481693 -1.8437337
0.4922442 0.0122364 -0.7938561
0.7981873 0.4556584 -1.0787464
-0.2734685 0.4675380 -1.4432778
0.6883600 -1.6383976 0.2225692
0.6699380 0.1371717 1.1703452
1.0272621 -0.5039903 -1.4478277
0.9570873 0.6622971 -0.0480722
0.5935230 0.6314971 0.3309442
0.3092444 -0.0916770 0.6671137
1.0750430 -0.0298974 -0.7145711
1.0364733 0.6346325 -0.8568988
0.8126556 -0.1869583 0.8464923
0.8158307 0.4007008 -1.1023861
0.3391350 -0.2457861 -0.0392521
1.5187939 0.8286468 -2.7723916
0.4846239 -0.7527259 -1.1031028
1.3932962 0.3522138 -0.8553646
0.4460051 0.0015676 -0.3704533
1.0503514 0.5433789 0.2709991
1.3895520 0.1957606 -1.5020221
-0.0396411 -0.7929770 -2.9787734
0.4005114 -0.6769623 -1.8378894
0.5124386 -0.3890300 0.7093072
0.4896375 0.0369919 -0.9967318
0.2227641 -0.5926638 0.1724695
0.6060342 -0.0704530 -0.6566011
1.4031068 0.1021485 0.2619912
0.2451210 -0.3197390 0.0976359
1.7967089 0.8511666 -2.9779572
1.1080955 0.6197729 -1.3300740
0.6596630 -0.7305351 -1.1601968
1.0975726 -0.5250441 -1.6367629
1.0752124 -0.2075182 0.1172460
0.8654518 -0.3373553 -0.4411188
0.6615757 -0.4444453 0.9423084
0.3846599 -0.0867360 -1.5366796
-1.1049937 0.4695044 -2.4348183
0.1722081 -0.4046734 -1.8809888
1.9232656 0.6311860 -2.9272013
0.6720926 0.4150294 1.2792109
0.3357068 -0.5337496 -0.9025040
0.0801163 -0.9537137 -2.8702507
0.8558081 0.0568159 -1.0419229
0.7047514 -0.7411836 -1.2832925
-1.3642704 0.4591869 -2.5994709
-2.0924122 0.8241671 -2.5786462
1.6235532 0.8182870 -2.8475089
1.2641839 0.1738665 0.9112890
0.9009538 -0.5687456 -1.3451488
0.8106400 -0.1416202 1.0413703
0.4144248 -1.0238203 -1.3556185
0.1871654 -0.5295532 -2.2417908
0.0491788 0.4462200 -1.1201036
0.2580246 -0.1666801 -1.6670249
1.2186114 0.0193475 0.0005280
-0.1317622 -0.5208780 -2.5217626
0.6482650 -1.2374055 0.5540074
1.4867626 -0.2675926 0.8209706
0.1952552 -0.7639665 -1.5717267
-2.4061849 1.0666124 -2.7184424
-0.3915754 0.4971847 -1.9658594
0.3584514 -0.0614147 -0.5785449
1.0860965 0.4698970 0.3574227
0.3702645 -0.2960008 -1.0443622
1.4447592 0.4246000 -1.0939683
0.7218937 0.7902779 1.5204432
1.6188302 -0.1991650 0.6894207
1.1713897 0.0921237 1.1084657
1.1189312 -0.1412298 0.3533742
0.4731424 0.0182610 -0.6649056
0.2867073 -0.7259388 -1.5458655
-0.9803225 0.4503918 -2.2562551
-0.0681776 -0.5432758 -1.6322166
-1.5227579 0.6881141 -2.6259599
1.1255223 0.0236048 1.2117039
1.3072755 0.0141505 0.0867776
1.3648858 0.6993276 -1.0131791
0.9558859 -0.6322414 0.4604127
0.8904520 0.5199476 -0.9006118
-2.3820703 1.2297527 -2.7188120
0.2285206 -0.7349767 -0.0632205
0.8159243 -0.5192043 0.1350337
0.6989371 -0.2198009 -0.5001723
0.5550945 0.3204356 0.5217297
0.2482039 -0.0943359 -1.8661656
0.1481624 -0.5189757 -2.3490663
0.7139694 0.9746863 1.6612457
0.5816582 0.5467770 0.2265894
0.9769945 0.7430549 -1.0203893
0.5339891 0.5417747 0.1086023
0.3305115 -0.3770823 0.0897080
0.7141109 0.6143953 -0.0880546
1.0570134 0.5739113 0.3653863
-0.2431180 0.5265145 -1.5766163
0.7308733 -1.2162557 0.4770910
0.3477402 0.0082792 -0.9005847
1.0161755 -0.5394582 -1.2435780
0.5301554 -1.2733238 0.3765080
0.2208875 0.0968832 -0.9133216
-0.2461317 0.3088364 -1.4800003
1.1709900 0.1216164 0.1162761
1.1203225 0.1322246 1.0661161
0.7200265 -0.6089481 -1.0899384
0.7756969 0.2852072 -1.1048161
0.9673806 -0.1845214 -0.0276577
1.4208210 0.1119538 0.7483334
0.4502143 0.1919571 0.1173013
0.2699815 0.3309698 -0.6323739
0.8739418 0.8250470 -0.5001289
1.4145616 0.5276520 -2.4874017
1.0430437 -0.5552302 -1.4572831
1.3526303 -0.0749805 0.1471689
0.2391026 -0.8435389 -1.3162287
1.3797641 0.5435731 -1.7721210
1.4348965 0.8290202 -2.9800594
0.5850715 -1.0331450 -1.7777776
0.3847769 -0.7098773 -0.9727129
0.8741312 0.5389563 0.5100416
1.5147256 0.3003308 0.7743384
0.0300351 -0.7955543 -2.8825839
1.1543255 0.5190735 0.3208824
0.2475315 -0.1372406 0.0756564
0.7097151 0.1339673 1.2440161
-0.4958439 0.4674172 -1.8866956
0.6120626 -0.5138523 0.0859270
0.9222553 0.6674215 -0.0685358
1.2651697 0.4168519 -1.8686688
0.9545585 0.5524722 -0.9196783
0.0344765 0.1435598 -1.2117810
1.2903032 0.6070659 -2.6426296
0.3772908 -0.3084522 -0.2518087
0.1459585 -0.4061614 0.2539566
-0.1677669 -0.9632323 -2.9842277
0.4846392 0.2413487 0.1859362
-1.9484359 1.1849777 -2.7469451
0.8303928 0.3048491 0.5703309
0.7952734 -0.3123228 -0.1861213
0.6960427 0.0687622 1.0739164
0.7074617 -0.4604553 -1.2125154
1.4166847 0.6091784 -2.1156020
-1.9100943 1.1423236 -2.5849180
1.5118861 0.1237982 -1.1081548
1.6058414 0.7540818 -2.9707875
1.1669029 -0.2373020 1.0945174
0.3053891 -0.2302178 -1.1125101
-2.1579502 1.2190634 -2.5787990
0.8982220 0.3117160 -0.1825569
1.1912558 0.0204434 0.2270388
1.5260512 0.6636869 -1.0976683
1.4418346 0.1062668 0.7874724
0.0977145 -0.8631794 -1.4430299
-2.2212174 0.9251516 -2.8352807
0.6365726 -1.3402163 0.3257142
1.4797899 0.4460961 -2.1615469
0.7909399 0.0481348 1.1330738
1.3988961 0.6946250 -2.4381433
0.2027458 -1.0819968 -1.5561382
1.3927890 0.0729119 -1.4231795
1.5094755 -0.2246040 0.6328346
0.7280086 0.1186514 1.1571335
0.9868921 0.2090321 -0.1964912
1.0579119 -0.2013525 -0.4689550
0.7713494 -0.3680219 -0.8616421
1.5021182 0.6031493 -2.9252641
1.6165297 -0.0235734 0.8656884
0.4759363 -0.4210403 -0.1105833
0.9784582 0.3177398 0.1493534
1.5669312 0.1552614 -1.2146754
0.8853431 0.8018109 -0.2473850
1.2996761 0.4809087 -1.8319957
0.2195709 -0.0846716 0.1492791
0.6871103 0.8049158 1.5856186
1.4006873 0.6974635 -1.0336072
1.2998244 0.1734531 0.9909754
0.4069026 -0.3826565 -1.2904537
-2.1695304 1.0931690 -2.5356593
-1.5685452 0.7318675 -2.7597022
0.0683787 0.4315890 -1.0321696
0.5118459 0.2397798 0.1449148
0.0942750 0.4637828 -1.5271535
0.6376336 0.5216004 0.2670251
0.3860424 -0.1547098 -0.6216142
0.5190932 0.3197477 0.0393636
0.2620644 -0.9810379 -1.4121194
0.9926295 0.7739601 -0.9790323
0.9854793 -0.2575413 0.0993500
0.1013956 -0.4845279 0.2697476
1.0293961 -0.4526634 -0.9670655
0.6244586 0.2637505 -0.3873153
0.6710317 0.4977252 0.2973572
0.3591855 -0.3836662 -1.2182373
1.2379769 -0.2524911 0.9613269
1.5367130 -0.2411026 0.9327455
0.9073285 -0.2222806 -0.2087892
-1.2229419 0.5280376 -2.6824791
0.6929392 0.1869347 -0.5006104
0.3584337 0.0844989 0.4631009
0.6732500 -0.9994734 0.6223057
0.7080318 0.7677578 1.5768321
-2.1907513 1.1487929 -2.5095334
1.3032794 0.4161949 -1.4750082
1.2592807 0.3791991 -1.3211727
0.0969219 -0.5785503 0.1155481
-1.9130056 1.1699289 -2.7437716
1.5448709 0.0876475 1.0700190
0.7353231 -0.6275501 0.6357015
0.6803727 0.3859160 1.3291608
0.2475480 -0.2264443 0.4578886
0.1746417 -0.5843141 -1.1663523
0.6067863 0.3623634 0.5993322
1.4270759 0.8103311 -2.9764600
1.0283469 -0.0561110 -1.0594307
0.9077924 0.3285909 -0.1548106
1.1229438 0.6805761 -0.8688685
0.3048258 -0.2113667 0.6693643
1.2847118 0.5782055 -0.8574722
-2.1625292 0.8759148 -2.5745242
1.0459397 0.2558997 0.1366532
0.5644193 0.2038479 -1.0702468
1.1378903 0.1019253 0.5364047
-1.2306628 0.4025588 -2.5254910
-0.0343624 0.2026006 -1.2312739
0.3717209 0.1499495 0.2380100
0.2318136 -0.8015475 -1.2662277
0.7632944 0.7865930 -0.2333808
1.5233727 -0.2500855 1.1839379
1.4503772 0.0698505 1.1356937
0.6861309 2.1642892 2.2930574
0.1162822 -0.8132531 -1.4211732
0.1072778 0.5280489 -1.3416128
-0.0837941 -0.4767464 -2.6015978
0.8280644 0.4508857 -1.1128157
0.6939647 0.3667452 -0.6606531
0.6956472 1.5539424 2.0136812
1.9833064 0.8502485 -2.9738181
0.7326676 -0.5008433 -0.5584028
-0.0901968 -1.1352000 -2.9224544
1.2115173 0.3850614 -0.7392730
0.5216060 0.0472369 0.7586368
0.6032552 -0.5122578 0.2283963
1.1545261 0.1170827 1.7226313
0.4260345 -0.3388277 0.0089079
0.9805749 -0.6075970 0.3432235
-0.0083465 -0.9370472 -2.8967276
-0.0911443 -0.5846920 -2.3616023
1.0329595 0.4604451 -1.2946237
0.5520105 -0.6423484 0.1660924
0.7126217 2.2953627 2.2907948
0.7145872 0.6387758 -0.3146889
0.8931363 0.4217350 -1.1832519
1.3855765 0.3274116 -1.8850852
1.1174240 0.0104257 -0.8042070
0.2861925 -0.1029014 -1.9854298
1.2927953 0.2789224 -0.6860981
1.4039626 0.2958278 0.6536533
0.2468291 0.0571838 -0.9369397
0.7257536 0.3468587 1.2595303
0.4150215 0.1035479 -0.5397997
1.0526247 0.0143965 0.4050082
0.6740660 0.5390168 0.0267687
0.4120850 0.0827468 -1.1199036
0.9019681 0.1170264 -0.3985941
-2.2118342 0.8667156 -2.6555943
0.9664792 -0.3992372 -0.7518721
0.0526714 -0.3445671 -1.4649030
1.6288257 0.2224537 -1.2478757
1.1134663 0.0401314 -1.2137500
1.2640556 -0.3640369 -1.4909537
1.2872181 0.2997836 -0.6766017
1.4770052 0.2661644 -0.9218953
0.0702051 -0.5240853 0.3119852
0.5040863 -0.8465158 -1.2221456
1.0322009 0.1081392 1.2226624
1.6659220 -0.0362655 0.5490166
0.4900500 0.3375964 0.7622250
0.8610964 -0.2889666 0.2773947
0.8917640 0.3741244 0.1265558
-0.1425096 -0.7585035 -1.7602185
0.8607520 0.3361119 -0.5671674
0.3990710 0.2146007 -0.5953121
0.3107452 -0.8737473 -1.4193704
0.9990295 0.1271765 -0.3377227
0.7736129 -0.4149925 -0.6580530
1.4657272 0.4868573 -1.0430923
-0.3028387 -0.7373565 -2.8703978
-0.0692967 0.5381812 -1.4345925
0.4809944 -0.9273588 -1.4089068
0.1602989 -0.4808088 0.1493047
0.9161589 0.5970702 -0.2910682
0.1276400 -0.4120696 -1.3255367
0.1625556 -0.5431430 -1.1747446
0.4844910 -1.0411495 0.2017139
0.7388157 -1.3149375 0.5201078
1.1985952 0.0839648 0.0310917
0.8933539 0.7256943 0.5101453
-2.5504541 1.1635371 -2.6337094
1.3683035 0.4633345 -1.1568223
0.1532558 0.2228891 -0.9238300
0.6817467 0.7442607 1.5282925
1.2187530 0.3055137 -0.8479759
0.9748630 0.1502696 -0.0966578
1.1679783 -0.0110691 0.0895467
0.6578290 -1.6353455 0.2823296
0.2275298 -0.5785212 -1.1969941
1.7258118 0.7296810 -2.9743190
0.7336830 -0.3270487 0.9853312
0.1620681 -0.1168307 -2.0636530
0.4616783 -0.6143930 -0.8687010
-0.6026092 0.4227782 -1.9053160
1.0932080 -0.3070680 1.6907768
0.5974935 -0.4704924 0.1092146
1.3010769 0.1493711 0.9240251
1.0711335 -0.2225379 1.1235297
1.0498371 0.2084290 0.5902728
1.1651046 0.2542211 1.0674065
0.3137746 -0.8070089 -1.4053749
0.5532672 -1.1365048 -1.7826329
1.3002791 -0.1561264 0.6072254
1.1875039 0.0800083 -1.2862384
1.0749458 -0.2638182 -0.7544922
0.5380587 -1.2048503 0.2842553
0.6818802 -0.9364725 -1.7354095
-0.1092825 -0.7851551 -1.6381396
0.9161623 -0.7049690 0.7455414
0.3338597 -0.8440259 -1.6892256
1.0768601 0.2877421 -0.6055707
-0.3452573 0.2184004 -1.8086746
1.0626719 -0.2490754 -0.7266400
0.6813492 -0.4366446 -0.0129176
-0.6821983 0.2374524 -2.2980008
0.3735236 -0.4039969 -1.2724410
0.5835609 0.2735931 -0.6675578
0.7807462 -0.7592559 -1.3952512
0.2005168 -0.2750515 0.3125266
0.2255378 -0.9586740 -1.4225563
1.3182583 0.7553361 -1.1065019
0.9098743 -0.5663331 -0.7561505
0.6129491 0.3552230 0.7499301
-1.5728961 0.7718389 -2.7157023
1.1941198 0.6721528 -0.9057745
1.2490565 0.1484048 0.5067232
0.0637521 -0.8636032 -1.5120389
1.2367992 -0.1692328 0.1355160
0.1475413 -0.2069728 -1.3664882
0.9810660 -0.4036773 0.3586163
0.8638330 0.0459045 -1.0488383
1.3715749 0.7289227 -2.8484173
0.6451337 0.5638303 0.0966091
1.4764799 0.3170460 0.7360342
0.1375180 -0.3425438 -1.9639348
1.2126473 -0.3584926 0.9462671
0.4966999 -0.0465583 -0.5279784
0.4522960 0.0422142 -0.6950389
0.3005821 -0.4524026 0.1054469
0.8574180 0.9099669 -1.1492909
1.1677188 0.5188150 0.2942509
0.0290944 -0.5115781 -2.0589328
0.4068201 -0.4844359 -0.8758004
0.4214534 -0.4658028 -1.8331814
-2.3452723 1.2476636 -2.6991622
0.2565273 -0.7877334 -1.5769093
0.8069176 0.3398173 -1.0225955
0.6926064 0.4939070 0.0034163
1.4640229 0.5058165 -2.0479350
1.4387211 0.4798125 -2.3990724
0.5250725 0.5274860 0.5721390
0.2913165 -0.3825467 0.5940090
0.1495118 -0.5032207 -2.3410432
-1.2986894 0.4218999 -2.6255398
0.8686076 0.7903903 -0.1047351
-0.0013326 -0.4277975 -1.4593379
1.1763147 0.0209431 -0.8455674
0.9948982 0.7949651 0.1900066
1.9355416 0.6183684 -2.9207697
0.4852216 0.3254192 0.4979217
0.7537469 0.9320202 -0.0327323
1.2684854 -0.2476720 -1.2769320
1.2159163 -0.3336258 -1.1986625
1.5410751 0.8128377 -2.7977152
0.7146344 0.1414820 1.1197609
0.7427571 -0.3431686 -0.7999338
0.3839944 0.4520991 -1.1257670
1.0619738 0.6804351 0.5102187
1.4764143 0.1562015 -1.0242897
-0.8545238 0.2426992 -2.3599148
1.5223635 -0.2338462 1.1879038
0.0641583 -0.6007645 -2.4698255
1.4652163 -0.0111075 0.9822456
0.8910526 -0.2499665 -0.3677147
1.0701010 -0.2238766 -1.0147280
-0.1398515 -0.3854308 -1.9499705
0.7364959 -0.5628235 -1.0535926
0.9664046 0.4290103 0.0027180
0.5020219 0.2425543 0.2774499
0.4977855 -1.1072631 -1.6451483
-0.0105683 -0.4957528 -1.5568551
0.9950120 0.3085535 0.5256814
1.0386341 0.3210452 -0.5340921
1.2233754 0.2193225 -1.3859226
-2.0872023 1.1746753 -2.8849163
0.8971654 -0.1624125 1.1587588
0.7066941 -1.0288273 -1.8349220
0.2993860 -0.9423519 0.2280360
-0.0735833 0.5135602 -1.6823554
0.0612139 0.4557200 -1.1350169
-1.7050622 0.7067952 -2.7326698
1.4944302 0.8633626 -2.8090568
0.5164296 -1.3717023 0.2924004
0.9932015 0.5910562 0.0551857
-0.3111420 -0.6806006 -2.8871632
1.4234424 0.3935628 -0.9815735
0.4426529 0.0562238 -0.6192620
0.8062844 0.0011710 1.3433380
-0.1680889 -0.7957669 -1.7510507
1.7726949 -0.0823227 0.5371790
0.7032029 -0.4589129 -1.2220142
0.2328953 -0.3048123 0.1127208
1.2167615 0.3306449 -0.7094096
0.1884615 -0.3338565 -1.1169670
1.2319416 -0.3725184 0.8692469
0.7160352 2.2124903 2.2506404
0.8325792 0.6130465 -0.4175483
1.5077932 0.8045382 -2.7211561
0.0945725 -0.5671004 -2.0236309
1.6821244 -0.0183508 0.7819902
1.1893098 -0.2828496 0.9368449
1.4896131 0.6269812 -2.2946701
0.2651594 0.0637187 0.3353023
-0.2758237 0.3284538 -1.9806099
0.9152869 -0.3540246 0.5730702
0.9749898 0.7301422 -0.6561133
1.1535454 -0.5145230 -1.6568388
0.6849533 0.5431396 0.4836166
1.2948157 0.1251794 0.1756434
1.0881647 0.5045862 -1.1449325
-0.1349580 -0.5069639 -1.6956369
0.7213541 0.3825055 -0.9672421
0.4112971 -0.6415300 -0.9859016
-0.3746440 0.4982459 -1.9523379
1.4385064 -0.4598950 1.2173723
0.7221573 0.1116449 1.1971767
0.5873072 -0.3986603 -0.1317463
1.2005470 -0.0384912 0.6754857
0.1303343 -0.8131974 -1.2939817
0.5044566 0.4003411 -0.9463900
0.5469899 -0.6993217 0.3219599
0.9983011 0.2808619 -0.1378166
0.0666268 -0.2911978 -1.6627748
0.5597519 -0.5320379 -1.5908540
0.9225767 -0.4274491 -1.1480439
0.1120605 -0.5258682 -1.2459207
0.4282090 -0.0868778 -1.2798008
0.9090521 -0.5851237 -1.2372537
1.1194092 0.2239608 1.8244390
0.3355731 -1.1698178 -1.5774772
1.0549740 -0.2973750 -1.1103977
0.6956093 0.4219354 0.0211798
1.1314931 0.1404323 1.7374126
1.2139196 -0.3946820 -1.5087552
0.5533279 0.2273576 -0.3702688
0.0819766 -0.1843758 -1.8018837
1.2304599 -0.3644620 1.0335052
0.5812179 0.4944149 0.2017906
0.9873700 0.1174217 0.7216409
0.6811663 0.5235140 0.2151462
0.5934164 0.6157546 0.2564508
0.6215297 0.3431980 0.8239155
0.7178245 1.3256804 1.8285778
1.3343337 -0.2717216 0.6912800
1.0978816 -0.1702038 -0.4730952
1.4048202 0.5006491 -0.9048666
0.3595378 -0.7067691 -1.0790721
0.2255109 -0.5459364 0.1031952
1.5739969 0.4694515 -1.5550544
0.7355160 -0.8667455 -1.4633145
0.9994143 -0.1523280 -0.0520794
1.4611008 0.1034519 1.2656677
1.2110521 -0.4395571 -1.6042993
0.4574780 -0.1348402 -0.9167498
1.4955637 -0.2509363 0.7432362
0.8461606 -0.7040901 -0.8755614
0.6721644 -0.6795372 0.9390694
1.6649299 0.4377916 -1.3719884
0.6802297 0.8301993 -0.2966584
-0.0230468 0.5374721 -1.3856993
1.0688542 -0.3845420 1.8215072
1.0833091 -0.4179769 -1.3466995
0.7442716 -0.7826209 -1.4448785
0.7140180 0.3929729 0.9195475
-0.0474221 -0.4857029 -1.4582102
-0.2019672 -0.8741462 -2.8492427
1.3277190 0.0112124 -0.7222104
0.5140776 0.1027299 0.7209398
0.5112365 -0.5940199 -0.8391169
0.5921991 -0.4064419 -0.6683595
1.1653286 -0.3245463 1.0335028
-1.5165516 0.7154912 -2.7422986
0.7177395 -1.0264708 -1.8730441
1.2738198 -0.3298446 0.8194901
1.6729707 -0.0207506 0.6005509
0.8233092 -0.5035487 0.1371726
0.7027362 -0.7594303 -1.1098148
0.9892919 -0.4147393 0.4907282
1.0052531 -0.1721340 0.4792660
0.5212940 -0.4452226 -1.5664694
0.7009953 0.3286156 0.6070023
0.7611275 0.9284416 0.0177532
0.3191119 -0.5901653 -1.2101033
-1.2230856 0.5817580 -2.6049495
0.7626398 -0.4209970 0.3789887
0.4680533 0.4049265 -0.9017317
0.1693207 -0.7205614 -0.0172541
1.4506066 0.5590898 -1.3146789
0.9787058 0.1603952 1.1498333
0.3898366 0.0873506 0.5804232
1.4139774 0.0013183 1.0166490
1.1591054 0.1260783 0.1546342
0.7641010 -1.2820376 0.5262436
0.8414243 -0.4233076 -1.0354927
1.0988271 -0.0547917 0.0357509
1.1227517 0.1897672 0.1997851
0.0674536 0.2601857 -1.5093998
0.7324037 0.8336732 0.6383618
1.6120235 0.8912435 -2.9636662
0.4694103 -0.4836790 -0.0410735
0.1816332 -0.3429556 -1.1216338
-0.2559151 -0.5917127 -2.8135152
0.6862803 -1.1725574 0.4803262
1.2522146 -0.2012798 -1.1840639
0.8360007 0.3608235 -0.5831683
1.0948683 0.1932177 1.6773529
0.9969339 -0.0694466 -0.3306335
0.6674493 1.8487527 2.0604095
1.0037355 0.2900281 -0.8623781
0.7182009 -0.4121475 -0.6114261
0.7861412 0.2003299 0.8757477
0.3935939 -0.4483761 -1.4108887
0.3584754 -0.5733594 -1.1156772
0.5869758 0.8118638 -0.0076706
0.6562942 0.5748209 0.8518406
1.3389835 0.6550640 -2.3204727
-2.4566393 1.1874194 -2.6844840
1.1489888 0.0327709 0.3311258
0.8613023 -0.2540965 -0.0330722
0.3380075 -0.2824780 -0.8035645
1.4759650 0.0690992 1.0200253
0.7155506 2.2736163 2.2598488
0.8526753 0.6675727 0.2898864
1.3287114 0.1503761 0.9137040
1.0778849 0.5575593 -0.7456723
0.2453434 -0.4865066 -2.0302491
0.9133825 0.5553318 -1.0517699
0.6388422 0.4708752 0.3078016
0.7722858 -0.3989707 -0.4795087
0.0960104 -0.5825609 -0.1349638
-0.1750868 0.4571329 -1.2018967
1.1477059 0.6918522 -1.2502453
0.7714814 0.3044851 0.8102817
1.0151175 0.8075984 -1.2237259
1.2343465 -0.1948539 -0.9369319
0.7240085 -0.6210887 -1.2318667
0.3948383 0.1828596 -0.0562876
0.9313242 0.0906399 -0.3783363
1.7200030 -0.1380818 0.5634940
1.3019581 -0.3248515 0.9121639
0.4971205 0.4098335 0.1265087
0.5901257 0.3417959 -0.8447797
0.4993487 -0.0539184 -0.5272442
0.7656787 -1.1863768 0.4117407
0.4277234 0.1894540 -0.0289217
1.3607191 0.7499886 -1.1085972
0.6971003 -0.3287405 -0.3695432
0.8236966 -0.5873052 -1.0523099
1.1068443 0.6672690 -0.9871868
0.2150256 -0.5728138 0.1066774
1.2065649 -0.4668228 -1.5203377
0.2470129 -0.6659063 0.3829049
0.7281319 0.0908283 1.1541077
0.7472675 -0.3332465 0.9527789
0.7882837 0.9091558 -0.1512412
0.7285667 -0.4527177 0.2633303
1.1750984 0.1081122 1.6162052
0.8410740 -0.5818881 -1.0244527
1.1176021 -0.0028628 0.3243028
0.7470382 -0.6141652 0.3487515
0.7803746 -0.6644859 -1.1096364
0.9081042 0.8887388 -0.9689835
1.2014089 -0.0860144 -0.9599903
0.4305455 -0.6257541 -1.0196069
-0.1733844 -1.0794975 -2.9241486
-1.9009495 1.0985265 -2.8330653
0.8304322 -0.2063222 0.4845055
0.6479255 -0.5882267 0.6827925
0.4061064 0.1103702 -0.5662700
1.1354086 -0.4089852 -1.1042625
1.3954949 -0.2443270 1.3406038
0.9398535 0.0006296 1.2925732
1.1155498 -0.4281134 1.1950022
0.7862811 -0.6204875 -1.1846144
1.4723667 0.1397659 -1.5321463
-2.3830721 1.2684913 -2.6688039
0.2213679 -0.7637226 -1.7435445
1.0930144 -0.3766280 1.9028932
0.5939986 -1.0396129 -1.8293554
0.8161213 0.7297739 -1.2868816
-0.1482113 -0.7379981 -2.6865563
1.1625921 0.2122417 0.1905766
1.9618174 0.8461003 -2.9540389
0.8175140 -0.3593099 -0.2950026
0.4427784 0.1743151 -0.2548261
-1.8162183 1.0708066 -2.7515044
-0.1257696 -0.5691324 -1.5715160
1.1335973 0.4674979 -1.0552194
1.0863628 -0.0544650 -1.0628411
0.7984540 0.2785127 -0.9824156
0.6782053 1.9564714 2.1783502
0.8069404 0.1371935 0.9944925
0.2634622 0.1625822 -0.8072553
0.3482476 0.4725293 -1.0819402
0.7426024 -0.5761833 0.6507155
1.4069573 0.2355741 0.6959092
0.6815875 1.3535316 1.8537352
0.6501485 0.4286550 0.6460230
0.1287702 -0.2315958 -1.6471525
1.5836716 -0.1053621 0.9094924
-0.1713829 -0.7051268 -1.7690883
0.3209145 0.1291181 0.0360477
1.4293060 0.1839512 -0.9047321
0.5245034 -0.5957544 0.0169158
0.0879831 0.3513120 -1.5446558
0.2390416 -0.2895805 -1.0172826
1.0286700 0.5144340 -1.3201166
0.1561086 -0.7120862 -1.6976768
0.6474299 0.0628493 -0.5836056
0.5950405 0.5562066 0.3023206
1.3973225 0.5150079 -1.5607036
-0.4005445 0.2225868 -1.8383622
1.3397610 0.3792912 -2.0708811
0.4794175 -0.4341123 -0.0826068
-0.0217018 -0.9257981 -2.9497318
1.0155427 0.1466238 0.8005381
0.6351066 0.1776084 -0.4324858
0.9296513 -0.1796937 -0.3144167
0.0890281 -1.0032299 -1.5799993
0.2394008 -0.6119218 -1.5740327
0.9065960 0.2356886 0.7262220
1.1061926 0.1762198 -1.2647905
0.1181519 -0.3125001 -1.3317599
0.5806249 0.4230664 0.2916982
0.7067503 0.5356832 -0.0312326
0.8889056 0.7292678 0.1340394
0.4798464 -0.4764071 -0.8205759
0.5663810 0.2577376 0.7984031
1.1348158 0.2914064 0.2226316
0.9339696 0.6239111 0.3056411
0.2008346 -0.6327053 -1.5854964
0.2823071 -0.1425549 0.5070190
1.0544935 -0.0215547 0.2962153
0.8874032 0.1308344 -0.4203327
0.2261698 -0.7278827 -1.2530994
1.0112060 0.2394922 -0.4940010
0.9685698 0.0666335 -0.1597328
1.0921776 0.2973833 -0.6242007
1.0102262 -0.1865847 0.0181117
1.2598569 0.5420172 -2.0762296
0.6387749 0.2266710 0.7679991
-0.0864722 0.1905113 -1.4049054
1.8705302 0.7255613 -2.9736538
-0.0550532 -0.4942458 -2.2535055
0.9916259 0.1532407 -0.3262394
-0.2128720 -0.6809090 -2.6818011
0.6982864 -1.7469945 0.2906764
1.0523766 -0.2198276 -0.4675491
1.3391721 0.1898882 1.3308214
1.4617372 0.1449280 -0.8971393
0.6038535 0.2489301 0.9443801
0.9031550 0.4936768 -1.1358968
0.1896755 -0.2827706 0.4292304
1.0107018 0.3922166 0.4758554
1.2684478 0.5755736 -2.2000496
-2.3624401 1.1461954 -2.7105124
1.2703105 0.0719312 0.7241656
-2.5409839 1.2688353 -2.5622358
0.2448738 -0.5489616 -1.6533294
-1.4573281 0.5166097 -2.6380718
0.9706771 0.8277727 -0.6696329
1.0934122 -0.1439610 -0.9366284
-0.1201388 -1.0753292 -2.8893783
0.8550883 -0.7677111 -1.0359269
1.0315459 -0.4638649 -1.0128020
0.7698849 -0.1616479 -0.4915476
0.5828369 0.0751309 -0.6193458
0.9139003 -0.2116028 -0.3401692
0.4862944 0.0146525 0.7149302
0.3567301 -0.0778179 -0.9741843
0.6660811 -0.6510381 0.8563284
0.6195715 0.2182828 -0.9587569
1.1627162 0.7004822 -1.1996682
0.9212656 -0.6331234 -0.8030127
1.5969779 0.6053225 -2.8850770
1.0287747 -0.1823521 0.2864569
-0.2069418 -0.8849649 -2.9965496
1.1130193 0.0725962 -0.4794411
1.0623543 0.3243595 -1.1432033
0.4656165 -0.7817323 -1.7729795
0.3250826 -0.9632219 -1.3805200
0.9922948 0.2805310 0.1411992
0.2558637 -0.5020257 0.5792990
1.1699501 0.3646670 0.6765537
0.1709251 -0.3665734 -1.8732368
1.4709281 0.6328667 -2.1810374
1.1254808 0.2146186 0.2155957
-1.0224061 0.4324209 -2.6007817
0.4098985 -0.2665972 -1.1262820
0.8912554 0.4441362 -1.0050752
1.4356096 0.5396768 -2.5070581
0.8693792 0.8048549 -1.2955329
0.8079291 -0.4082551 -0.9730865
-0.1655432 -0.7010447 -2.6299219
1.6902263 -0.0855352 0.5011024
0.0523956 0.4597440 -1.5811299
0.5443798 -0.4473064 -1.6030654
1.1706294 -0.1328690 0.0343779
0.9166576 0.3266553 0.0470059
1.5373509 -0.2340816 0.9263219
0.3614514 -0.4235435 -1.0196857
-1.9666966 1.0738287 -2.8853195
0.7918869 0.8066192 -0.2322862
0.2210718 -0.6202617 -1.2181290
-1.9596131 1.1982589 -2.6502223
0.9982203 -0.1777926 0.1816021
-0.6299117 0.3406723 -2.3333902
1.1784259 -0.1435122 0.0505217
1.0702033 -0.1327163 -0.4668582
0.7733787 -0.4327693 -0.4439150
0.0511848 0.1365622 -1.3023481
0.7673620 -0.3285028 -0.8215478
1.4219052 -0.3782484 1.2523150
0.3205820 0.0545282 -1.1045536
0.3359120 0.3664873 -1.2972419
0.6354215 -0.9644911 0.7168072
1.4385521 0.5032282 -1.9792364
0.2851420 0.0396126 -0.9098411
0.2643893 -0.1717182 -1.4834909
0.8793147 -0.5544379 0.6200886
0.7391176 -0.3662972 0.9074299
1.1209384 0.1435957 0.8414668
0.6290422 0.2334206 -0.3809214
0.7169223 0.5839911 0.2675967
1.3395689 -0.4116853 1.2360387
0.7014020 -1.3708720 0.3630912
1.2379841 0.5336774 -2.2203290
0.9095509 0.1425438 1.0758178
0.6722834 0.7626138 -0.3350093
0.9157035 0.8557405 -0.6633434
-0.0338222 -0.4609075 -2.4160478
0.4478956 0.2542921 0.4866191
0.5675216 0.1391655 -0.4175399
0.8017149 -0.4267486 -0.4477046
0.2931390 -0.6510361 -1.3454303
1.4675920 0.1019023 0.6679719
1.6374986 -0.0198495 0.5594731
1.1286162 0.3106849 0.3743197
0.2310373 -0.2506770 -1.2815275
0.5296907 -0.4443273 -0.5102026
1.0042152 -0.2541074 -0.6261994
1.2855332 0.5040824 -0.7998693
0.0321674 0.1659294 -1.1507400
0.3845928 0.1203421 0.4956648
1.0308726 -0.1712435 -0.4412994
0.0193557 -0.3948649 -2.2657976
-0.4948798 0.4855259 -2.0467234
0.3578543 -0.8041126 0.2499264
-0.3007072 0.4954807 -1.5574632
1.5006235 0.5179555 -2.3439710
0.8596970 0.8347246 -0.7403073
1.0010402 0.4511635 0.6752863
-0.6695098 0.3438357 -2.3685305
-1.9377339 1.1306418 -2.8251843
0.4146236 -0.3824054 -0.2662478
0.7556550 0.8483456 -0.5243663
1.5310718 0.4856123 -1.4390193
0.7299665 1.8766611 2.0506530
0.6709024 0.1294113 1.1232798
1.0113529 -0.2131682 0.0472697
0.2343926 -0.5602861 0.2248070
0.9298936 0.6379706 -1.2277511
0.1225027 0.3895947 -0.8789931
0.6576249 0.1305703 -0.7784509
0.4885435 -1.2913990 0.3495331
0.8226522 -0.5393098 -0.5938653
0.6837229 1.7745730 2.1404519
0.9931714 0.6562546 -1.2026291
0.6036708 0.4174680 0.5389785
-2.0339055 0.7712739 -2.6906903
0.7752816 -0.8147371 -1.4879534
1.5958716 0.1581941 1.1812881
0.7394418 0.4501569 0.6592053
0.9241434 -0.5627068 -1.3777914
1.0553306 0.0822173 -1.2224735
0.0550305 0.1319942 -1.2315402
0.2762738 -0.0942877 -1.2073393
0.9735307 -0.0013294 1.2701615
0.9803000 0.6733883 -0.2137702
1.4000543 0.7597259 -2.6459577
0.3303750 -0.1319108 -1.7293459
0.4899381 0.3334062 0.8763495
0.7265160 -1.0323793 0.5863320
0.5614041 -0.6097023 -0.8745499
-2.1883748 1.2583228 -2.6872587
0.1646364 -0.3621329 0.2240406
0.2604199 -0.2463764 0.1871324
0.7724930 -0.5385202 -0.8698440
1.2263136 -0.2445078 1.5056623
0.6592851 0.3060119 0.9745911
-0.0783089 -0.4867508 -1.5518143
0.8287665 0.7061322 -0.6558356
1.2604004 0.0733340 -1.2671820
0.9333617 0.3067269 -1.3186544
1.1370581 0.6850293 -0.8914034
1.1744980 0.2944867 -0.6853026
0.4757161 -0.2053675 -0.6351964
0.8294792 0.8631467 -1.1074250
0.3610820 -0.3794672 -0.9854104
0.7505727 0.5668595 0.7522010
1.4847326 0.2207910 -1.0026745
0.0378081 -0.2655736 -1.9043250
1.5223802 0.6225152 -2.6808631
0.0848790 0.3701755 -0.9395500
-0.1225719 -0.7849948 -1.7521850
1.4840201 -0.2341778 0.6699301
0.9962349 0.6630827 -0.2010400
0.3437118 -0.6872089 -0.0571927
1.1925595 -0.1320365 -0.8349057
0.2905286 -0.0834129 -1.6086076
-0.7416233 0.2260045 -2.1958435
0.5033834 -0.1718418 0.7460184
1.3646466 0.3160078 -0.9246655
1.2350597 -0.3683613 1.0002298
0.6420357 -0.6927503 -1.5253558
1.1344671 -0.5083238 -1.4728212
-0.3487518 0.4998318 -1.6901960
0.8224391 0.2944134 -0.2323647
0.4706655 -0.9776953 -1.4820521
0.8147957 -0.0454136 1.1371523
0.1233005 -0.4530371 0.2519598
0.7697535 0.3149863 -1.0137318
1.2072948 0.3912888 -1.0619147
1.5879165 0.4438024 -1.2775793
0.7297175 0.5279993 0.5937276
0.2203405 0.3195095 -0.7859841
0.8170613 0.8248793 -0.1853056
-0.0169891 -0.3576383 -1.7705331
1.0040735 -0.2921756 -1.0357587
1.2646371 -0.4366966 1.3017570
0.9381121 -0.7022323 -0.9970538
1.2669541 0.0476650 -1.2026690
-0.0297515 -0.8897293 -2.9573226
0.5932245 -0.9426140 -1.5070142
0.7496033 0.0745140 1.0366926
1.3271315 -0.4531999 1.2402257
0.7241380 -0.5698416 -1.1265318
0.2560869 -0.1670151 -1.6853948
1.4181467 0.5405335 -1.3416570
0.1430702 -0.1673669 -1.5286554
0.7253069 1.9787185 2.1329360
0.4551128 -0.3487903 -0.7718835
1.4487622 0.1277755 -1.5208189
0.8082116 -0.3808357 -0.5809070
0.7202016 0.4897857 -0.0537153
0.6074359 -1.0806836 -1.8482878
0.4899172 -1.3371670 0.2645218
0.5688236 -0.1254341 -0.5173886
1.1449325 -0.3751218 -1.0582610
-0.0069250 -0.7896743 -1.4972789
0.3677461 0.1379897 0.0477779
0.2644387 -0.0055836 -0.0620181
1.4446684 0.1166383 -1.4269333
0.3083785 -0.1310466 -1.8581660
-0.0182216 -1.0557201 -1.6063253
1.0004878 0.1514031 -1.1754161
0.4953513 -0.2261249 -0.6314188
1.1271297 0.3470706 0.5602956
0.4106910 -0.1519206 -0.7825392
0.7455588 -0.4185381 -1.1308457
0.4106151 -0.3235649 -0.4962928
0.5803155 0.2587536 -1.0288154
-1.7286431 0.7172261 -2.7030938
-0.1766110 -1.0250421 -2.9729693
0.2937770 -0.7791285 -1.4040425
0.4230345 -1.0048345 -1.3243093
1.2647030 0.4305523 -1.8878629
0.8368415 0.6420205 0.6761305
1.0724506 0.5856088 0.3872533
1.2439979 0.3417741 -0.9128640
0.5660961 0.4468515 0.8048401
0.5129084 -0.4770936 -1.7337427
-0.0667036 0.5398402 -1.6108795
0.8097901 -0.4612620 -0.5193744
1.3930353 -0.2542136 0.9016559
0.9484560 0.6211829 0.2981171
0.7927933 -0.3081497 -0.0648378
1.2367941 0.1174485 0.8469399
0.6376228 -0.4966093 -1.3838797
0.9298786 -0.1883217 1.1097488
1.4694967 0.2984241 0.7503189
0.4283164 -0.4531799 -0.1325206
1.0442439 -0.2482653 -0.6941890
0.7146048 1.4933457 1.9256173
1.1360143 0.2077773 0.1165208
0.6263689 0.1829482 -0.9366373
0.5558823 0.5505496 0.1879294
1.3009845 0.1437714 0.8903458
0.8006461 0.9106590 -0.1106364
0.7237651 1.3387603 1.8026744
-0.1185097 0.2047701 -1.5449488
0.7607995 -0.7233602 -1.1517518
0.4774702 0.1102233 -0.5815565
0.9461147 -0.0262645 1.2182193
0.6835181 0.3371873 -0.0289216
0.4641035 -1.0973465 -1.5753865
1.3612901 -0.2592179 0.9170910
1.1274108 -0.1187198 -0.5422838
1.0494895 -0.1375502 1.3097856
-0.4321231 0.3391359 -2.1393840
0.5603498 0.5268210 0.1985129
0.4044078 -0.3226991 -0.0207357
1.7027497 -0.0296222 0.6295589
0.9087715 0.8368241 -0.4823486
0.5209782 -0.1867449 -1.1268363
1.0636356 -0.2630772 -0.5022513
1.1576114 0.0052896 1.2386464
-0.1608173 0.3782846 -1.3044426
1.5082045 0.5780019 -1.0538707
0.4668300 -0.0010025 -0.7250385
0.7707260 -0.3742303 -0.8699600
1.2544968 0.2979333 -1.6604230
1.1389358 0.2929141 1.1535602
1.3690785 0.2703787 -0.7486413
0.6787124 0.3482196 -0.1261971
1.1120963 -0.2097892 -1.0448642
0.9154302 0.1714017 -0.3474179
0.6490971 0.5650986 0.0968233
1.0001115 0.8432577 -1.1434374
1.5339248 -0.0129105 1.1278433
0.8845907 0.8193056 -0.5405952
0.6975068 1.8367174 2.1783855
1.2847018 -0.1580068 -1.0108889
0.3189598 -1.0930872 -1.5649099
0.9270079 -0.5105598 -1.2663441
1.1625482 0.3174768 1.1813654
1.0648185 -0.3359206 1.7158011
1.2079562 0.1316286 0.8735108
1.0551212 -0.1456584 -0.4597150
1.1498502 0.3687016 0.6130459
0.4829642 0.2195001 -0.3125686
0.0223822 -1.0083072 -1.5180889
0.7295604 -1.2327359 0.4254124
0.5833910 0.2568186 -1.0245495
0.6507913 0.5523902 0.3235864
0.0017479 0.3423842 -1.0885011
1.0542666 0.2143417 0.6138924
1.4720556 0.4642582 -2.0383029
0.5163223 -0.6949720 -0.9537243
0.7958125 -0.5318513 0.1125958
-1.6112502 0.6317474 -2.6730354
0.5252181 -0.5555618 -1.6069157
1.0223153 -0.2914140 0.2215934
0.7534789 -0.6474215 0.6743038
0.6709260 1.1583239 1.6554977
1.0762424 0.1561000 1.8895925
0.6425085 0.8703864 -0.3149807
1.3059181 0.1905724 -0.6874149
0.9393633 -0.2436118 0.9902362
0.3738761 -0.7235542 -1.1605701
0.2548222 0.3716614 -0.8334867
1.6153182 0.6062412 -2.8775821
0.6309342 -0.9497219 0.6528016
1.0900698 -0.1283869 -0.6224585
1.2793039 0.0623132 0.0637048
0.4820677 0.1898055 -0.2601434
0.5999482 0.2433761 -0.3528595
1.2113267 -0.2794143 0.9380497
0.7112443 1.4826258 1.9402021
0.6900706 0.6834974 0.3410001
0.7235210 2.1468766 2.1593215
1.1663715 0.1571650 -0.0031017
-1.1710480 0.3788404 -2.6097109
0.5261569 -0.1822388 -1.1224617
0.4713945 0.2514096 0.6614051
0.3187037 -0.6919847 0.3584302
1.4701153 0.2394313 1.2615476
0.7017395 0.4777104 1.4389625
1.2820780 0.0364395 0.0508126
1.0334812 0.4057293 0.1499386
0.7304874 -0.1496411 -0.5356040
0.7854493 -0.4923040 0.0663528
1.0882788 -0.0397874 1.2531196
-0.0386604 -0.3584289 -1.8186871
0.6498699 -0.8610111 0.7441221
0.7271220 0.2326559 1.1907053
-1.1621485 0.3547169 -2.5443079
1.0949475 -0.1872938 -0.7207402
0.3649496 -0.6441068 -0.9310046
0.3633846 -0.8689477 -1.7225356
-0.0637046 -0.4239006 -1.6359226
1.1266165 -0.0685417 -0.6676347
-0.2576707 0.5241304 -1.5859433
1.0395961 0.4920687 0.1389973
1.2855086 0.7206391 -2.7427475
0.9416446 -0.2133103 -0.1262001
-0.1384174 -0.8401012 -1.7343388
1.0876104 -0.1702458 -0.5229405
1.0315859 -0.0524146 0.3312106
0.3016773 -0.5794329 -1.2809577
0.3105665 0.4409348 -1.2806453
0.9857633 0.3795047 0.4899734
0.6178522 0.3542432 -0.7309116
0.1212697 -0.5093293 -1.9797859
0.2117204 -0.7811684 0.0088820
1.0499834 -0.0132208 -0.3912321
0.7114254 0.8518127 0.6164256
1.4248705 0.5387232 -1.8472824
-1.3328705 0.4360552 -2.6255281
0.6931970 0.7569755 1.5826234
0.7185153 0.2138903 -0.9576387
0.8154948 0.0211966 1.3412600
0.7216038 -0.5936100 -1.1306077
1.0057774 0.6899549 -0.2793168
0.8881950 0.2689809 -0.2294865
0.6871110 1.2955546 1.7165838
-0.8121733 0.4081401 -2.1704683
1.5937674 0.1780601 -1.3746783
0.2881187 -0.1452944 -1.8599916
0.1773851 -0.5380579 -2.2769730
1.2233876 -0.3592584 1.0290532
0.7138021 1.2087764 1.7886544
1.0272216 -0.0963663 -0.9040311
0.1037292 -0.9764401 -1.5435532
0.9378912 -0.2275296 0.0210588
0.9237640 -0.1660361 -0.0813105
0.0137703 -0.6165887 -2.1470435
1.5692943 -0.3662457 1.0774639
-0.2069531 -0.5297227 -2.6318693
0.1620052 -0.1496176 -1.7485228
0.3319363 -0.5972039 -1.4577421
0.8268642 0.8226622 -0.3698425
-0.1978203 -0.5955561 -1.8512709
0.0260933 -0.4012147 -1.6288953
0.6922599 1.6616559 1.8999569
0.5807753 -0.0393695 -0.6372281
-0.1663211 0.4715953 -1.3013234
0.2811154 -0.1108553 0.3560305
-0.7671599 0.4541175 -2.3805339
0.8421646 -0.2647738 0.4959152
0.6742386 -0.9837064 -1.5478877
1.3989462 0.2118909 0.5475617
0.4284204 0.1043964 0.6346663
0.6548038 -1.8205764 0.2837994
-0.3255780 0.5158485 -1.8596216
1.5226697 0.1389444 -1.3395808
1.3616515 0.7260301 -1.0642390
0.7733817 0.8036054 -0.5646256
0.1627157 -0.3860872 -1.2758570
0.7309337 0.2951975 -1.0017660
0.7128470 -0.4189908 -0.4504243
0.1929004 -0.4444568 0.1144401
0.4342109 -0.5301124 -1.6628436
0.3469631 -0.1834998 -1.0121815
0.1510468 -0.1545433 -1.7373526
0.6150542 -0.6893359 -1.6003034
1.4135008 -0.0422382 1.4023218
0.8507771 -0.7595604 -0.9996957
0.7012295 -0.8421158 0.5221903
1.2806032 0.0736508 -1.2554030
1.8519689 0.6740431 -2.9542830
0.7773383 0.0245215 1.2605989
0.9305050 -0.1749266 -0.0445588
1.2833253 0.5309787 -1.4780236
1.6672809 0.2591086 -1.3034950
1.2031707 -0.3644545 -1.1314929
0.2382111 0.4979818 -1.2553247
-0.7217560 0.3086111 -2.0819604
0.3783275 -0.7851716 -1.1486574
0.8174349 0.1727750 -0.4502090
0.6988195 -1.0377289 0.6216057
1.2126533 0.2419043 0.9601979
0.8545825 -0.4890726 -1.1867814
-0.7249846 0.4511428 -2.1778903
0.4301894 -1.1861972 0.3089815
0.4919872 0.0015933 -0.8530190
0.4738254 -1.1060780 0.1709427
-0.0885228 -0.7051875 -2.7474542
-0.8539398 0.4172277 -2.2258816
-0.2523590 0.2433714 -1.8541728
-0.0440711 -0.6398893 -1.4874682
0.1033250 -0.4225222 -2.3124611
0.6811980 0.3002609 -1.0053031
0.4005586 -0.3451918 -0.8843868
0.3738273 -0.3032255 -0.9429735
0.1032260 -0.6781880 -1.2962824
0.2079129 -0.1003195 -1.9779311
0.9682869 0.2902558 -0.8779449
1.0199322 -0.3426890 -0.7475021
1.0480905 -0.1524533 0.7282116
0.3590086 -1.0755730 0.2283037
1.0858425 -0.1908919 0.7353131
-0.0710358 0.1854414 -1.3506341
1.4304329 0.2674967 -0.8265482
-0.2173567 0.3651718 -1.3919334
-1.4096888 0.5991812 -2.7462430
0.7790648 0.3184292 -1.0272104
1.0218211 -0.2835456 -0.6750636
1.2445370 0.6401030 -0.9099617
0.6501785 -0.8407127 0.5761894
-0.2358605 -0.7430257 -2.7623136
0.3618217 -0.7290154 0.2689174
0.4892426 0.5383072 0.2170676
0.7462848 -0.7026858 0.8058438
0.3503153 0.0692167 0.4935265
0.2073946 -0.4746210 -1.8975996
0.9103104 0.7134090 -0.1615776
1.1717492 0.3821174 -1.2183679
-2.0388389 1.1709635 -2.8445189
0.6417825 -0.7839367 0.7313121
0.9053106 -0.3643509 -1.0226083
0.8398840 -0.6256180 -1.2238305
0.0041640 -0.5013854 -1.4844004
0.7132813 2.3231757 2.2715182
0.8542580 -0.3061576 -0.1483309
0.9598835 0.8224459 -0.6559055
-1.9126674 0.8339124 -2.8391962
1.2867906 -0.1204788 1.1641694
0.6746494 -0.8165308 0.5688807
-0.1532130 0.3536380 -1.8495892
0.8969830 0.4973903 -0.9132171
1.1555719 -0.0900949 0.4097087
0.8003848 -0.0209994 1.1294062
-0.4055277 0.4854222 -1.6019853
0.3334826 0.1191570 0.1476143
-2.1270950 1.1455514 -2.8600683
0.0520237 -0.4351639 -1.2979652
0.8431051 0.2244682 -0.3445400
0.5120826 -1.2501705 0.3662192
0.2580056 -0.1082226 -1.3394598
-2.2250302 0.8906028 -2.8149145
1.0295806 -0.5296538 -1.3417124
0.7454079 0.2958379 0.7026012
0.6916877 -0.7723854 -1.2918835
-0.0454204 0.4925917 -1.6775498
0.7259508 0.6091686 1.4044497
0.6879822 0.9407358 1.6636350
0.2423428 -0.0323766 0.0302817
0.4744352 0.0168291 -0.7642349
0.7232031 -0.6835790 0.9452038
-1.3328393 0.5360810 -2.5487306
0.7307646 -0.8685904 -1.5710105
0.7279248 1.8395634 2.0052869
1.1263286 0.6444196 0.1972474
0.6922533 0.8275262 1.6181066
0.9109409 0.8892309 -1.0307802
0.9655236 0.5240000 0.4403439
1.3084359 0.0217304 1.1121600
1.3944930 0.5713838 -1.5965927
0.3697147 0.0458717 -1.0795820
0.7265535 0.7928842 1.4820694
0.2792093 -1.0784156 -1.4380654
0.1672490 -0.7555012 -0.0365907
0.8948300 0.5216045 -0.8949618
-0.3088237 -0.6844713 -2.8769727
-0.2558123 0.2124249 -1.6471198
0.7369416 -1.8325139 0.1262477
0.3425828 -0.5484362 -1.1522905
1.5702069 0.1289047 1.0723218
0.6844961 0.3075480 -0.6250723
0.0415896 0.5226322 -1.3232218
-0.0931663 -0.3912046 -1.7449502
-0.8491437 0.2493331 -2.2873583
0.9876626 0.2661476 0.1318725
0.4768904 0.2267306 -1.1685474
1.0930514 -0.1856007 -0.4775033
-0.0288577 -0.8748499 -1.6848769
0.9811558 -0.3095215 -1.0339373
1.2215550 0.2767793 0.1905156
0.3446259 -0.3949714 -0.8153443
0.4896441 0.1129068 -1.1112125
1.0758522 -0.3127386 -1.1661687
-0.7026209 0.2451224 -2.3281507
0.0396704 0.3152838 -1.0360253
0.1241819 -0.5718786 -1.3421707
1.0081435 0.3653010 -0.6376744
1.1571425 0.5868211 -1.0974590
0.7033807 -0.3875374 -0.8295071
1.2588769 0.6174381 -0.8997279
1.3681421 0.2899245 -1.8222065
0.6689800 -0.1414303 -0.4692738
-0.3112209 0.4475625 -1.5025376
0.4783913 -0.0453564 -0.5349864
0.1376741 0.0905783 -1.1157780
0.8256366 0.8451944 -1.1416218
-0.9772273 0.4688255 -2.5494008
0.2582284 -0.1293997 -2.0418949
0.7956614 0.6527689 -0.5738825
0.6314697 -0.4979710 -1.4213568
1.2324173 -0.1300743 0.0685641
0.9903864 -0.1900868 0.3763681
0.9566218 0.0082954 -0.1816872
1.2953581 -0.2255218 -1.1521897
1.0169855 -0.3582544 -0.7633746
0.5229009 0.3783008 0.3176026
0.9441974 0.7642769 -0.2945954
0.3163226 -0.1370329 -0.2697842
1.1560875 -0.2192261 -1.1497314
1.2607807 0.1883516 -0.6384130
1.4052688 0.0929787 0.8031250
1.3549978 -0.0136263 1.0515392
-0.0929473 -0.4552030 -2.7012186
0.9940556 0.1484589 0.7835331
0.9033553 -0.2089639 0.7775536
0.2734507 -0.0992703 -1.3030126
0.9038917 0.8790221 -0.8317607
0.3715996 -0.7538545 -0.0254900
1.3879910 -0.0947448 1.1227515
0.7482038 0.8275781 -0.5279300
0.0209729 -0.4865681 -1.3456678
0.6986626 -0.9369235 -1.4819977
0.5052239 -0.6185917 -0.9571744
0.9912709 0.7568266 -0.7583749
0.5700305 -1.1030074 -1.8233236
1.0708145 -0.3590662 1.6911644
0.9858529 0.6487567 0.6333057
0.2316466 -0.2162029 0.3091699
0.3119589 -0.1882033 -0.9153810
0.1745662 -0.3880723 -1.2359984
0.4217272 -0.5673776 -0.8391364
0.7284175 0.6806684 0.1719553
1.4304663 0.6526429 -2.2360651
1.2116458 0.0173490 -1.1706572
0.8984269 0.2593833 -0.9628867
1.2050838 0.4515157 -1.9759135
0.9619986 0.1953429 -0.0834274
0.5939146 0.8275818 -0.0999579
1.1330513 -0.2503156 1.6725664
0.8731257 -0.4040830 -1.0452728
0.7910466 0.4273837 -0.0452197
0.3903326 -0.0341509 -0.9964992
-0.1794362 -0.5815532 -1.6594007
0.3999523 -0.4266862 -0.0026070
0.7583560 -0.3958977 -0.4322457
-0.6413656 0.2356409 -2.0495241
-1.1072240 0.4900296 -2.4487510
0.7354085 -0.7049106 0.6538421
0.2272908 -0.3316589 0.1188910
-1.8335458 0.8591931 -2.6417024
0.5589239 -0.4166639 -0.5681775
0.5973554 0.1550493 -0.6598835
1.1471901 0.5282757 -0.7259943
-2.5051701 1.2267153 -2.6766210
1.1882459 0.6003973 0.3625439
1.0676979 0.5851321 -0.7561963
0.5142890 0.4576743 0.1461686
0.1221367 -0.4104814 -2.2565019
0.1201452 -0.2287394 -1.4210383
0.9864875 0.8644351 -0.9729333
-2.0099688 0.7764744 -2.6424227
1.0738465 -0.2664206 1.0229501
0.5519301 -0.0051118 -0.6503084
0.6651153 -0.8011394 0.8973519
-0.3825894 0.2369638 -1.7648755
1.4089451 0.5816376 -2.0904999
-0.2769463 -0.7472854 -2.8105803
0.1896901 -0.3053673 0.2305366
0.4135424 -0.9363776 0.0655632
1.0136120 0.4653656 -1.1721456
1.5158314 0.6755198 -2.5671356
1.1130629 -0.2584051 -0.8191265
0.9035543 0.7394543 -1.3737129
0.9162868 0.8540566 -0.7888245
0.1983559 -0.5095865 -1.7405572
0.9977290 0.4458967 0.6161251
1.2638125 0.0401000 0.3724614
0.9021751 -0.3968259 -0.4980092
0.6717408 1.9626778 2.1302469
0.5671753 0.4592116 0.5285211
0.9525729 -0.1081117 1.1727060
-0.0283386 0.1654855 -1.3043569
0.3833388 0.0395529 -0.4376239
1.0104049 -0.0249478 1.4385004
0.4668865 0.0074607 -0.4227088
0.0109684 0.3358715 -1.0701165
1.2777816 0.1937246 0.2730426
1.2228222 0.1069584 1.5814687
0.3425031 -0.6724327 0.1765629
0.2832447 -0.3519901 0.5830142
-2.0729647 1.0215582 -2.4969530
0.2307828 -0.4702304 -1.8932061
1.4187437 0.0742264 0.9628620
0.2646186 -0.1588763 -1.0587857
0.2663123 -0.1625852 0.4918608
0.6559056 0.0965904 -0.7907616
1.4391505 0.2910118 -0.9301150
0.7708473 -0.8832577 -1.6293522
0.7363002 -0.2759230 0.6647552
0.1521557 -0.6513489 -0.0835603
0.8980825 0.7371446 0.5222910
0.8410586 -0.0047683 1.2746673
1.3860680 0.5899666 -0.9526225
0.7764998 -0.3334904 0.5016772
0.6739570 -0.5734793 0.6142635
0.1635243 -0.3458875 0.2325599
-0.9697527 0.2801455 -2.3999603
0.7219511 1.8921021 2.1423228
0.0544464 0.4744122 -1.5706958
0.7148011 2.2914813 2.2627831
0.7227681 0.6547094 1.4473745
1.2996525 0.5975788 -2.3733582
0.3511824 -0.9276180 0.0491171
0.5789717 -0.1792441 -1.1301080
0.1867741 -0.3682675 -1.8695722
0.7767013 0.6680759 -0.2064813
1.3431084 0.4433703 -1.4953038
1.4572679 -0.2427365 0.9284770
0.2680805 -0.1006506 -1.4069952
-0.1416484 0.5263627 -1.3926911
0.7443089 -0.3960021 -0.8745509
0.3644153 -0.0174955 -0.6537764
1.5161133 -0.0959966 1.0124253
1.1321536 -0.4915677 -1.6272105
1.1781604 0.0779036 1.5350884
0.2855437 0.2892551 -1.3638908
-2.3314209 0.9707882 -2.6867101
0.5581849 -1.3996005 0.3732758
0.6088242 -0.0725027 -0.6912149
0.6259095 -0.1452750 -0.5163328
0.7105108 0.9230202 0.5736564
0.3680286 -0.6225491 0.0047456
1.0068059 -0.4379165 -0.8914717
1.4479183 0.5161310 -1.5295616
-0.2177840 -0.7759174 -2.8056345
0.2233189 -0.9563076 0.0182812
0.1783717 -0.7408246 -1.3184311
0.6585186 0.4937631 0.0838102
0.5065066 0.0637084 -0.4644780
-2.1377490 0.9027997 -2.5290849
0.4411595 0.2614388 -0.6309670
0.7508600 -0.3177107 -0.4126861
0.2716665 -0.3908812 -0.9546083
0.7841283 0.2857074 -1.1150919
0.0739991 -0.2095129 -1.5959928
0.3808805 0.0709169 -0.6005687
1.2398038 -0.1540907 1.1600373
0.7147898 -0.4547065 0.2790575
0.9598610 -0.6457903 0.5315353
0.7860958 -0.4914916 -0.4983579
0.6862689 -0.4270619 0.5619026
0.6547494 0.3343296 -0.1794145
0.2314291 -0.3640325 -1.0140159
0.5592539 -0.1535287 -1.0912875
0.6441461 0.7523910 0.5415723
0.0018681 -0.4822989 -1.5526668
0.1162711 -0.3920165 -1.9188724
0.3069506 -0.6234541 -0.9723855
0.9592338 -0.5173011 0.2963525
-2.2396636 0.8724115 -2.7392185
0.6082140 0.3381166 0.7961041
-0.3671283 0.2247145 -1.9095020
0.7201928 0.6371154 1.3849275
1.4632287 0.7738177 -2.9713516
-0.0646141 0.4254615 -1.7300056
0.5697491 -0.3696139 -0.5647683
-1.1310490 0.5329955 -2.5198112
0.8480247 0.7723218 -0.1356039
-1.7070642 0.7989621 -2.6641560
0.5410565 0.4352810 0.1373478
0.8153864 0.4238037 -0.7992429
0.9033099 0.8413665 -0.4413024
-0.3331885 0.5196310 -1.7397089
0.3807093 -1.0765727 -1.5729921
0.5806723 0.7366435 -0.2842233
0.7222586 0.8724684 1.5617176
0.8343793 -0.1915499 0.5546154
0.4826521 0.0398979 -0.7198386
0.7130272 -0.3745650 -0.3867245
0.3483243 -0.4675263 -1.2924970
-0.2115700 -0.5932457 -2.9194849
0.9947375 0.6357602 0.1295020
0.1715063 0.3272705 -0.8623372
1.2357188 0.1237899 1.5032169
1.0565271 0.1471518 0.4293848
-1.0980051 0.5174910 -2.4947832
-0.1134567 -0.8446462 -2.8308487
1.3107860 0.5861605 -2.5226412
1.3650382 0.3877183 -2.1521468
0.2566983 -1.0377350 0.3108163
0.6364107 0.2537229 -0.3439004
0.1016002 0.2888629 -0.9717748
0.6870100 0.3847386 -0.6851581
0.4378747 -0.4996921 -1.6702774
0.6238850 -0.8531179 0.6329337
0.2566107 -1.1176493 -1.4956363
1.2789339 0.2166462 1.0476897
1.7372985 0.7189729 -2.9657753
0.2305697 -0.8272814 0.0251818
1.3689073 0.4787910 -1.2024480
1.0738338 0.1166873 -0.0070871
1.4761806 0.6389552 -2.2440183
1.0213503 -0.0314056 -0.0863911
0.3230777 -0.1285937 -1.7872430
0.7386003 -0.8988773 0.8492283
0.5545954 -0.6028535 -1.7002777
0.4757283 -0.1604771 -1.0416217
1.2140949 -0.0853301 0.6688161
0.6062348 -0.5739924 -1.6351539
1.4019985 0.0262220 0.9774846
0.7775087 -0.8571491 0.6750166
0.9245651 0.0546140 -0.4015841
0.6772329 0.5753034 0.0645667
0.3229254 -0.0764208 -1.5125817
0.7365313 0.2925249 -0.6077657
1.0575950 0.5406994 -1.3379875
0.7980770 0.7958174 -0.4127964
0.1887774 -0.5855464 -1.1463224
1.2560440 -0.1533645 -0.9762051
1.5866891 0.2710669 -1.1062822
0.4520471 -0.3825127 -0.5157737
0.9446307 0.1823281 0.8512803
0.7002557 0.1876163 1.1275307
0.2497519 -0.7083411 -0.0612059
0.6784573 0.3078248 1.2189584
-1.9605023 0.8732309 -2.8776500
1.5373443 0.6090443 -2.8854148
0.6952195 -0.4082874 -0.8554855
1.0358404 0.5829086 -1.1563919
0.2295579 0.0775123 -1.1661385
0.0225056 -0.4564279 -1.5599982
-0.0283484 0.3893936 -1.6887023
-0.1264179 -0.3672733 -1.9714340
1.3303664 -0.2060405 0.6389955
1.0531321 -0.0852115 0.4622827
0.3981853 -0.3560658 -0.2741280
0.4714108 0.2279700 0.2789217
1.5974287 0.6276768 -2.9699335
-0.2035744 -0.5696710 -2.8376105
0.8089505 0.7172661 -0.2350830
1.7011135 -0.1330629 0.5861928
0.7462442 -0.4905213 -0.7675670
0.9750522 0.1435085 1.1445408
0.7065577 1.7945290 2.2014959
0.0959622 0.1075247 -1.1665250
-2.2304170 1.2447903 -2.5953851
0.2790259 -0.0959888 -0.2535095
1.0172565 0.7900627 -0.8370212
1.3234404 -0.2127596 1.1141981
1.1500347 -0.0256573 -0.4969083
0.9167063 0.4114398 -0.0132531
0.6681318 -1.8720200 0.1675943
0.2617704 -0.0125096 -0.0457360
0.1758557 -0.6238868 -1.5185523
1.2430627 -0.2488370 1.4700602
0.7767223 -0.5200558 -1.1039860
0.7124559 -0.4088697 0.0241392
0.3697742 0.0308565 -0.3500519
1.2953850 0.1809479 -1.4577864
0.8984920 0.0298205 1.1908492
0.1555529 0.2873527 -0.8853762
0.0633682 -1.1674347 -2.9761457
0.8827236 -0.2403830 0.3858121
1.1189981 0.2302652 0.3481759
0.5001978 -0.7298841 0.2915441
0.9212248 -0.3041721 0.2595752
0.7652146 0.6151446 -0.4007562
0.4010289 0.4483353 -1.0981778
0.5358218 0.2401887 -0.4672017
0.9631821 -0.3653061 -1.1002544
0.1904415 -0.5621968 -2.2170269
1.6341151 0.5958230 -2.9281957
0.5762356 -0.1525351 -0.4782487
0.6666397 0.1291984 -0.8109169
0.5574452 0.6909786 0.1449809
0.6190732 0.0443665 -0.5142640
1.2684375 0.1746736 -0.8317882
0.2585894 -0.6865966 -1.0747631
1.3171380 0.5549449 -2.4419622
1.2162367 0.4625868 -0.7426497
0.5962613 -0.4189041 -0.1326950
0.4974598 0.2440851 0.1080418
-0.1500370 -0.6914869 -1.6317451
1.1034136 0.5163953 -1.1314927
1.4203041 0.0811949 0.9235914
1.4385465 0.5328617 -1.5782944
0.8039017 0.8391616 -0.2773687
1.4537148 -0.2517053 1.1382033
1.3723606 0.4718023 -1.1761191
1.2012544 -0.2246985 1.0858938
0.2717068 -0.1660987 -0.0093167
0.3342656 -0.1966189 -0.8216576
-0.2378186 -0.6692962 -2.7287385
1.0622277 0.2778947 0.1477862
-0.0591095 -0.6236853 -2.3251343
0.0197324 -0.7381247 0.0671390
0.1747722 0.0784107 -1.1084800
-0.0073016 -0.7173269 -1.5792043
0.6748177 0.7041501 0.2400745
-0.2189607 -0.6059155 -1.7471583
1.3920367 -0.1813210 1.3671505
1.0385765 -0.2806888 0.8725169
1.4743580 0.4885730 -2.0685654
0.2081091 -0.6773999 0.3554002
1.1896547 -0.1074627 0.1233420
1.3888785 0.0967509 -0.9640799
0.5074044 -0.5580327 -0.0154982
0.8918514 -0.1031984 -0.9393836
1.0367042 0.4083096 0.1481778
0.9081085 0.6524084 -0.1806102
1.0018142 0.5895376 0.5391241
0.5754791 -0.4793003 -0.0099007
0.9488710 -0.6004441 -1.3220290
0.5290009 0.1121426 -0.4115172
0.8765809 -0.3959254 0.0308571
1.4279959 -0.3122090 1.1129780
0.4767064 -0.6985779 0.2536466
0.0703972 -0.2497808 -1.9054216
0.5792541 -0.9126539 -1.2779144
1.4396608 0.2949962 0.6425035
1.0202709 -0.0999429 1.2074041
0.2546707 -0.8705855 -1.2345746
1.2604657 0.5661038 -2.2095580
0.1721400 -0.8645018 -1.2778047
0.8843596 0.7840291 0.2584701
0.1869958 -0.6633127 -1.5487746
-0.7489800 0.2347495 -2.1840127
1.0853142 -0.4704442 -1.4824680
1.8090291 0.8233379 -2.9642992
1.2330180 0.4123068 -2.1059391
-0.1069208 0.3489690 -1.2470987
1.0241958 0.5119545 -1.3199892
1.2222577 0.1248222 1.5431741
1.0073609 0.2311550 0.4987276
0.1489446 -0.1533399 -1.6190336
1.4480156 0.5745467 -2.5943010
0.4117978 -0.5039563 -1.7290541
0.3129891 -0.8991433 -1.2169180
0.8518885 -0.4847225 -1.1676102
-0.4294565 0.4157882 -2.1177943
0.9990611 0.5304322 0.5206401
1.3302203 -0.4514092 1.2382777
-0.0971524 -0.7161927 -2.7401781
0.7274466 -0.4291947 0.5311049
1.0461099 -0.2308709 1.1093860
0.6535049 0.0918944 -0.6623578
0.3559099 -0.0740164 -0.6870762
0.7951697 -0.3933820 0.3598199
0.9282432 0.7884852 0.1071172
0.7220796 1.1790345 1.7284057
-2.3901348 1.0049778 -2.6308556
0.1208041 -0.6555822 -2.3028467
1.5284003 0.6052178 -2.9007349
1.0382026 -0.2430383 -0.6806833
-0.4950804 0.4096586 -1.8040569
0.5362220 0.5466172 0.1598439
1.0151685 -0.0754567 -0.7493960
0.7258629 2.0368385 2.1358781
1.0531149 0.5320880 0.4057908
-0.6136768 0.3650979 -1.9472579
1.4791865 0.5442978 -1.4019378
1.2940595 0.4056655 -0.9335800
-0.1587427 -0.7738847 -1.6948329
0.4679408 0.3307345 -0.7077443
1.6033430 0.4823759 -1.4633039
-0.3697202 0.2238780 -1.9055204
1.3395369 -0.2364133 0.6883126
0.6839716 0.5151890 1.4199773
0.6678417 -0.7760864 0.9295371
-0.0505482 -0.6172605 -1.5824355
-2.3743029 1.2213782 -2.5596993
1.1014796 -0.2709752 1.6186291
0.7780295 -0.3768895 0.4691001
1.4620659 0.5784069 -1.2866083
-2.0824938 1.2478421 -2.7272611
0.9924923 -0.0839084 -0.7030600
-0.8094208 0.3037400 -2.1907878
1.3225743 0.3273028 -0.9123489
-1.2517042 0.4430555 -2.5211194
0.3563969 -0.9572096 0.2761703
0.8556616 0.8045459 -0.8142841
0.4439569 -0.4118109 -0.0431187
0.8546945 0.8470421 -0.3366862
0.3150036 0.1007296 0.3266476
1.3359487 0.4791683 -1.2632711
0.5840546 0.4222197 0.3834156
0.8087955 0.2715822 -0.5622135
-0.7980589 0.2312809 -2.3154519
0.5101561 0.4498476 0.2836590
0.6228435 0.3076632 -0.0170324
0.1274970 -0.6158087 -2.0984743
0.9040953 0.7826067 -0.2647898
0.2272861 -0.5018442 -2.0738966
0.6809102 1.0366471 1.5850425
0.2876819 -0.6169633 -1.1198891
0.9148368 -0.2279996 -0.8310918
0.6548766 -1.0473118 0.5842289
0.1712294 -0.4329297 -2.2142618
1.0298269 0.4403842 0.4436783
-2.4402761 1.1661524 -2.5652699
1.4628433 0.1945975 -0.8319079
0.7589259 -0.6615014 -1.1997054
1.1259466 0.4818333 0.3035975
0.7126014 -1.2840981 0.4968673
1.2251765 0.2215751 0.9994988
0.7399511 -0.4558138 -0.9887241
-0.0738244 -0.4785171 -2.5007434
-0.0302010 -0.5891744 -1.5469522
1.4077473 -0.1178803 0.5730230
1.3111290 0.4621496 -1.9416549
-0.8776940 0.2608322 -2.4114385
0.5599032 -0.4935827 -0.7548404
0.5889267 0.2274316 -0.3880743
1.2621946 -0.2952199 1.3575141
0.3344569 -0.0665849 -0.6394003
0.5422765 -0.3952405 -0.6460869
0.7212937 -0.4504755 0.2586692
0.3173121 0.0481635 0.4821349
1.2201566 0.2563318 -1.3878138
-0.7192376 0.3737179 -2.0659192
0.3586103 -0.4400947 -1.0395862
0.6722693 1.1292131 1.6383514
0.4143138 -0.2099388 -0.6185817
-0.0155207 -0.7470801 -1.4916382
0.6960123 0.8501159 0.5571069
0.6503929 -0.5799041 0.6938264
0.0679718 -0.3988584 -1.3093479
0.1887154 -0.6834342 -1.4756348
0.7261056 0.6662127 0.1485852
1.2361089 0.1986179 0.5418893
0.8471701 -0.5994284 0.2526109
1.2340698 -0.0085228 0.0535541
0.4111533 0.1127544 -0.4841198
-0.0396969 -0.5131037 -2.5970001
0.9136114 0.7930124 -0.2376439
-1.2556041 0.5803476 -2.5745120
0.1816600 -0.1402411 -1.7528301
0.2356852 0.0552508 -1.0535309
0.1004354 -0.6767163 -2.2037206
0.2270688 -0.8168588 0.1756496
1.4513282 -0.3478867 1.2177236
-0.1638271 -0.5385286 -1.7067765
0.9327902 -0.2383014 0.8587348
0.9232013 -0.4669033 0.1574924
0.7055487 -0.4636814 0.6684633
0.6554922 -0.6119357 0.7618329
0.1633426 -0.5379249 -2.3224947
0.4077274 0.1031189 -0.5550310
0.5427368 0.3767887 -0.8970182
-1.9739792 1.1483959 -2.5253634
1.3725829 0.7156963 -2.5539124
1.4802054 0.2472612 -1.6631378
1.4888235 0.3210814 0.7056529
0.2396736 -0.2480281 0.4697977
0.1368944 -0.3868414 0.2799149
0.6583673 -0.3208860 -1.2317102
1.4233458 0.6308279 -2.9506602
0.1912076 -0.6356418 -1.5868020
0.6427891 0.3154494 0.9478350
0.6205002 -0.4035416 -0.5984401
0.4939872 0.1513662 -0.5274741
0.8866735 -0.5903465 0.2561358
0.3088818 -0.9585021 0.0381811
0.3406284 -0.0633945 -0.6528428
1.1158124 -0.2856910 1.8045714
0.1763061 -0.8000653 -1.2329645
1.0318356 -0.2921098 -1.0744351
0.7273427 -0.8564461 -1.5313263
-2.1540523 1.1110672 -2.8964667
0.4090427 -0.5066394 -1.7067878
0.7551775 0.4639554 -0.9377841
0.8457628 -0.5224802 0.3116473
0.0965403 -0.6007726 0.3867111
0.7272499 0.3813104 -0.9156170
1.1178676 -0.3327955 1.7175640
1.3498282 0.1007993 0.9274606
0.2694627 -0.3657881 -1.0679270
0.5133681 0.6340277 0.1448294
0.8786121 -0.1926900 -0.0941604
0.9871572 0.7143754 0.1950551
1.1286305 -0.2582488 1.0292073
-0.1206824 -0.8151660 -1.6718314
0.0643129 -0.1849062 -2.0231023
0.8489373 0.2642603 -0.4003782
1.0948552 0.3113383 -1.2100807
0.9701529 0.1621524 -0.0992661
0.4830671 0.3135328 0.4981154
1.0813454 -0.0921343 -0.8541839
-0.0696392 -0.5160289 -1.7101511
0.5233967 -0.4266045 -1.5656604
1.1445765 0.4812655 -0.7098930
0.7321331 0.5913047 -0.1451573
0.6344498 -0.9603429 0.6569620
1.4776930 0.4780194 -0.9610084
0.7116081 1.5831922 1.8609384
1.5328423 0.8898104 -2.9377286
-0.0179982 -0.4401797 -2.3617668
-0.3671557 0.3691344 -1.6086255
0.7205035 0.6316333 -0.3050568
0.3693763 -0.2735298 -0.7431654
0.7083064 0.4533365 1.4078834
0.2497582 -0.0984840 0.0006585
0.4607763 -0.2847319 -1.2092261
0.2023708 -0.5651690 0.4721484
1.0278136 -0.2899273 -0.6948475
1.2165105 0.2106420 1.0611233
1.3315105 -0.2653812 0.9525793
0.3675074 0.1886887 -0.6464112
0.4242236 -0.0048920 -1.0390763
0.8511923 0.2232719 -0.3386194
1.4227042 0.3057423 -0.9564444
-2.4464219 1.1821871 -2.5701845
1.0239488 -0.1227413 0.3304632
0.6235395 -0.0663453 -0.6974190
0.0571373 -1.0163200 -1.6067337
0.9378770 -0.3089935 -0.9732730
1.1885543 0.0816131 1.1233449
1.1596226 0.3729305 -1.0432175
0.6894179 0.6640189 1.5214136
0.5172704 -0.5576507 -1.6541548
0.0127416 -0.2764938 -2.0541682
1.2828043 0.1067307 -1.3813032
0.5622667 0.3499324 -0.7875620
1.6424552 -0.0711152 0.6133310
0.9851197 -0.2519250 0.1332734
-0.3076711 0.3304118 -2.0144148
0.4149051 -1.0838642 0.3105423
1.4464393 0.4290049 -2.2431951
0.9200243 -0.1637108 -0.1091828
0.6642727 -0.8539453 -1.4299418
0.7715343 0.3691429 -1.0569340
0.6359965 0.5051028 0.3918794
0.9254578 -0.6380052 0.5852890
-2.4946463 1.1662931 -2.5816212
-0.4067182 0.4955280 -1.9804229
0.7820464 -0.5927017 -1.1754659
-1.5276530 0.6983958 -2.6301706
0.6574516 -0.8018299 -1.4131027
0.7146363 0.8221911 0.6084802
1.4652587 0.5816326 -2.6068449
-0.0510964 -1.0596052 -2.9335759
0.7309221 -0.5268543 0.7959566
-2.0409491 1.2461169 -2.7703080
0.6749382 -0.3395592 -1.2240101
1.2888476 -0.2481657 0.9880959
-2.0870502 0.9483814 -2.8676693
1.1336446 -0.2657022 1.5561922
-0.2437431 0.5357575 -1.7147970
1.2713370 0.1049586 1.5332758
1.4691675 0.6318319 -1.0432949
0.2480052 -0.1799105 -1.5176102
0.4128805 -0.6845403 0.4352181
-0.0869103 -0.5261434 -2.4117057
1.3462666 -0.0609053 1.1016740
1.4090133 0.0291126 0.4126208
0.8937140 -0.6512624 -1.3707469
0.6306202 -0.5481370 0.4541786
1.5495977 -0.0264772 0.9720604
0.9888442 0.8098529 -0.7034361
-0.0500146 -0.4826177 -1.4681015
0.4694607 0.0034095 -0.6101686
0.4292127 -0.2104602 -0.7647702
0.5067466 -0.3786415 0.7203126
0.5049274 -0.3674791 -1.3659649
0.7562193 -0.5986958 -0.7284832
1.2316449 0.4131250 -2.1047306
1.2519214 -0.2870514 -1.3777844
0.9143561 0.0032507 -1.0749649
0.9556448 0.4538236 -1.0228342
0.7943226 -0.4963640 -0.8274696
0.7032692 -0.3075475 0.7306068
-0.0055910 0.3353250 -1.1098844
0.4184406 -0.8355152 0.2253273
-0.2723249 0.4568396 -1.9424673
1.0974796 0.6485978 -0.8070982
1.2640646 0.0852834 1.0220916
0.6809481 0.5781780 0.2021846
0.3338336 -0.8383368 -1.6674972
0.2038784 -0.5853736 0.0890505
0.3977914 -0.9712924 0.2961900
0.3475035 -1.1632915 -1.5711188
0.6497998 -0.9033620 -1.4952228
-0.0571098 -0.2738943 -1.8314914
1.3031849 0.4812318 -1.9633244
-0.2264666 -0.6128875 -1.8144785
1.1748384 0.0648959 0.7302570
0.9645858 0.5337886 -0.7911103
0.4738336 -0.5263154 -0.8687935
0.6113688 0.3887299 0.6268813
1.2649590 -0.1775487 -1.1356964
0.4217944 0.1292573 -0.4927121
0.7167253 -0.6847246 0.6285089
0.7579839 -0.7840112 0.7494103
0.0516517 -0.6649576 -0.2676911
-2.2966111 0.8633217 -2.6944895
-0.1800729 -1.0040677 -2.8687868
0.5639365 0.4248808 0.1600425
0.2781116 -0.4011878 0.1065002
0.8072017 0.3125096 -1.2113001
0.2853171 -0.1104962 -0.2784273
1.2814947 -0.3150806 1.0611022
0.3582629 -0.3683878 -1.1765636
0.9512747 0.2750109 -1.0332632
0.8557847 -0.2585841 -0.3397145
0.3465951 -0.1348731 -1.6012254
-0.0131594 -0.4872566 -1.3936895
0.6583897 -0.3236276 0.9215566
-0.3679945 0.2929124 -2.0595574
0.9973549 0.2581752 -0.1480052
0.7221354 0.5810338 0.2493308
0.8031414 -0.8798878 0.6469061
0.6058832 0.1740641 -0.9855074
0.5131698 -1.3667595 0.2861841
1.2361395 0.6786016 -2.6979792
-0.0432184 -0.6748192 -1.4998064
1.4052321 0.0833229 0.9120703
0.4170403 -1.2010206 0.2711500
0.0001269 -0.6405897 -0.2710819
0.9376411 -0.2100805 -0.1202641
0.8911194 -0.6480410 -1.3636016
1.1775352 -0.4293046 -1.5902331
0.5237535 -0.4411047 -1.4807593
1.0517938 -0.0696226 1.2146678
0.9939777 0.1117839 -0.0630572
-0.1656507 -0.5066966 -1.7996957
-0.1001554 0.3342381 -1.7725477
0.1184440 -0.5970286 0.3551274
0.3129045 0.0641318 -0.0538053
-0.7971477 0.2819884 -2.1933942
1.3465487 0.3864491 -2.1732936
-0.3564374 0.3265936 -1.6160089
-2.2582519 1.2786725 -2.6249394
0.1626216 0.4819985 -1.4292611
1.4977145 0.1304255 -1.3895986
0.7787528 0.9381649 -0.0867766
-0.0241743 -0.4888350 -1.6265029
0.6676853 1.8520031 2.0236399
0.0632279 0.4141424 -0.8760928
0.6760952 0.3724486 0.9066339
0.9909877 0.0394277 -0.0959684
0.1272401 -0.3392504 -1.4664520
1.2239858 -0.3154389 1.0679590
0.6688397 -0.2081140 0.9533635
-2.2198491 0.9153191 -2.5535486
0.6634575 -1.3698645 0.3675593
0.2114326 -0.7561297 -1.7714968
1.2529882 0.1242480 0.7544237
0.9060692 0.4799595 0.4707721
0.6203386 -0.4015114 -0.5902008
0.1728960 -0.2222637 -1.2805965
0.8568401 -0.5762435 -1.0211630
0.7102821 1.9755100 2.2293985
1.4755249 0.1967360 -0.9173467
0.3303052 0.1802692 -1.2873914
1.2120060 -0.1605769 -1.0485718
0.6850852 -0.3624946 0.7392457
0.2953254 0.2748643 -0.6549852
0.7144896 -0.3979707 0.8295918
1.2650745 0.3704129 -1.8680004
0.6023875 -0.4360226 0.6621088
0.8736211 0.7878063 -0.8569468
1.1480618 0.0642668 0.4120905
0.6448441 0.3478069 0.7851003
-2.2389526 1.1452276 -2.4560468
1.0287660 0.0845872 1.2189630
1.7128681 -0.0306581 0.5776116
1.3988599 0.1477048 -1.4830576
0.3800712 -0.9082280 -1.6781112
1.4968081 -0.1444818 1.2329813
0.7919111 0.1178353 -0.9662342
1.4136231 0.3041090 0.6261759
1.3811879 -0.2807542 0.8985601
0.6651085 -0.0678269 1.0461996
0.4519856 -0.8122307 -1.2015294
0.7111645 -0.0661530 1.1398226
1.4783974 0.0598187 0.6309016
1.3503931 0.1178377 -1.5062840
1.1755028 0.1948761 0.3446358
-1.5820549 0.7231215 -2.7688036
1.0063583 -0.1022653 1.1910814
0.9661059 0.4903947 -0.1086494
1.2710620 0.7502227 -1.0434048
-2.1688273 0.8581087 -2.5947185
1.3963039 -0.1203869 1.0867366
0.7165285 -0.9787662 -1.8671343
0.6986321 -0.0537728 0.9997831
0.6551449 -1.8277726 0.1645952
0.4863686 0.0114311 -0.7575133
0.9436396 -0.4559976 0.2512134
0.6867022 0.5156670 0.0072908
-0.9672434 0.4411563 -2.2552943
0.6582621 -0.5407943 0.8799345
-0.3630111 0.2818283 -1.6618303
1.6508662 0.4592706 -1.4046510
0.9840403 -0.4029149 0.1861372
-0.1415843 -0.8519807 -2.8476143
1.3065505 0.5006545 -1.7179793
1.0285593 -0.1321745 -0.8334681
0.9140497 0.7115816 -0.1635697
0.5226189 0.3036636 0.8032658
0.1954044 -0.1994934 -1.6864105
0.3379355 -1.0542217 -1.4005579
0.6589293 0.0846076 -0.7169077
1.6338198 -0.1641998 0.6314800
0.4429055 -0.2616973 -0.7220932
-0.1087347 0.4703933 -1.1273617
1.2403442 0.1825117 0.9769565
1.1303483 -0.0319005 1.2879593
0.8778208 0.6371024 0.2978986
1.1826754 0.7285615 -1.2197847
0.0352127 0.1684360 -1.1337934
0.6525101 -0.9545410 0.7303425
0.5715823 0.5946685 0.2489768
1.5372447 0.7432024 -2.6725852
0.4829525 0.4211000 0.1071076
0.6452477 -0.4190127 -0.6153666
1.3356297 0.1464522 0.1737685
0.9860493 0.2826563 -0.8492621
1.1211611 -0.0062202 1.2082016
0.8813552 0.4883252 -0.9544026
0.7846938 0.3991964 -0.8980519
1.4660411 0.5259882 -1.0545151
0.6580073 -0.5453251 0.1501551
0.1707685 -0.6230869 0.0550259
1.1300043 -0.0095511 -0.0319112
0.8277070 -0.6237772 -1.2871566
0.3578237 0.4617761 -1.1579159
0.3438203 -0.3514986 0.6375101
0.2663228 -0.2057334 -1.2179015
-2.2020707 0.8593181 -2.7721429
0.7305462 0.3117584 0.6503203
1.3610083 0.2659713 -1.7941545
0.0978223 -0.3482262 -2.0792186
1.4578228 0.6545073 -2.9784822
0.9559667 -0.1492103 0.6043837
0.1913745 -0.7264892 -1.2975204
0.3453518 0.2119160 -0.6633617
1.1445163 -0.0247431 -1.1126192
0.2830975 0.0823770 0.3276109
0.7542368 -0.7235096 0.6743181
0.7453389 -0.6250202 0.7519928
-2.3922441 1.0680417 -2.7321870
-1.0522044 0.3204132 -2.4449148
0.3869524 0.3378515 -0.7392456
0.6222715 0.0095506 0.8337580
-0.1201101 -0.9366398 -2.9640496
-0.7865659 0.3727517 -2.1371567
0.8149647 0.2096733 -0.3840888
0.1698635 -0.4137240 -1.2178172
0.3479610 -0.0126716 -0.6275190
0.6691916 -0.5368989 -1.4225056
0.7721415 -1.2522595 0.4123040
0.3206295 -0.1144759 -0.2433818
1.4529619 0.8762113 -2.8970830
0.2550763 -0.2477527 -1.0275563
0.2324658 -0.6528524 -1.2125689
-0.1339626 -0.9669933 -2.8808274
0.8784909 0.3448608 -1.1291209
1.0214285 0.8438668 -0.4376185
0.3492321 0.1339589 0.0295988
1.4329319 0.1460668 -1.4795054
0.3526932 -1.1545056 -1.6853420
0.3790902 -0.0467025 -1.2546970
0.6120743 0.0656718 -0.5229757
0.5851499 -1.0190119 -1.7150878
1.1020530 0.0630431 -0.0242890
0.8849855 0.4118511 -0.0239528
0.2172487 -0.5255195 -1.6654394
0.2346882 0.2441435 -0.7933165
1.0731932 0.6506217 -1.0248311
0.1749345 0.2541389 -0.8812000
1.4465601 -0.2402108 1.2353851
1.1916114 0.3208956 -1.3081555
0.8404432 -0.4035171 -1.0045825
0.9772673 -0.4363323 0.0747293
0.9282489 -0.0125699 1.3365664
-2.0608246 0.9258206 -2.5036418
1.1287725 0.0602908 0.3509939
1.1637081 0.6869761 -1.2567129
0.0801201 -0.8658373 -2.8962083
0.3000245 -0.1670121 -0.2087247
0.5454628 -0.5072666 -0.8489612
1.2093552 0.2396744 -1.5792779
-0.0565546 0.4432636 -1.1567006
0.3344327 -0.0809477 0.6672179
1.4654260 0.2565323 -0.8619620
0.6632556 -1.7707032 0.2973483
0.0614172 -0.5986850 -1.4381335
0.7181475 -1.4025927 0.4701100
0.7216777 1.0440531 1.5917658
1.4549627 0.4796537 -1.9093173
0.1664209 -0.1462707 -1.6773931
0.6391829 0.6780010 0.3651477
0.7654349 0.8978321 -0.0912168
1.1977961 -0.3086518 0.7526432
0.0811662 -0.5022647 -0.1225979
1.5829200 0.7787651 -2.8071492
0.4913745 0.2092520 -0.5027302
0.5230851 0.4548117 0.3811817
-0.4719545 0.3496428 -2.1755462
1.4781485 0.2421571 -1.6582216
0.9370630 -0.0029915 -1.0869300
1.0740153 -0.5044791 -1.5378741
0.9785903 -0.2001800 0.0959441
0.2226187 -0.7085682 0.1916482
1.1914383 -0.2640437 0.9861813
0.5817444 0.4066013 0.0748464
1.0566802 0.3425898 0.4514204
0.2152804 -0.7558075 -1.7822860
1.1991379 0.0538923 1.5534835
1.2888288 0.1253081 0.8400666
1.3678460 0.5741546 -2.6390369
1.0712754 -0.2458592 1.0740501
0.4715082 -0.8832460 0.0858325
-0.0706074 -0.7159355 -2.6613595
1.2474703 0.2194138 1.0819201
1.2008318 -0.2385158 -1.1673576
0.6703399 1.3284012 1.7398552
0.0616332 -0.6983874 -1.4724358
0.6679537 -0.3589188 0.8568811
0.2253897 -0.7741780 -1.4769886
0.9932253 0.1572081 0.8361859
0.6411256 0.5228112 0.2975494
0.6740800 0.8424048 -0.3277371
-1.0466086 0.3446175 -2.4208007
-0.4046370 0.2657014 -2.0699530
1.7824827 0.7066985 -2.9486101
1.0290512 -0.1945359 0.0331416
1.4518787 -0.0112217 1.1857065
0.3670427 -0.7548758 -1.2191269
0.9549875 0.1983725 -1.1196289
1.8193493 -0.1266463 0.6438239
1.3057631 0.0900393 -0.6821630
0.3032919 -0.8322287 -1.5974835
-1.9645946 0.7680779 -2.6841412
1.0650634 0.3827375 0.4365424
0.6418343 0.3179342 -0.0114381
0.1234463 0.3838677 -0.7987143
1.0234224 0.1623214 0.9969314
-0.2210058 -0.5217751 -2.6515510
1.4520254 -0.1707366 1.2646350
1.2828010 0.3783905 -2.0831480
1.2340919 0.1181136 -1.3519558
0.9450799 0.6288273 0.2460098
0.3665220 0.0125151 -0.9720207
0.4074101 0.0288975 -1.0355872
0.9209002 -0.2725839 -0.0125155
-2.4815311 1.1193550 -2.6577919
1.7076172 0.8033895 -2.9792409
0.9566424 0.4555832 -1.0457925
-2.3591764 1.0367056 -2.5609126
0.9872984 -0.0854154 -0.9672760
0.3932501 0.1794503 0.1991698
0.7302371 -1.2065647 0.4925715
1.7082574 -0.0420220 0.6650040
1.7182528 0.4134304 -1.5057989
-0.4737303 0.4919343 -1.6345111
1.2015593 -0.0559685 1.3094405
1.4994379 0.3684321 -1.0574224
-0.9226727 0.4446675 -2.2774920
0.7300242 -1.2764121 0.4420792
0.8914142 0.1015486 -0.4532565
-0.0493574 -0.7971722 -1.5691456
1.1713578 -0.0346232 1.2561679
1.1412437 0.0090106 0.2343496
0.3647813 -0.4985205 -1.8726093
0.4134494 -0.4537619 -1.7343129
-1.9156661 0.7893733 -2.6564143
-0.0439699 0.3039284 -1.6610634
0.5032870 -1.2399244 0.3608524
0.3910336 0.4159998 -1.1923059
0.6927640 0.5066994 -0.0085311
1.0449625 0.0314279 -1.1755586
0.4336672 -0.0462456 -0.6097677
0.3252094 -0.2946739 -0.8291178
0.7276316 0.0877399 1.0047280
1.4711007 0.2786411 1.2656590
0.7970567 0.0199853 1.2449906
0.1909282 -0.2123738 -1.5050113
0.7255293 1.4389935 1.8406327
0.6364108 0.2143128 0.9053520
0.7495136 -0.6326988 -1.1663797
0.1858701 -0.4839624 0.1840887
0.5881966 0.0297316 0.7722157
1.1431158 0.0224126 1.2961954
1.6173102 -0.1013504 0.5208957
1.1168424 0.1118068 -0.5367038
-1.9574012 0.9996146 -2.5310683
1.3278149 -0.3012055 1.3212152
0.6580629 -0.5641070 0.2647724
0.6609432 -0.5911281 0.7666407
1.3706369 0.2451061 0.2317993
-0.1150352 0.4894314 -1.2084942
0.9851806 0.8059300 -1.2961934
0.0480425 -0.8127900 -1.5346344
0.4086114 0.1519151 0.4997472
0.7090714 -0.2933998 1.0508780
1.2629621 0.4769585 -1.5756146
-0.0715013 0.2279256 -1.5775133
0.4046789 -0.7084106 -1.1231664
1.4768850 -0.2033241 1.0240407
1.2109838 0.2063631 0.5801470
1.4494967 0.7006420 -1.0962539
0.7281179 2.0070767 2.1167252
0.9262254 0.2623681 -1.0105842
1.4597378 -0.2994562 1.0431589
0.1849879 -0.5176278 -1.7289886
-0.0646152 0.4468766 -1.0408825
1.4063580 -0.0334340 1.4846377
0.4297293 -0.2443590 -0.8500055
0.4641768 -0.2670176 -0.6299163
0.7188135 0.3538132 -1.0165274
0.8248165 -0.3321544 0.4720173
1.3171738 0.5965471 -2.1250970
0.3541529 -0.3914793 -1.0474881
1.3193572 0.3637929 -1.8731920
0.3133390 -0.9047435 0.0330776
0.3642522 -0.0733622 -1.5682499
0.8364896 0.1529520 -0.4795960
0.5684389 0.2463732 -0.3349025
1.1987203 0.0359769 0.1102988
1.0179344 -0.4946583 -1.3975900
0.8177841 -0.2900323 0.5628368
1.2473972 -0.0278086 0.3375954
0.6063561 -0.4527562 0.6459952
1.3750974 0.0334933 1.0089089
0.4921387 -0.9034137 -1.3717647
-0.4463457 0.3529555 -2.1516123
0.8219826 0.1633987 -0.4864004
0.3821448 -0.1710694 -0.6553949
0.4585820 -0.4806190 -0.0775203
1.1260985 -0.5476209 -1.5768530
1.9748353 0.7525953 -2.9662721
0.4705522 -0.2749008 -0.6041583
0.3413159 -0.1980847 -1.0267824
0.4385574 -1.0482060 -1.6039327
1.4206053 0.0363033 1.0423363
1.4238478 0.8389727 -2.8242512
1.1976084 0.2124579 1.0444747
-0.0628800 -0.6002370 -1.5895457
1.6347728 0.8170776 -2.8516037
1.2538784 0.3317092 -1.5944755
0.4619880 -0.0126108 -0.7356631
0.0058891 -0.4589159 -1.5968399
0.9224914 0.3251227 0.1527025
0.4952293 0.9076235 -0.0734983
0.6809515 0.3426516 0.8515602
0.5175316 -1.0435762 -1.6769092
1.2271955 0.3738216 -0.9869679
0.2579642 -1.1672459 -1.5668066
0.1499849 -0.3603221 -1.1622428
1.7077463 0.7281988 -2.8470368
0.4806257 -0.3682960 -0.3781990
0.3831580 -1.0612262 0.2933545
0.6542574 -0.5500412 0.1362717
1.6297458 0.3010679 -1.1381229
0.7215954 -0.4610531 0.9313884
0.6467701 0.6768920 0.3851793
0.2196280 -0.6715769 -1.9289712
-0.0506303 -0.4697160 -2.3471928
1.6065792 0.2462703 -1.5237290
0.0969188 -0.3507189 -2.1050193
0.6696522 -0.5755649 -1.4426236
0.6944479 -0.4728995 -0.3086632
0.7864877 0.8093068 -0.5765423
1.3160633 -0.2843501 -1.5033647
0.4812769 0.1770159 -0.4256546
0.7407793 -0.1798804 1.0031132
0.6631379 0.3506904 -0.1085837
1.1565478 0.5196252 -0.7218150
0.1024217 -0.9903944 -1.4640135
0.8068261 -0.6012039 -1.0632877
0.7759945 0.3044185 -0.4846416
0.9480817 -0.5067239 -0.9902912
0.6773825 0.7977654 1.5369674
0.6730562 0.5011575 0.9423728
-0.8433946 0.3068696 -2.2294860
-0.0004269 -0.5125107 -2.1064589
0.5654888 0.2881871 -0.5602434
0.1336691 -0.6288607 -1.9151391
1.3624680 0.2892947 -0.9079762
0.7538960 -1.3193443 0.4775262
0.3195956 -0.1493407 0.6460050
0.3875595 -1.0216310 -1.4606996
1.3591589 0.6691968 -2.4463470
0.5368814 -0.5477359 -1.6507221
0.4092895 -0.7386040 -0.9888100
1.2869329 0.6305139 -1.0636250
0.2635721 -0.3390153 -1.0916481
0.3162355 0.2814787 -0.7246516
0.7222216 0.6739540 -0.4561990
0.4457194 -0.3410151 -0.1337201
0.0878633 0.1726337 -1.0351651
1.4567003 0.1711823 -1.6299824
0.0611660 -0.2949459 -1.6720201
0.8406419 0.8355302 -0.0108286
0.9933399 -0.2534356 -0.6077100
0.4851780 0.0317346 -0.6971384
0.3047680 -0.8880898 -1.2126063
-0.0995009 -0.5090017 -0.1432675
1.0620501 0.4429908 -0.9417785
0.3562334 -0.6662285 -0.9530671
1.1899575 0.4633830 -0.7312894
-0.1799572 -0.7368776 -2.7063088
0.9403139 -0.1842517 0.0015369
0.1972431 -0.6710244 -1.4910033
1.0245327 -0.0248837 1.4113619
1.2696056 0.0732146 0.7240756
0.6890668 0.2915202 1.2011702
0.6623197 0.0621910 -0.7485133
0.5035567 -0.6892486 0.2009015
0.7042105 -0.6412071 -1.3722730
1.4089092 -0.1418166 1.4191278
0.0126906 0.3140867 -1.6012745
1.0068369 0.5447417 0.1163829
0.7116990 0.0860667 1.2129415
0.2235584 -0.7538178 0.1791649
0.1476858 -0.6148257 -2.3061352
1.2210999 0.7394575 -1.0150167
0.1886226 -0.9244202 -1.4333881
0.5213900 0.5441899 0.2265524
0.7244458 2.0224755 2.1499004
0.7468964 -0.9312652 0.7757791
-2.0295632 1.2033809 -2.5941594
1.1650150 0.6600506 -1.3957843
0.5268759 -0.3028185 -0.6570495
0.8620565 -0.5660369 0.1756681
1.3749616 0.1586026 -0.7252712
0.9330900 -0.3828462 0.0689872
-2.3803151 1.2634848 -2.7185690
0.8683470 -0.3717711 -0.4606806
0.6899959 -0.7039314 -1.3815855
0.4377146 -0.7312008 -1.1089141
0.9188430 0.6169476 -0.3615343
0.6029094 0.3999174 0.5264244
0.1239166 0.3485020 -1.5111924
-0.1890275 -0.5349784 -1.8364383
0.6456653 -0.5083905 -0.4225464
1.5075465 -0.2412350 0.8529009
0.3775359 -0.8279770 0.2514069
0.6910711 -0.9886334 0.7475236
0.2507760 -0.4863028 -1.0296749
0.4452597 -0.6192227 0.1192976
0.7534304 -1.3108308 0.5090897
0.1103267 -0.5851589 -1.3630462
0.5895823 -1.3483356 0.2755548
1.5081928 -0.0466047 1.2104393
0.4517280 0.3886658 0.5875314
0.8108926 -0.3276535 -0.0113837
1.0406715 0.5517337 0.2877252
0.1342526 -0.3456176 -1.2221140
0.7363958 0.2941949 0.6963774
0.7605495 0.1608101 0.9309009
-1.7906564 0.8944880 -2.6693180
0.6316349 0.6564931 0.0897689
-0.0995949 -0.6206974 -2.4232171
1.3546791 0.5167418 -2.4420722
0.9661925 0.1029422 -0.2657222
0.9118432 -0.4198574 0.2738524
0.4545936 -0.4677320 -0.0893220
0.6773087 -0.6915036 0.8534075
0.7002824 -1.2229989 0.5537775
0.3082974 -0.8958078 -1.2172588
0.9672285 -0.4479915 -0.8618727
0.0110544 -0.7437913 -2.8968160
1.4035685 0.2219491 0.2266672
0.7034976 1.8009897 2.2054582
1.2498465 -0.0258159 -0.7054493
1.4730114 0.0922697 -1.1225306
0.8087367 0.8347054 -0.1768764
1.1644251 0.1375943 -0.5914123
0.5066183 -0.1036481 -0.9734451
0.8432404 0.2942918 -0.3515931
1.1723908 -0.0653237 1.3044999
0.3306894 -0.6916820 -1.0886072
1.1726815 -0.1111688 1.2107989
1.1612225 0.0102708 -0.4979936
0.7907411 0.2977279 -0.3482311
0.5177108 -1.2810575 0.2434475
0.0441427 0.3892180 -0.9889327
0.6424606 -0.9851071 -1.7982354
0.6934722 -0.3483412 0.7962564
0.7674531 -0.5196374 -0.6131625
-0.2374268 -0.5622289 -2.7488155
0.2422694 -0.8281292 -1.2924277
0.7388057 -0.4964965 0.8749369
0.9632754 0.7320063 -1.1723341
1.3227167 0.2291960 -1.6940316
1.0128980 0.5048299 0.4688605
0.8231648 -0.1656323 0.7122096
0.4017512 0.0488452 0.6270115
0.3728379 -0.2917565 -0.2449836
0.7641239 0.2910655 -1.0725304
0.5022193 0.2757633 0.6719477
0.9928349 -0.6122890 0.2342823
1.1729201 -0.0215732 0.6827357
0.5524611 0.3702631 -0.9019006
1.3683028 0.2472356 -1.6820070
0.9534984 -0.2172378 0.3442087
1.0200579 -0.0327162 -0.6942171
1.0398675 0.5763748 0.4225096
1.0189342 0.8364714 -0.4588701
0.3626509 -0.2073817 -0.6031882
1.5046088 0.0407327 1.0873671
1.1694168 0.0314597 0.5358540
1.1972395 0.4031984 -1.1452954
-2.0602424 0.9613878 -2.5189962
1.0057888 0.0216447 -0.0891474
0.9388838 0.6592435 0.4261576
1.0015597 -0.5331770 -1.1499766
0.4261705 -0.8988597 0.2593560
1.3714174 0.0923156 -0.9449449
1.0957668 -0.1293193 0.2937708
1.2828058 0.1204358 1.5013343
0.5229017 -0.5787306 0.0841129
0.5332238 -0.6232569 -1.6857072
0.6611173 -1.0186074 -1.6494855
1.5324500 0.4956930 -1.3798282
-0.2716968 -0.6086224 -2.8166068
1.4555023 0.1185205 -1.0338063
0.2756502 -0.2075650 0.1032336
0.1664332 -0.3650571 0.3645613
0.8821035 0.7858434 -0.1331138
-0.4260769 0.4805696 -2.0440471
0.7310461 -1.3597405 0.4247597
0.4101556 -0.9374719 -1.3367358
1.3105069 0.7259867 -1.1203623
0.7881216 0.4121465 0.5220476
0.6899090 -0.7037165 0.6386304
1.2955018 0.2621039 -1.7132912
0.5216071 -0.0359676 -0.5395150
0.9154181 0.8961887 -1.1714252
1.3615021 0.4690638 -1.3555369
0.6100811 -0.3715316 -0.2792208
1.4206318 -0.0131285 0.5840493
1.1464237 0.1263618 0.6037158
0.9049154 0.6311303 -0.4267706
0.3209395 -0.5820483 -1.5117401
1.0174692 -0.0681092 -1.0264950
-2.1121588 0.8102064 -2.6597252
0.1233061 -0.4671440 -1.2033595
-2.0340097 1.0709462 -2.5387473
1.1857992 -0.1552194 0.6843011
0.9159617 0.6258613 -0.2014891
0.0355502 -0.6639965 0.0377208
0.2375551 -0.7661462 -1.7189710
1.1712301 -0.0367689 -0.5431635
-1.7913828 0.8121374 -2.7846370
1.1854943 0.7276659 -1.1674457
0.7881606 -1.2406030 0.4866075
0.9180688 -0.2506959 0.1711290
0.2947075 -0.7690579 0.2547166
0.6585135 0.0431422 -0.5683922
-2.5667908 1.1811402 -2.6237013
0.7922412 0.8396297 -0.6417657
0.4282922 0.4363005 -1.0712309
0.5761350 -0.3766841 0.7126859
0.5488444 0.2249965 -0.3693089
-0.0139171 -0.6417801 -1.5510485
1.0138124 0.3391867 -0.9059463
1.1035429 0.5436550 -1.3284752
0.7161706 2.1319187 2.2355008
0.0365940 -0.3027973 -1.7260389
1.1106976 0.5859839 -0.7543029
0.1821889 -0.1319466 -1.8642800
1.3997933 0.6772193 -1.0081776
1.6321673 0.2085489 -1.2867640
-0.5777894 0.4632223 -2.0129242
0.5428414 0.3274706 0.3835325
0.2212752 -0.1982554 -1.4130850
0.3535137 0.3376388 -0.7578928
0.9776862 0.1879607 -1.1409971
0.7214276 -0.2401406 -0.5816934
0.2704287 -0.7225674 -1.1855602
-1.4794408 0.5907348 -2.7532287
1.1000266 -0.3692959 -0.9443657
1.0703523 0.4561844 0.1644077
0.7389505 0.6727412 0.1068876
-1.8089437 1.0040405 -2.6398811
1.5875378 0.4027965 -1.6633728
-2.1911483 0.7949305 -2.6933274
0.6694196 2.0302680 2.1187329
0.6595894 -1.2321010 0.5533358
-0.0361285 -0.2663336 -1.7919406
0.6761862 -0.6698520 -1.4233228
-0.0830001 -0.9823717 -2.8728974
0.4900318 0.0568836 -0.4164802
0.3854634 -0.6937973 0.4139841
0.9925820 -0.3299546 2.0521035
-0.3475296 0.4025260 -1.5662277
0.2487897 -1.1116152 -1.5942289
0.6902530 0.4265928 0.4334034
1.2696555 -0.3530533 1.0756731
0.6094193 0.3267809 -0.0840149
0.8773041 0.8254632 -0.2572912
0.9980871 -0.3215755 -0.4925838
0.0016167 -0.5870116 -1.4112766
0.5500041 -0.5316517 -0.8721271
0.5273479 0.3229531 -1.0794815
1.2296956 0.2316704 0.6005933
0.3721447 -0.3092393 -0.1364732
0.9502471 0.7071997 -1.1473643
0.7281458 1.2991409 1.7281454
0.6334267 0.2854796 -0.8420083
0.8993514 -0.2435455 0.2474371
0.6611309 0.2665688 -0.3149102
0.5713905 -0.5815338 0.0836308
1.4766980 0.1610214 -0.8476760
0.6597421 -0.2730205 0.9575609
0.1571338 -0.7746000 -0.1042223
0.6641064 0.3439449 1.0057822
1.1796777 -0.3865424 0.9385799
1.0241861 -0.2974920 0.2036073
0.3956025 -0.0182051 -0.7953988
0.7623763 0.2949360 -0.4380512
0.9699783 -0.4608546 -0.8945857
-0.3282872 0.4785115 -1.9682933
0.6070687 -0.8594379 -1.2149036
1.0883884 -0.3215558 -0.8252940
0.8880975 0.8408549 -0.7069631
0.4403464 -0.3827244 -0.0665826
1.1299442 0.6602633 0.2035652
1.4615835 0.0874273 0.7636263
0.1490741 -0.1644576 -1.5199817
0.5464695 0.4973870 0.5736529
0.1233331 -0.4876661 -1.9910628
0.9999219 0.6983437 -0.2891525
0.8634936 0.1804596 -0.3954145
0.8440613 -0.4265296 0.3338077
1.5082910 0.5012882 -1.5313292
-0.4845088 0.3303307 -2.1871994
1.7847959 -0.0753667 0.4379907
0.7656558 -0.7485516 -1.2281227
0.0310317 -1.0190302 -2.9545588
-1.7151917 0.8946887 -2.7453630
0.4521950 -0.9328188 -1.5018282
0.3330234 -0.2460043 -0.8197638
0.9345513 -0.1792786 -0.3381264
1.0489285 0.2377967 0.6345758
-0.1153997 -1.1113499 -2.9713807
1.0959407 -0.2340828 -1.0553256
-1.2693943 0.5648489 -2.5528522
0.1716023 -0.4601985 0.4866937
1.3435041 0.1340160 -0.8912804
0.3208222 -0.7029340 -1.1074941
0.7859006 -0.2211291 0.6794170
0.6689817 1.7476192 2.0281239
0.6915475 0.5459751 0.5086812
0.6826705 0.5159873 0.7429868
0.9272300 0.1978191 0.7093981
1.6016655 0.0188653 0.6832361
-0.1632937 0.4572851 -1.2948046
0.7309124 -0.0295637 -0.5267304
-0.0954752 -0.5468348 -2.7988367
0.7525223 0.8531387 -0.5213214
0.8542833 0.6568601 0.1950005
0.7113656 -0.4397452 -0.9198505
1.2849420 -0.0952558 1.1776392
0.1459351 -0.6798384 0.0250020
0.4890178 0.4734228 0.1171231
0.8659008 0.7964589 -0.0744075
1.0118829 0.1203444 1.2460328
0.4835591 -0.9280253 -1.4223720
1.3320287 0.5028417 -1.9639837
0.6340881 0.0448385 -0.5126829
0.2706107 -0.8087583 -1.5020562
0.4398855 -0.9823507 0.0899016
0.7288327 -1.7774059 0.3059052
0.0336193 -0.2802448 -1.8152599
0.2245100 -1.1935343 -1.6240913
0.9533861 0.3745960 0.1267924
-0.0014432 -0.5323418 -2.1118436
0.6274612 -0.6436638 -1.5640804
0.1528638 -0.6047433 0.1109337
-0.1609852 0.3845266 -1.8550864
0.6864651 1.9000579 2.2186174
1.4901545 -0.2835791 1.1550344
0.5359370 0.3296724 0.4579716
0.4104422 -0.0958977 -1.4119734
0.1489604 -0.7093279 -1.6174449
0.8309005 0.2800186 -0.2910384
0.3722743 -0.9342963 -1.3393054
0.3365351 -0.6693764 0.1799209
0.7055837 0.9228896 0.0792792
0.0280957 -0.6790393 -2.2363973
0.7375543 -0.6142185 -1.1318727
0.3958748 0.1836090 0.2536915
0.6454210 -0.5096169 -1.4222355
0.9632596 -0.0311226 -0.1834087
0.4706655 -0.5321845 -0.9030214
1.3890671 0.2076236 -0.8748823
0.2171638 -0.8238761 0.0975653
1.3930744 0.0498849 0.6775653
1.6656725 -0.1030125 0.5794716
0.9052153 0.2314179 -0.2713399
1.1677799 0.1415769 -0.0231476
0.6225974 0.3321986 0.8224071
0.7288218 0.6387039 -0.4002153
0.9702056 0.8698030 -1.0383331
0.3815118 -0.8099908 -0.0183259
-1.6130756 0.7295873 -2.6433892
0.7140531 -0.2960615 -1.1409473
0.1286608 0.3796609 -1.5059637
1.7053673 0.6457681 -2.8503659
0.7379854 -0.4879048 0.8595440
1.2374183 -0.0086252 0.1809420
-2.0840774 0.7987437 -2.6069329
-0.2738586 0.3621729 -1.4856975
1.0762289 -0.1783253 0.1184673
0.8519875 0.1572701 -0.4357651
0.7799056 0.7434804 -0.1746816
-0.1004572 -0.5173696 -2.7710626
1.0303752 -0.1076104 0.3508306
0.2001872 -0.2576981 -1.2005562
0.4892453 -0.9760441 -1.6090696
0.0996193 0.1258231 -1.0686990
0.2327766 -0.9014936 -0.0286446
1.4931234 0.0727077 0.9230448
0.7052776 -0.3813833 0.7396142
-1.3416116 0.4437293 -2.6397800
0.7410395 -0.1792109 0.9994875
1.2314618 0.0031765 -0.6264729
-1.3519071 0.4645666 -2.6748092
0.7111164 -0.6234430 0.9490183
0.0367092 0.4733869 -1.1807871
0.2778423 0.0632172 -1.1303065
1.1557956 0.5299780 0.2951141
1.4536043 0.1020455 -1.0629550
0.8657036 0.1876346 -0.3885121
-1.8404956 0.8717741 -2.6330581
0.6511270 -0.6362439 0.7930961
-1.1530927 0.5439494 -2.6275506
0.3455268 -0.5389147 -1.1396098
0.8221714 -0.5586535 0.4445596
1.3214909 0.3324893 -1.8218794
1.0686611 0.1984015 0.4692069
1.1337183 -0.1858533 0.1390365
0.2552665 -0.5210441 -1.0342721
1.1279583 0.2520545 1.1603816
0.1493238 -0.5878851 -1.7864399
-1.4064049 0.6331369 -2.7336679
0.9573147 0.6348118 0.0642759
1.3447006 -0.3816579 1.3788220
0.3419233 -0.1924882 -0.8036770
0.8254882 -0.0984303 -0.9297349
1.7331882 0.3450698 -1.4993829
0.8421560 -0.3831240 -0.6176031
1.3377934 -0.0197627 1.0648957
0.9023471 -0.7419310 -0.9827676
0.8709236 -0.4455918 -0.7700626
-0.1085425 -0.9862601 -2.9317095
1.8131915 -0.0942993 0.4268257
1.2551221 0.0414759 -0.8958610
1.4070840 0.2990595 0.6678730
0.8870762 0.3469676 -0.0403918
0.8759096 -0.5363864 0.0761335
0.6915779 -0.3651569 -0.1213178
0.5000039 0.5119449 0.2321772
-0.2003041 -0.5579402 -1.8224204
1.0396614 -0.1183744 -0.4187666
0.8381917 -0.5960351 -0.7066675
0.3716902 -0.2787698 -0.5559644
0.0578476 -0.2586904 -2.0500381
0.0156231 -0.4318185 -2.0982454
-1.9522046 0.9033416 -2.5308113
0.1585025 -0.8997436 -1.4237064
0.7637967 0.6797574 -0.0517366
-0.1424378 -0.4098903 -1.8659602
0.6864872 1.7519192 2.1289995
0.4845730 -0.2404300 -0.6796069
0.6214518 0.3392318 0.8212377
0.4639904 0.3842234 0.5260230
1.4232192 0.0338608 1.3479240
0.6736034 -0.5429593 -1.4179783
0.6806591 -0.3516067 0.9996449
0.6197614 -0.5511618 0.1768800
1.1658283 0.2990624 -0.6787648
-0.8107005 0.2360818 -2.2705321
0.9779474 0.7559237 -0.5877131
0.9665744 -0.2325762 -0.5519014
0.6219826 -0.0773938 -0.9799724
0.8668978 0.5216069 -0.9896494
-0.0461893 0.5482625 -1.4924997
0.0583396 -0.1958914 -1.7918630
0.5271193 0.2962389 0.1944817
1.2545457 0.5570982 -2.2102814
0.8427229 -0.2819841 -0.8692917
0.5629959 -1.0115340 -1.4966524
-0.2519883 -0.8449717 -2.9702773
0.1766160 -0.2044137 -1.8584435
0.3641463 -0.5198579 -1.0693363
1.3827410 0.7734556 -2.8827596
1.4106946 0.1414085 -0.8050622
0.2774206 -0.1144248 -1.0520556
0.3711929 -0.4595443 -1.3741186
0.7818625 -0.1585881 0.7380587
0.6714418 0.6706466 0.2093806
0.8081357 0.2142605 -0.3780156
0.7183559 0.9190452 1.6057481
1.5867743 -0.0506838 0.8908430
0.6584662 -0.8123145 -1.1702353
0.7753532 0.3022205 -0.4688204
0.7118169 2.3392005 2.2773063
0.8297527 0.8382380 -1.1069841
0.9383152 0.2853849 -0.9655063
0.7389600 -0.5707561 0.6447030
-2.0277081 0.8328455 -2.5574710
-0.0796863 0.2538491 -1.6437855
0.6335083 0.2666246 -0.7340428
0.9555601 0.6723902 -0.5650883
0.3970868 -0.1162084 -1.3140441
0.3026933 -0.0834044 -1.4061551
1.2788880 0.4874567 -1.6264448
0.0901162 0.1455483 -1.3471161
0.2836861 0.0341901 -0.9822371
-0.7210212 0.4055475 -2.0726764
1.1894398 -0.0973417 -0.8586792
1.0006887 0.1267383 0.6288701
1.0422989 -0.1170449 -0.4201197
0.7342296 0.7823636 -0.4618719
0.3536266 -0.9700344 -1.3905997
1.1363808 -0.1837007 0.0588899
0.9985121 -0.0161305 1.2107155
0.7539859 -0.2331432 -0.6010529
0.2996582 -0.6162261 -0.9788445
0.7333435 0.8218419 -0.3325390
0.5614107 -0.6145101 0.0609220
1.4539682 0.2540851 -1.7132357
-0.8245525 0.2435113 -2.3645732
1.1586370 0.6784469 -0.9148901
-0.3665923 0.2379323 -1.9743519
1.0601263 -0.1561598 0.7252167
0.9896572 -0.5926973 -1.4086603
1.3461295 0.5812094 -1.6680501
1.5986855 0.3355049 -1.1266237
1.2064114 -0.3039516 0.7467870
1.6873913 0.8187216 -2.9876399
0.7889921 -0.7270823 -1.3034054
1.3692739 0.2597224 -0.9028931
1.2126977 -0.3630606 -1.2761058
0.3270294 -0.8481801 -1.6037239
0.7140441 1.5313369 1.9464452
0.7619588 -1.2572271 0.5047508
-0.1204069 0.3055558 -1.7799773
0.6532572 -0.9903063 0.6408044
0.7920899 0.6516225 0.1671705
0.2488196 -0.5211294 0.0478840
0.6316667 0.6332772 0.3057074
1.5508518 0.6870559 -2.9518178
1.0832211 -0.0605174 -1.0442501
-1.9646453 1.2177925 -2.7063289
0.7156808 1.6872131 1.9122208
0.8369687 0.3227078 0.6990290
1.7906311 -0.1668179 0.5472263
0.4202216 -0.1738842 0.7497868
1.1794760 -0.3705100 -1.1251482
0.2508359 -0.8152755 -1.4428018
0.6829022 -0.4168582 0.9944526
0.9455271 -0.2205637 0.4124039
0.9845302 -0.6756629 -0.9593003
1.3515849 0.0946704 0.8356194
-0.3181566 0.2513936 -1.6332352
0.2900347 -0.4688955 -1.7978593
-0.2679095 0.4861030 -1.4866230
0.3816205 0.1100102 0.5103726
0.3114901 -0.8170190 -1.1354476
-0.8035682 0.3599609 -2.1559269
0.0593782 0.5024829 -1.2641919
0.9621167 0.8529086 -0.8021286
0.5627201 0.4414820 0.1758520
0.5090429 -0.9669969 -1.5787736
0.0528913 -1.0496007 -1.5554904
1.2946678 0.6808166 -1.0247023
0.6213496 0.5385187 0.0440839
1.2098160 0.2942701 0.1720517
1.1948448 -0.3590756 -1.4224250
0.1178741 -0.6034612 -0.1122153
1.6561410 0.5973241 -2.9103179
1.9103599 0.7315529 -2.9698799
0.7575816 -0.6714622 0.7463242
1.5942521 0.6013301 -2.9014668
1.4152180 0.0509575 1.0308453
0.7301256 -1.2491297 0.4833876
1.2662441 0.1239748 0.7393758
0.7951777 0.4392391 -0.0649102
-0.5079097 0.2193964 -2.0556133
0.4955731 -0.6223199 -1.7060288
0.5499117 -1.3167000 0.4122925
0.5113717 -0.8004032 -1.1543494
0.2259719 0.0828170 -0.9261004
-0.7964713 0.2495456 -2.2220325
0.7335947 -1.5386318 0.3257927
0.6254752 -1.2876513 0.5460766
1.5919333 -0.0103767 0.5397993
0.2590338 -0.5379971 -1.0327225
1.5203582 0.4342682 -1.1659758
0.7900122 -0.1970384 -0.5908437
1.2718126 0.2045439 -0.6629994
-0.1476496 -0.6989049 -1.6328794
0.3370373 -0.5245664 0.5825402
1.2953445 0.2825127 -1.6701014
0.6733036 -0.3894767 -0.3789911
0.7327159 -0.1454667 0.7694812
0.3488954 0.1571636 -1.2526721
1.2616433 -0.2464773 0.7353866
1.3866483 0.3149038 -0.9389386
0.8542248 -0.2555075 -0.0487489
0.4308062 -0.0959374 -0.6386746
0.5068985 0.5909716 0.0967769
1.2785231 0.6301314 -1.0660510
0.3707097 0.0449158 -0.5221118
0.2463157 -0.8762096 -0.0087213
0.6753123 1.2107196 1.7451223
0.3426007 -0.0416978 -0.7444566
0.5932351 0.6389001 0.3373162
0.2103860 -0.7071550 -1.2676245
-0.1543741 -0.7904955 -1.7010136
0.7719375 0.3953228 -0.6927602
0.4633353 -0.0863061 -0.5892157
0.0390497 -0.8590502 -1.5680637
0.7262308 -1.3152786 0.5124624
-2.1289017 0.8171278 -2.6070900
0.9826690 -0.6216817 -1.5269979
1.2738773 0.1347405 0.7440056
-0.4425239 0.2799913 -1.7801694
-0.0037232 -0.4933407 -2.1224852
0.9275743 -0.4106739 -0.5410504
0.6041766 0.7220331 -0.2969606
0.7080520 -0.8280935 0.9306805
0.6929859 -0.6916720 -1.0253320
0.8424474 -0.6065187 -1.1883004
0.8103626 0.8383927 -0.2848380
-0.5311179 0.4804584 -2.0682101
1.3391998 0.0344354 0.9411885
1.2040930 0.2641588 -0.6946875
0.8974420 0.4517030 -1.0669675
1.0796975 -0.5146323 -1.5828227
1.4456825 0.0818551 0.9070454
0.1438712 0.3736255 -0.8675624
0.6403478 -0.9291956 -1.5664339
-0.2793781 -0.7551728 -2.8202093
0.6768309 0.5058234 0.7990245
1.1220441 -0.4420416 1.1941746
0.7163453 -1.2213593 0.3831133
0.2201114 -0.3042116 0.1257914
-0.0137289 0.5483364 -1.4613245
0.9400045 0.3758791 0.5043832
1.4172295 -0.2138979 0.6665347
1.0700263 0.4795269 0.3741932
1.0309129 -0.1336475 0.2281729
1.0647562 -0.0519987 1.2291274
0.6707639 0.4005011 0.4840043
1.2349589 0.0615916 0.3364004
0.7730823 0.6278332 0.6479710
0.5845405 0.5224507 0.2173537
1.0006177 0.4213106 0.1215513
0.1947401 -0.4628748 -1.9824935
1.2712635 0.0809799 -1.2787175
0.6640766 -0.0040009 -0.8664960
-2.1369338 0.7931649 -2.6836355
1.1219778 -0.0234541 0.2823565
0.8343231 0.4872841 -1.0897880
0.8803998 -0.1911284 -0.9046426
0.7410188 -1.7319112 0.1610035
0.9955238 0.7301488 -1.1725931
1.1432258 -0.0843868 1.3261309
0.5641437 0.0417008 0.7522367
-2.2089903 1.0503429 -2.5275004
0.7281650 1.8788722 2.0960188
0.5168701 -0.7185640 0.3540866
1.4236950 0.1886251 0.5208252
1.3213907 -0.3819696 1.4211835
1.5043889 0.1364021 -1.3997469
0.8084657 0.8307603 -0.6425009
0.8909803 0.2641172 -0.1298422
0.9179536 -0.4657234 0.0532137
0.6818704 0.2870748 -0.3173421
0.8020250 0.7966644 0.3593836
0.3900878 -0.8139201 -0.0099418
1.4783598 0.4519752 -2.2125504
0.4605582 -0.0104501 -0.4299824
0.1396262 0.2896987 -1.4857383
0.1451791 -0.8228077 -1.2772225
0.7400776 -0.5002732 0.6979409
0.3306577 -0.1974970 -0.3060205
0.4280714 -0.8208212 -1.7676034
0.4255403 -0.4304803 -1.6327360
1.0110275 0.1812107 0.0699625
-0.0300338 -0.7854578 -1.5333953
0.6015081 0.6879122 0.1553130
0.6890754 1.5743980 1.8559645
0.8300283 -0.6309793 -0.7633525
0.4870254 0.2446838 0.1792485
1.1173563 -0.0711052 0.0675874
0.9161211 -0.0778001 -0.9848146
-0.2924652 0.4952828 -1.5037179
0.8490131 0.8500659 -0.2040507
1.0448183 0.6311316 -0.9966744
0.9074262 0.7204822 0.1171722
-1.9554669 0.8501909 -2.8632295
0.1859930 -0.7516401 -0.0100409
0.1199308 -0.9974241 -1.5554713
0.9549668 -0.2590384 0.9204664
0.0125763 -0.4287052 -2.3382699
1.1544483 0.3540558 -0.7135638
0.3120331 -0.6252740 -1.2274792
0.2345116 -0.8331644 -1.3033125
0.7789130 0.5944400 -0.3056621
0.3679057 -0.3695557 0.6536030
1.1323369 -0.0817413 0.3200753
-0.2975011 0.2143557 -1.7158544
1.3476442 -0.0550511 0.5817606
0.5615661 0.2218658 -0.3743842
0.1028031 0.3950166 -0.8101404
0.7587233 -0.3935454 -0.9509562
-0.9741988 0.3669297 -2.3323815
1.1411813 0.1028804 -0.5198906
0.6660476 -1.0910099 0.5695457
1.1289090 0.1358258 1.7102171
1.4981604 0.4978230 -1.3561053
0.9941646 -0.2758115 0.9570163
0.6011991 -1.2613115 0.3076561
0.2093634 0.5075409 -1.2052023
-0.0644889 -0.5517792 -1.6000819
0.3729849 -0.0018444 -0.6487228
0.3566014 -0.4273569 -1.6401359
0.4272850 0.1220564 -0.5356679
-1.2323426 0.5373498 -2.5176747
0.0567564 0.4710935 -1.5697047
0.6404521 0.5667949 -0.0194801
-0.0365343 -0.7462094 -0.0803645
0.9204793 -0.6820329 0.6865107
0.2461533 -0.5163488 0.0645005
0.6102310 0.2661136 -0.3041047
1.4744642 0.3886920 -1.0644742
-2.1542706 1.2024860 -2.5585098
0.5382357 -0.5979414 -1.6319439
0.3711418 -0.0733506 -1.0350815
1.0981100 -0.5491652 -1.4922435
0.2368428 -0.5017595 -1.6364462
0.6630790 -0.4560283 0.7116343
1.0687464 -0.1131002 -0.8567599
1.4400238 0.0259260 1.3366297
0.1216440 -0.2138333 -2.0889037
0.2432257 0.0040814 0.0223050
1.2608223 0.0361296 1.4969218
0.0413319 -0.6067520 -2.5087378
0.6717243 0.2511853 1.1875900
0.9944184 0.6687830 -1.1988572
0.2406673 -0.9006153 -0.0319498
0.1720144 -0.4513212 0.1332417
0.7093577 -1.0034176 0.6621212
0.0631696 -1.1681871 -2.9850287
1.1369053 0.0527506 1.6804348
0.6742966 2.1076653 2.1735668
1.1321139 0.2135990 1.8469516
0.7104861 -1.8079520 0.1101421
1.0373354 -0.6274425 0.4012437
1.2603022 -0.2312586 1.4888111
0.4558246 -0.4480326 -0.0529520
0.8865455 0.4327202 -0.7455934
0.8430747 0.6504150 -0.2450948
0.4010856 -0.5722841 -1.0252134
1.6283215 0.2675062 -1.1495912
1.2882426 -0.3116765 1.0745823
1.0505518 0.0625604 0.7405463
1.3619276 0.5316537 -1.7262483
1.0032909 0.6428316 -0.1431853
0.6233703 0.3361355 0.5692359
1.5163717 -0.0624033 0.9988132
0.7928318 0.2873302 -0.5746436
0.1407002 -0.2244936 -1.7283329
1.4299778 -0.1864339 1.2466582
0.2639312 0.0710286 -1.1499927
0.0135158 -0.2752327 -1.6332157
-0.1742615 -0.6127526 -1.6399797
1.4027095 0.2219988 -1.7308295
0.8623304 0.8057363 -1.3042237
1.2559872 0.3231092 -0.8193252
0.1962577 0.2815496 -1.4426109
0.8348444 0.6984905 0.0160014
0.2293823 -0.5044157 0.1810609
0.7706621 -0.8427314 0.6758544
0.6666105 2.0386302 2.0786088
0.2550008 -0.0119627 -0.0153429
1.2304529 0.0623214 -1.2565711
0.3319755 -0.0825026 -0.8067105
-0.2202726 0.4587390 -1.3642598
0.7762554 -0.3107807 -0.3210306
0.6814196 -0.9016123 -1.3478537
0.6383224 0.5941270 -0.0322730
-0.1167267 -0.4344894 -1.7558107
0.1962252 -0.3816426 0.1868325
1.1327027 0.2195208 0.2806849
0.3605472 -0.2604405 -0.2051017
0.4363090 -0.3786298 -0.0824846
1.2144283 -0.0308051 0.0357290
1.6214330 -0.1080825 0.8692943
1.4261597 -0.2232178 1.0188483
0.6679454 -0.4491415 -0.3998669
0.4702348 0.2130238 0.4121782
0.1799868 -0.1696628 -1.3374714
0.6317269 -0.1081333 0.7529761
0.7363579 -0.0087204 1.0828557
0.7643554 -0.7454034 0.7100426
-0.0424076 -0.7010803 -1.6126173
1.0370626 0.0630546 0.5372918
0.8540391 0.8414738 -0.2583866
0.0293596 -1.0284004 -2.9652750
1.2477821 0.1474420 0.0319312
1.1331979 0.3616008 0.3411125
0.1669708 0.0806985 -1.1367837
1.5156550 0.0799893 0.7463265
0.7315741 -0.4760008 -0.3752224
0.7187229 1.7636349 2.1013620
-0.2648925 0.4603479 -1.4427124
-0.2211195 0.5045254 -1.4474200
0.6662761 0.3377033 -0.1713635
0.1936415 -0.6445368 -1.6585984
1.3076438 0.4742433 -1.8693541
0.2682267 -0.8772712 0.2105032
0.7943470 -0.3604287 -0.3231476
0.9433761 -0.1654304 1.1761276
1.4437288 0.8507046 -2.8249192
-1.3459955 0.6375511 -2.6426370
-0.3746088 0.2364321 -1.9785401
1.4770871 0.8747879 -2.8462961
0.0879889 -0.5447833 -2.4503531
0.6842737 0.7758477 0.2800751
1.1260475 0.1925552 -0.4902865
0.1503426 -0.1747848 -1.4670042
0.4650540 0.3322038 0.4773253
0.3772423 -0.4745938 -0.9235384
0.7056560 0.0293278 -0.6619078
0.5053231 0.0277932 -0.4999502
0.9863719 0.4902075 -0.6715210
0.2738135 -0.9127492 0.1713054
1.1241200 0.7149095 0.2362029
-2.1621828 1.2451237 -2.5761244
0.9432046 -0.5282873 0.3608943
0.6607524 0.4068984 0.9475169
-0.4224813 0.4579461 -1.6090957
0.9642646 -0.0204853 0.6896812
0.1133629 -0.5064425 0.3828894
0.4203530 -0.6690894 0.1684915
0.1220336 -0.5403177 -1.9180065
-2.3716140 1.1677958 -2.7143221
0.3485010 -0.0928440 -0.4029542
1.2101426 -0.0195167 -1.0819423
-0.2578005 0.5048825 -1.3338072
0.8405899 0.7073374 0.2458048
0.6497802 -0.8427912 -1.3455778
0.1210693 -0.8599363 -1.3169602
0.7664123 -0.4194411 0.4335998
0.0746987 -0.9408011 -2.8623993
0.1811636 -0.6697481 0.1456273
0.5998514 -0.7877582 -1.0873889
-0.1602659 0.2841746 -1.8132424
0.7999398 -0.2131292 -0.9315577
1.5088979 0.1300224 -1.3124213
0.0514733 -0.5383531 -2.4896326
1.1562438 0.3118480 -0.6797264
1.3662406 0.6692532 -2.8218982
0.6569520 -0.8884819 -1.5203978
0.3698095 -0.4927637 -1.0406227
0.6765792 2.0260966 2.1836410
0.5360280 0.3437793 -0.7513062
0.5158754 -0.6998801 0.2850344
1.5029048 0.5291666 -1.0232261
-0.8065516 0.4123127 -2.1106884
1.6253546 0.2877198 -1.1388648
-0.0039084 -0.4604713 -1.6203003
-0.6591493 0.4127862 -2.3310456
1.2976360 -0.4448926 1.2976366
0.8517104 -0.6536976 0.3583680
1.1375412 0.4635286 0.2779327
0.7355440 -0.5559579 0.8946430
0.4736904 0.0129700 -0.7146839
0.2621955 -1.1580884 -1.6520706
-2.0315146 0.8539739 -2.5258033
0.1873063 -0.9970656 -1.3937378
0.8436856 -0.1191099 -0.9176280
1.5303265 -0.2451977 0.7054004
1.1162105 0.4964429 0.2855331
0.2974600 -0.0049179 -0.2117497
1.1015381 0.0393739 -0.7119185
0.7085129 0.3360319 0.5467861
0.6309745 0.1637540 -0.5175921
1.3327742 0.2256033 -0.7488704
0.9189941 -0.6231411 -1.3223788
1.3870823 0.5844901 -0.9490592
0.2301545 -0.8846153 -0.0147992
0.6780780 2.0771413 2.2045681
1.0613428 -0.1322434 1.2891494
1.3756337 0.3881792 -2.1355112
0.5713249 -0.4021281 -0.0487567
-1.9686047 1.0758646 -2.5326989
-0.2151491 -0.6181075 -1.8328825
0.7244135 0.0013482 0.9950110
0.3626073 -0.6400354 -1.8939003
1.2660136 -0.1288768 0.0617303
0.6007473 0.2555665 -0.9917263
1.1379068 0.0192741 1.2097255
1.7376156 0.9018476 -2.9077537
0.3424233 -0.1261890 -0.4222313
1.6565930 0.6087283 -2.9629581
0.7505990 -0.1278270 0.8993867
1.3938807 0.1632982 0.5162495
0.0965445 -0.8368736 -1.3421340
1.5176771 0.1056731 1.1449249
1.2295696 0.0708986 1.0724715
1.3890277 0.8225922 -2.9363875
0.9159395 -0.5058972 0.5227364
0.9626239 -0.0701646 -0.2132755
0.2085842 -0.5295742 -1.7244766
0.7205947 0.2570658 1.1875352
0.4123295 0.3238457 -1.2259766
1.1275543 -0.1181264 -0.9558583
0.3103788 -0.8361224 0.2539287
0.2191977 -0.1867688 -1.1817645
0.3949834 -0.0709582 -1.4378731
-0.6948722 0.2191891 -2.1454654
0.3561726 0.0069422 -0.7429457
1.5070819 0.2269476 -0.9305772
0.5157706 0.2590255 -0.6056342
0.2347505 -0.1239224 -1.3231890
1.8256147 -0.0674092 0.6336914
-1.7216109 0.8732064 -2.7663205
1.5143824 0.5280935 -1.4750490
0.7107230 -0.4450570 0.9790333
1.2287863 0.3937141 -1.0490917
0.6958475 0.5911893 0.9491493
1.3192878 0.6452146 -1.0702093
1.1192087 -0.1008293 1.2251172
0.2294739 -0.9082898 -1.2935849
1.1336180 0.1732588 1.7297674
0.7405425 -1.3473051 0.5290447
1.4657530 0.4515093 -1.9688761
1.3570359 -0.0711485 0.1366466
0.7683499 -0.7506117 -1.2504787
-2.4546008 1.2532955 -2.6869853
0.7018416 0.9416487 0.5707597
0.4350076 -0.9762623 -1.4251167
1.4449879 0.4883550 -1.9389991
-0.1214225 0.2102679 -1.5719154
0.8188710 0.6893030 0.0520870
0.6960965 -1.5597090 0.2767323
1.2423825 -0.0416347 0.6682908
1.0989898 0.1871851 1.7888334
0.7061798 0.0466695 1.0653358
1.1058851 0.5891221 -1.2184695
1.5920365 0.3940711 -1.6533875
1.2472419 0.0405637 -1.2002100
0.7419835 -1.3878666 0.3948980
0.6570803 -0.8005232 0.7690988
0.9768871 -0.0159231 -0.2379593
0.6736403 1.5194755 1.8879920
0.9604763 0.1964624 -0.2158032
0.6752385 1.8009087 2.1048224
0.2645863 -0.1726380 0.5852018
0.4306486 0.1374774 0.6006879
0.3871377 0.0097961 -0.9755920
0.2636572 -0.0585964 0.2535906
0.8526809 0.4146582 -1.1625338
1.6360689 0.3732651 -1.5952457
1.0344895 -0.1202069 -0.4114575
-0.4797522 0.4739089 -2.0965624
0.8978490 0.7799065 -1.0833292
0.7172602 -0.4608935 0.4149039
0.7298715 1.8952528 2.0513985
0.3835213 -0.8643292 0.2566446
1.1479926 -0.5134779 -1.5018408
0.4300157 -0.5253683 0.5964934
0.5104603 -0.4135721 -0.4796133
0.9440718 -0.5301995 -1.0459436
1.0818226 0.6320555 -1.0513910
1.3647584 0.1371830 1.2789179
1.4863366 0.4078108 -1.0977360
0.6754738 1.4255332 1.8552325
0.8102699 0.2182977 -0.8658386
0.8155847 0.7297049 -1.2922939
0.8255575 -0.3632224 0.4038204
0.3342244 0.1146572 -0.1082576
-0.6577240 0.2492061 -2.0506194
-0.0677057 -0.5393128 -0.0280229
0.8184189 0.8179885 -0.4534422
0.6499721 -1.8222170 0.2190841
-0.3252499 0.3734335 -1.5468600
0.5890260 -0.7088069 -1.6343176
1.4497378 0.2844313 0.6373107
-0.8523217 0.3419579 -2.4974799
0.8796957 -0.6814142 0.5986891
0.7607561 -1.3445137 0.4046316
0.9617256 -0.5247526 0.4255438
0.4782069 -0.9746420 0.1591663
0.9464351 0.1818429 0.8512488
1.4114130 -0.2937350 1.1298660
0.7700608 0.3962637 -1.0221237
1.4087052 0.0759440 -1.0398641
0.4477907 0.2964744 -0.6583973
0.6002886 0.0127715 -0.5779102
0.8415906 -0.5937666 -1.1315264
1.0933158 0.3494456 -0.9028515
1.4305081 0.5343065 -1.8588308
0.7133295 0.6526480 0.9994983
0.5354038 0.0169408 -0.6119235
0.7220321 -0.3924502 -0.1737749
0.4911213 0.3963382 0.1418078
0.6120557 -0.3701980 0.6780071
-0.9239281 0.4465817 -2.2781985
1.2997930 0.4787523 -1.6560673
0.5744343 -0.5910117 0.2868736
0.4884263 0.2907090 -0.6408606
1.4334143 -0.2393672 0.9153837
1.3220201 0.0036579 0.5956218
0.4864185 -0.7163817 -1.0596442
0.3404313 -0.1140925 -0.6307724
0.7781310 0.5702240 -0.2181118
0.8716153 0.2982497 0.6208382
0.6627771 0.1174978 1.1449373
0.3253557 -0.7934985 -1.1996783
1.1404747 0.0041386 1.2981871
0.6692187 0.4096788 0.9237448
0.9505686 0.2403904 -0.0011909
0.4469543 -0.3865995 -0.0519451
1.3217334 -0.0905714 0.5882921
1.2114382 0.5738944 -0.8262604
1.3997972 -0.2507031 1.3552506
0.4633662 0.1085191 -0.5328098
0.5441577 -0.7124462 -1.6999569
1.2229180 0.1628387 0.8073025
1.0801702 -0.1891361 0.1180213
-1.9151270 1.1188874 -2.8236096
-0.1053766 -0.4809992 -2.5465217
1.5968492 -0.1869030 0.8731908
0.7198823 -0.3228260 0.7274778
0.5058578 0.2297535 -0.0120033
0.3466481 -0.1978860 -0.4610396
0.7213906 -0.5566090 -1.1579630
0.5587626 0.3047530 -0.5819609
0.9401087 -0.3114470 -0.4785311
0.6540788 -0.8605900 0.5582145
0.6210074 0.1430154 -0.9382914
0.6637509 -1.6965548 0.1386265
1.6670823 -0.0310776 0.8218004
0.4585801 -0.1170524 -0.8813923
0.5626633 -0.6633620 0.1507126
-0.0332724 0.1665948 -1.3401474
0.4635962 -0.0330302 -0.4884960
0.2169340 -0.8398352 -0.0550802
0.6874381 2.2041719 2.3097084
-2.2662013 0.8967666 -2.7256296
1.3958790 0.2420841 0.2839707
0.2648909 -0.1990159 0.2632357
-0.0910604 -0.5438625 -1.5175817
-0.0714235 0.4852115 -1.0489429
0.6907828 0.9525735 1.6802772
0.8245044 -0.3861809 -0.4852924
0.1713816 -0.6996024 -1.4833752
0.0731091 -0.8192811 -1.4970231
0.9824730 -0.5548351 -1.1414393
0.3833266 -0.0401682 -1.2147077
-0.7623064 0.3545955 -2.1048274
0.6408698 -0.6930562 0.7693378
1.1078986 -0.3957897 1.6867908
-0.1249581 -0.6041443 -1.6742193
1.0978389 -0.1911530 -0.4851900
1.2248108 -0.0224826 0.1661909
1.3068674 -0.3038815 0.9097308
1.2899250 0.4818970 -1.4926980
1.3568349 0.4591164 -1.4703554
0.4113932 -1.1573336 -1.6269976
0.3979194 -0.9285909 -1.6582090
0.7233083 0.7082806 -0.1701419
0.4202453 -1.0751873 -1.4520524
0.9099714 0.1920217 0.8126022
1.0836678 -0.4350966 1.1370925
1.2598568 -0.4060096 1.1380796
0.7472948 -0.4376355 -0.9489838
0.8925515 -0.5805454 -1.0821384
0.5498432 -0.3595137 -0.2761403
1.3204042 0.3398944 -0.8192236
0.9601890 -0.0678466 -0.1678221
0.6708542 0.9612080 1.5621119
-0.0160186 -0.7875965 -1.6260277
0.3540146 -0.0455743 -0.6871319
0.1579844 -0.6197490 -1.2038091
0.9940466 0.7164733 -0.4207731
1.5465465 0.3031271 -1.6202109
1.4493705 0.2586913 0.7104577
0.1661327 -0.6379057 0.1531058
0.8460513 0.0844689 -1.0296273
0.6141962 -0.8950073 -1.2735431
0.0484600 -0.7497338 -1.5106108
0.9842208 -0.1252860 -0.7631687
0.7385324 -0.6702434 0.6375599
0.3170976 -0.2924939 -0.8476936
-0.5009831 0.4351391 -1.8086853
0.9096164 0.5980745 -0.3061739
0.8057986 0.6905555 0.0250854
-0.5140625 0.4427894 -1.7733105
1.4320033 0.8624239 -2.8728697
1.2464789 -0.1891937 -0.9866025
1.3832505 0.1660610 -1.5514661
0.4324086 -1.1769607 -1.6936351
0.1926692 -0.9939775 -1.3860394
-0.1314683 0.4896546 -1.3182964
0.5415099 -1.3601637 0.3813028
-2.0371237 0.8354114 -2.8564000
0.2944324 -0.8106772 -1.6447337
1.0860397 0.5235290 -1.1705048
1.0717598 0.5973636 0.4045588
0.9411570 -0.3398316 0.3739330
0.0365758 -0.8240435 -1.5590388
0.7397718 -0.3121909 0.8921089
-2.1156819 1.0518235 -2.8700008
0.6794906 -1.2986763 0.4884326
0.6949341 0.3395799 -0.7570861
0.6795734 0.0647737 1.0887986
0.3653085 -0.3079192 -1.0274938
0.7216044 -0.7224621 0.8712211
0.5333945 0.3438457 -0.7506796
1.2348399 -0.0269774 0.2005466
0.1326912 -0.5952998 -1.6356772
1.3722340 0.1550723 -0.7689387
0.3449521 -0.0243035 -0.3786765
1.1149285 -0.4239385 1.1222242
1.0127946 0.0738069 -0.2835961
0.5936922 0.3123173 -0.6374733
0.7239230 -1.3665286 0.3894621
0.7079421 0.1934066 -0.4645723
0.0647096 0.4808975 -1.1986554
0.5887834 0.3146861 -0.0972163
1.3985142 0.0203824 0.3139726
0.1730123 -0.4496989 0.5016180
0.9639727 -0.4231530 -1.1996262
0.1455401 0.0919898 -1.0779965
0.9928366 -0.2719268 0.9702526
0.3287377 0.0180105 -0.9023227
-0.2257647 -0.5674987 -2.8057208
-0.2889096 0.2319666 -1.6275227
0.7165745 0.7569827 1.5293969
0.6670229 -1.7143804 0.1065223
0.9262812 0.7679874 -0.9304398
0.3633091 -0.3139408 -1.0183116
1.4023224 0.6977456 -1.0342546
0.7086455 -0.5492405 -1.5333080
0.4383947 -0.3428603 -0.7784597
0.8469133 -0.7138083 -0.9296592
0.8102735 -0.2723443 -0.0971784
0.6980736 -0.0193421 -0.6879050
0.2450934 -1.0690621 -1.4285672
1.0555375 -0.2340476 1.1037397
0.1146677 -0.9068829 -1.3563908
-0.0316453 -0.8841430 -2.8855627
0.2980361 0.0833772 -0.8125554
0.7752033 -0.7657131 -1.4212939
0.8573008 -0.4221517 -0.4302280
0.7587989 0.2974981 -0.3644140
-1.8199561 0.7713155 -2.7037737
1.4952334 0.5547304 -2.3985555
0.2461728 -0.0922926 -2.0764034
0.5067101 0.4087380 0.1305102
0.0775103 -0.9997381 -1.4854456
0.9008510 0.8168235 -0.5769054
0.9865919 0.0527812 -1.1565903
0.2345964 -0.5769626 0.1819555
0.7757547 -0.3319855 -0.9754634
0.6724557 0.3677982 -0.0084409
0.3621030 -0.8787672 -1.4906142
1.4730947 -0.1419127 1.0176765
0.7815628 0.4084645 -0.7899987
0.5264319 0.2646164 0.0488054
0.6765061 -0.5238867 0.7145521
0.1807994 -1.0463665 -1.4377267
0.9202729 -0.2204500 0.4346203
0.7694181 0.2282012 0.8063769
0.5411494 0.2886542 0.6238964
0.7245991 -0.5436960 -1.1266260
0.3543032 -0.1270098 -0.4013702
0.7175900 0.2341859 -0.3706260
-0.7870365 0.4537025 -2.2965317
1.1824468 0.0076094 0.5619081
0.2402600 -0.1173392 0.1012246
1.1063627 -0.1768192 -0.7091798
0.0408441 -0.6754220 -1.3832570
0.9989753 -0.2235815 0.1809114
-0.0894494 0.2895516 -1.2459917
1.4510292 0.0953741 -1.0730989
0.0932995 -0.5008199 0.2488493
1.1886463 -0.2015028 1.1474694
1.6230226 -0.1030559 0.8697769
0.5488431 -0.8846154 -1.2026542
0.8067681 0.6808305 -0.6097483
0.1131072 -0.7208526 0.0431747
1.3959365 0.3740307 -2.0027652
0.4642767 0.2819240 0.6217282
-0.0444064 -0.9938590 -1.6604975
0.0597492 0.5317059 -1.4746668
1.3986707 0.1779151 1.2266594
1.3683676 0.1665459 -0.7625510
0.0345207 -0.9108162 -1.4299655
0.2060774 -0.8151253 0.0987554
1.2334944 0.3965412 -1.8581294
0.5002083 0.1369726 -1.1218657
1.2919613 0.0685748 0.1470209
1.0587671 0.1845907 0.5353761
0.6571472 -1.2986840 0.4024970
1.6171772 0.0085105 0.8544326
0.9829457 0.5740811 -0.0070530
0.9018687 0.0804321 -0.4474474
1.6801405 -0.1335104 0.5925396
0.2587159 -0.1386181 -2.0111227
1.3561033 0.3302279 -0.8174443
1.3933421 0.1222530 -1.5182872
1.0065652 -0.5356700 0.1109848
0.6840928 0.5901932 0.2941089
0.6557274 0.5005630 0.9325649
0.1712143 0.2652957 -0.8697919
1.3386480 0.3547248 -1.8968761
0.3795766 -0.4554531 -0.7809071
1.8725146 0.9004195 -2.9186318
0.7408393 -0.4885066 0.8826737
1.1060219 0.0584181 -0.7211348
1.0893553 0.0380572 -0.7593374
-0.0030503 -0.4829767 -2.4614329
1.3897403 0.1011263 -1.6001055
-1.0709901 0.3216148 -2.4998984
0.0833084 -0.8802552 -1.3678194
0.4409725 -0.0421898 -0.5938976
0.8542867 -0.4472947 -0.4365077
0.4797667 -0.7499835 -1.0982214
1.1098173 0.1394651 -1.2786775
1.1694497 -0.1020846 -1.0146410
-0.9461029 0.4120073 -2.2974887
1.4205295 0.2033689 -1.6262783
0.4541694 -0.3845749 -0.0579546
1.0876037 0.1420771 0.8272914
0.9955459 0.6052273 -0.9859414
1.0412726 0.0106283 0.5697554
0.6870547 -1.3449059 0.3920419
0.9144996 -0.2333924 -0.8374656
0.0895035 0.1437368 -1.0560004
0.9172044 -0.3314872 0.6117067
1.0192356 -0.3787675 -0.8093023
1.2669147 0.4311410 -2.2042491
1.0967187 0.3265366 -0.6532699
1.5086530 0.1160635 -1.2320999
0.9386759 -0.1454793 -0.9014364
0.9630445 0.0384516 -0.1735089
1.0175536 0.0660586 0.6516306
0.3243469 -0.5052968 -1.2253226
0.6845929 0.4190320 1.3685777
0.4567028 -1.0835012 0.3258262
0.9081296 -0.0016842 1.3280187
0.6634201 -1.0297347 0.5562663
1.0731947 -0.3929884 1.8114775
0.8128890 0.6919333 0.0101713
0.7871458 0.9173242 0.6552455
0.5582602 -1.3474464 0.4156755
0.7185655 0.6272624 1.4547091
1.1487740 0.3446854 -0.9470193
0.9058666 0.8496125 -1.2676107
0.2702473 -0.6244352 -0.0725340
0.5397006 0.1535182 -1.0928288
1.5177150 0.5186529 -1.6507806
0.5202585 -0.5389814 0.0713313
0.7176427 -0.5524327 -1.0445712
0.7296840 0.1009998 -0.9100106
0.6294423 -0.8344053 0.6341059
0.2909517 -0.1222517 -0.2768267
0.9939644 0.0162445 -0.2088886
0.6738756 -0.0968082 1.0915949
0.7533334 -0.4010078 -0.2972257
0.4083997 0.0178599 -0.6742814
-0.0350659 -0.4955609 -2.2029405
1.4233879 0.0126058 1.3023310
1.4743241 0.6787293 -2.4880440
1.3812081 0.1987228 1.3110708
1.3060597 0.0446803 -1.1377006
1.1115766 -0.1886870 -1.0105774
0.5660293 -0.4887863 0.5972525
0.0432057 -1.1132247 -2.9289849
1.0763177 -0.3118617 1.7394675
1.2160094 0.7274618 -0.9677171
1.4643691 0.3999350 -0.9155982
-0.0826859 -0.5288649 -0.0062854
0.8293675 0.7155148 0.3175606
0.4072110 0.1082398 -0.6323817
0.3535402 -0.0144591 -0.7184398
0.5847003 -0.5296895 0.0826865
0.9442800 0.6099880 -0.1568842
0.7771897 -0.0089696 1.0969789
0.2953193 -0.1542382 -1.2694595
0.2283509 -0.5272316 -1.6518533
1.0068187 -0.4046790 0.0593161
1.1822438 0.4211620 -0.9621543
0.5312744 0.3645000 0.3086278
-0.9652060 0.3828360 -2.3210275
0.7949167 0.6914930 -0.1941141
0.7352081 0.4400182 0.9917308
0.8857360 -0.6621471 0.6264261
0.8628144 0.3275454 -0.9912129
1.4779748 0.2909179 0.6245991
0.4593471 -0.4402476 -1.6105229
-2.1197872 0.9116885 -2.8623464
1.3684669 0.5524049 -1.3859922
0.9780826 -0.5217689 -1.0825032
0.7898373 0.1917215 -0.4262698
0.8422809 0.4082584 -0.6158003
-0.1755152 -0.6861020 -1.7677553
0.6363980 -0.6958541 -0.9965158
0.5566750 0.2305128 -0.3634488
0.6552255 0.3309578 -0.0098075
0.9386644 -0.6860064 0.4467758
1.5822135 0.3400598 -1.6369538
-0.1541675 0.2456715 -1.3843192
0.5655224 -0.4270034 -0.5658218
0.3345365 -0.1788330 -0.2867847
0.0476796 -0.2711661 -1.8084027
0.5597711 0.3072295 0.6268206
1.2309630 -0.0121838 0.3047418
0.0358171 -0.3736595 -1.6391956
0.9184660 -0.2075177 1.2300932
0.0310094 0.2776558 -1.5540853
0.7102382 -0.5859264 -1.0360506
0.6893703 -1.1806536 0.4089260
1.4853491 0.3876290 -1.0285317
0.4043346 -0.9625114 -1.3706847
-0.0789553 0.4432188 -1.0476828
0.9521084 -0.1633852 -0.8737906
0.3960378 0.0365902 -1.0510645
0.6872905 0.5236261 0.7406636
1.4882771 0.2427725 1.2171613
0.8410030 0.4544590 -0.0937641
-2.0861578 0.8412926 -2.5644441
0.2935610 -0.6506090 -1.4077357
0.8686156 -0.4448200 -0.7665539
1.2535307 -0.2500681 1.1255689
-1.1484722 0.3580269 -2.5745835
0.3526525 -0.3328742 0.6494792
-0.4058819 0.4944756 -1.6064850
0.3598268 -0.1766603 -0.5571434
0.7780820 0.1274623 0.9888607
1.4832014 0.2357953 -0.8847846
0.8626633 0.7908906 -0.8382348
1.4851820 0.3449963 -1.8126959
0.2010186 -0.4704064 -2.0666649
0.7011845 0.4992033 0.3097928
1.0175755 -0.2903230 -1.0505087
0.5792391 -0.4991404 0.5893569
0.3265917 0.0195890 -0.8928869
0.4913500 0.4858384 0.3543338
1.0531005 -0.1229804 1.1893239
-0.0156144 0.4506913 -1.0088463
0.6838565 -0.6736412 0.6155589
0.5847304 0.1105241 -0.6256096
-1.5187503 0.5845407 -2.6289558
0.3207433 0.2901433 -1.3284261
1.0667703 0.1607024 0.8903924
0.5936286 0.2933374 -0.7075378
0.7293267 0.0160887 1.0734107
-2.4422204 1.2412751 -2.6973484
-2.3562007 1.2285483 -2.7455485
1.1881914 -0.0223663 -1.0976280
0.5313124 -0.3914907 -0.1846267
0.9329135 -0.1902967 -0.8658483
0.6543876 -1.1576215 0.3883297
1.3332264 0.5156652 -1.8157523
0.5343726 0.5952023 0.1015106
0.1595729 -0.7101687 -1.6528771
0.6522443 0.2251515 -0.9470935
0.1605057 -0.4177241 -1.2307301
0.3010687 -0.8214341 0.2533174
1.4536202 -0.2652261 0.9305626
0.0245791 -0.4221075 -1.3946877
0.3606716 0.0124464 -0.9784655
0.7279291 0.2902808 -0.2702168
1.0179944 -0.5062246 -1.3986413
1.0331068 -0.2490267 1.0521555
1.5109988 0.6417951 -2.5159125
0.8660512 -0.5209011 -1.2209122
1.4380183 0.0890737 -1.4551458
1.0009768 -0.1819281 1.1473037
0.0782145 -0.1769434 -2.0306630
0.3963620 -0.7657809 -1.0199221
1.4094170 0.7932647 -2.7387509
0.3250573 -0.6068851 -1.5157722
0.6697321 0.0983498 1.1003267
-1.7425448 0.9484630 -2.7537889
1.3643681 -0.0573065 0.1624257
1.4927762 0.3641402 -0.9890658
1.4738736 -0.1981047 1.1597620
1.4761618 -0.1670397 0.9953555
0.3555146 -0.2824953 -0.5952752
0.9250034 0.1580436 -1.0969381
0.3969268 -1.0501046 -1.5336288
0.0742172 0.4998254 -1.2501163
1.2736124 0.1098437 1.1676835
0.6248822 0.3076535 -0.7012087
0.3535369 0.3104563 -0.7263485
0.3271889 -0.1524906 -0.3433984
0.1930472 -0.1389848 -1.5241427
1.0176141 0.8268955 -1.1712450
1.0714939 -0.1787037 -0.5415027
0.6738016 0.8595607 1.5009186
-2.4010792 1.0517793 -2.6039524
1.2803601 -0.1280336 0.0928222
0.2817127 -1.1973807 -1.6145723
1.5558650 -0.0906544 0.9670690
0.9292861 0.0586587 -1.1120305
0.8093066 0.0879167 -0.9910253
0.6942700 0.0430600 -0.6042401
1.2811745 0.0735280 0.3721202
0.9842118 0.0123199 -0.2606445
0.6814905 1.6502333 1.8944584
0.5667306 -0.1871896 -1.1421466
1.0202578 -0.0777419 -0.0708703
0.7195381 -0.5747745 -0.9281566
1.2622490 0.3673013 -1.9936433
0.2715270 -0.4413671 0.5802898
1.4757398 0.6628515 -2.4283993
1.0082455 0.3011810 -1.0842549
1.3204067 -0.0443331 1.1148010
0.2819900 -0.7903965 -1.3915448
0.6466368 0.7658992 -0.1413590
0.1045570 -0.1747731 -1.7808577
0.7544027 0.4504577 -0.0632997
1.3423048 0.2981006 -0.7775449
0.9029238 0.8513095 -0.7303590
0.6797394 0.7962257 -0.3787494
0.5123988 -0.5597621 0.0180380
0.9583876 -0.3408214 0.4777845
0.7695062 -0.8651761 -1.6173347
0.3274669 -0.3504290 -0.9703190
0.7546318 -0.4424075 0.2943088
0.1934419 -0.6372588 -1.5836267
0.4836194 0.0165779 -0.5623771
1.0159689 0.7268426 0.1870179
0.4199514 0.1928016 0.2575367
0.0646579 -0.1910539 -2.0764723
0.7048153 -0.4211150 0.1029565
1.3025424 0.0928898 -1.3491092
1.2085481 -0.3266912 0.9388642
1.3867658 0.1703917 0.5490285
-0.0906111 -0.5387489 -2.7792890
0.5318607 -1.0362996 -1.6699712
0.7911322 0.3140677 -1.1616566
1.2457751 0.1130123 0.5050681
0.6690168 1.9310968 2.0955007
1.3449615 0.6335296 -0.9703715
0.6715232 1.0208297 1.6180112
0.0523187 -0.2116302 -1.6702306
1.2449960 0.6676859 -0.9323436
0.0256328 -0.6154944 -2.1363137
0.6225111 -0.7109205 -1.5789560
0.2686848 -1.1959710 -1.6129696
0.7105414 1.1806400 1.7881508
0.7149481 2.2896485 2.2614369
0.2522122 0.0554478 0.2954989
1.5572027 0.3383278 -1.6709098
0.9690545 0.6224838 0.1890615
-1.4902519 0.6810767 -2.7508421
1.0293308 0.4632699 -1.2234210
1.0478646 -0.3629301 1.9921774
0.8507022 0.6664250 -0.2421344
1.0404099 0.0867314 0.5470336
1.9067111 0.7483559 -2.9734654
0.1019146 -0.8015367 -1.3291576
0.6789230 -1.1215497 0.5075597
0.3879020 -0.3976486 -1.5938373
0.8050148 0.9128188 0.6823946
0.5305991 0.3004918 -0.5954399
0.7647105 -1.3666750 0.3894532
0.3533152 -0.6032369 -0.0072113
-1.3279648 0.4330531 -2.6029577
-0.1107293 0.2465596 -1.3056939
1.3852296 0.1253998 0.3903820
1.1286168 0.1800192 0.3015503
0.8043761 -0.2164736 0.4912372
1.6929432 0.3050590 -1.2622689
0.0804165 -0.4502690 -2.3785508
0.5589883 0.1397596 -0.5208803
1.0430509 -0.3059784 -0.7374332
1.1914237 0.5685157 0.3380626
0.0761561 -0.5746021 -1.4097227
0.5746703 0.2247607 0.8450761
1.5555166 0.3483427 -1.6998861
0.9350083 -0.0829054 1.1835728
1.1651255 0.1838582 0.1811547
0.8062599 -0.5596233 0.4097652
-0.0490511 -0.6133406 -2.2767081
1.3872300 0.2766120 -0.7915555
-1.8069290 0.8999057 -2.8208232
0.7911757 -0.4171385 -0.9648876
0.1527589 -1.1216851 -1.5270923
1.1271542 0.2685217 0.3403356
0.7119321 -1.2114384 0.5238032
0.4579202 -0.6869481 -1.7663615
0.3528255 -0.1221971 -1.4967002
0.7269913 -1.2860037 0.4730774
0.7235165 0.4233797 -0.6999187
0.7397262 -0.1863348 1.0009726
1.1254247 0.4341785 0.2904944
1.4205086 0.4092928 -2.1115983
0.3613645 -0.5836703 -1.1139674
-0.2679450 0.2269556 -1.7960804
1.2204851 0.3898199 -1.8917223
0.7318697 -1.3417795 0.4338242
0.9989811 0.0689988 -0.1603381
0.1456941 0.3182184 -0.8860631
0.8639819 -0.2424281 0.3156123
0.2563641 -0.4776677 -1.9196607
0.4799184 0.4615167 0.5300104
0.3225920 -0.0634631 -1.1567693
1.1850553 0.3846397 -1.0669283
0.1268192 -1.1441643 -1.6341424
1.4535011 0.2043579 -0.9271824
1.4438765 0.1744533 -0.8069370
-1.3355703 0.6197836 -2.6020069
0.9188595 0.6967244 0.1356080
0.0216426 0.4169540 -1.0031774
0.1597028 0.5066147 -1.2183517
0.7683280 -0.3378664 -1.0039831
1.3716857 0.5599197 -1.4034691
1.3096060 0.4722212 -1.8820703
0.3927771 -0.6829023 0.4275909
0.8776565 -0.1597753 0.6761715
1.5117284 0.6453107 -2.5405142
0.7493436 -0.4280967 -0.3384566
0.9233478 0.8134217 -1.2940813
1.3784021 0.2176378 -1.5829899
0.1726883 -0.6215150 -2.0416853
0.9545544 0.2716332 -0.1848575
0.4072812 0.2635521 -0.6091773
0.4891777 0.3558890 0.4974930
0.7333249 -0.4135929 0.9248731
0.0619842 -0.5516766 -1.4211721
1.1486106 -0.0897958 0.1754505
0.5246939 0.5290970 0.2359236
0.8457337 -0.0414774 1.1778784
0.6748898 0.8141651 1.5301597
0.6856080 0.2402267 -0.3620891
0.6698506 -0.6148853 0.8840833
1.3178190 0.5827245 -2.0879216
0.1431949 -0.5687208 -1.3182847
0.5222555 -0.5843568 -1.7034277
1.4476331 0.5549285 -1.3073570
-2.0947866 1.0842553 -2.5391610
0.4347476 -0.9334636 -1.2210211
0.2545865 -0.0780944 -0.0260888
0.1581885 0.1599479 -0.9501035
1.4728960 0.2094481 -1.5545890
0.1138276 -0.5644068 -1.9612460
-0.1031347 -0.9419160 -2.8694844
0.3826744 -0.3190516 -0.5462108
1.4147766 0.8195908 -2.7937186
0.4217906 0.1213243 -0.2926208
1.0168263 0.0744108 1.2152854
0.4693150 0.1785776 -0.1506997
1.4438989 -0.3669746 1.1723011
0.2416973 -1.0398955 -1.4900857
0.8701530 -0.7056251 -0.8710561
1.1972855 -0.0311448 1.2041945
0.9838449 -0.3970949 0.1822134
0.0296835 -0.9514415 -2.9514427
0.8506692 0.8473088 -0.7886113
1.4013876 0.0839678 0.6985868
0.7066586 0.6855550 -0.4345161
0.6914760 -0.9311760 -1.7445815
0.9943849 0.3848488 -1.3547757
0.7865896 -0.6547357 -0.8480696
0.0648493 -0.7311068 -1.3733703
0.2856432 -0.1177614 -0.9983472
1.1176070 0.4044622 0.3503852
0.7443855 0.3805213 -1.0922351
1.4103943 0.1842096 0.4652309
0.0388591 0.3468512 -1.0264940
1.2929037 0.1907008 -0.6573797
1.1102817 -0.2530521 1.2028829
1.2802112 0.1107603 0.8096814
0.7832206 -0.3131776 -0.9423066
0.8962361 -0.5270561 0.0635185
0.2467228 -0.6267723 -1.1811061
-0.0335728 0.5465351 -1.5335766
0.4627747 -0.6055959 0.1049542
0.0276167 -1.0736235 -2.9072449
0.7197083 1.7503392 2.0829201
-0.3782291 0.3374186 -1.6377618
-0.0481293 -0.6954594 -2.6924665
0.9818727 0.8324661 -0.7754304
0.7348519 -0.1332984 1.0430975
0.0257626 -0.9601427 -1.4703900
0.6671870 1.9274610 2.0723877
1.1315986 0.2817112 0.2104301
1.1576004 0.1799393 0.2703389
0.6504793 -1.1453365 0.3654304
1.2317823 0.2034643 1.0457391
1.2506166 0.1908825 -1.5360469
0.6655403 -0.5389849 0.2108563
1.4261101 0.1759690 -1.5619837
0.7050076 0.6346924 0.9359561
1.4096273 -0.3579364 1.1995655
1.3611265 0.0500787 0.6495435
-1.4566153 0.5710834 -2.7459106
0.7685173 -0.8852461 -1.6505780
1.4802866 0.2428607 -0.9718214
0.0621766 -0.7415699 0.0834327
0.8634061 0.3733880 0.1153050
1.4181575 0.2465675 0.2257131
1.1567591 0.2564136 1.1655710
0.1838325 0.4931772 -1.1431135
1.4126800 -0.2751300 1.1465448
0.7961503 0.7826548 0.4001064
0.9912353 0.5327704 0.4621027
0.2663994 -0.1625313 0.3052344
0.8992835 -0.5287765 0.5944612
1.1906353 0.0292507 1.1733110
0.5028533 -0.9928472 -1.3724086
0.4765473 -0.1727622 -0.7091424
0.5527618 0.3994580 0.0672440
0.3253759 -0.1382451 -1.6802157
0.1789516 -0.1850440 -1.9690765
0.5196547 -0.4397362 -1.5877030
-0.3844421 0.2311854 -1.9676309
-0.0909902 -0.5702404 -2.8860247
0.0314995 -0.2378190 -2.0847499
0.4609144 -0.8724195 0.0658093
0.5849161 -0.5458320 -0.8074881
0.1256108 -0.4907472 -2.3730440
0.3205649 -0.6459721 -1.2110955
0.9500375 -0.6046739 0.5773368
-0.1748973 -0.5655869 -2.9049854
-1.8868989 1.1495191 -2.6512120
0.6762003 1.9375249 2.1603394
0.5511082 0.2530386 0.7704002
1.3436844 0.1204396 0.7011873
0.9430413 0.6547815 -0.1821745
0.7975937 -0.6921541 -1.2332618
0.9516995 -0.3091605 -0.4618441
-2.1423879 1.0040979 -2.8556190
1.8068280 -0.1574213 0.5388041
0.7299728 -1.2384419 0.4212127
1.0017118 0.8372459 -0.9076186
0.2990696 -0.9432296 0.2003671
1.3960631 0.7008345 -2.4867949
-2.2002866 0.9625753 -2.8319116
0.2975299 -0.0615015 0.4341292
0.5852773 0.6471505 0.3167978
1.1074667 -0.3068364 -1.2162441
1.0577117 0.1211220 0.5727116
0.5375369 -0.6473110 0.1039383
-0.3852495 0.2208078 -1.8306433
1.2125599 -0.1390202 0.2412345
-0.3033127 -0.7427669 -2.8798769
0.9551683 0.4085087 0.4906356
0.1898522 -0.7305568 -1.7735629
1.0703955 0.3153848 -1.1774302
-1.4516656 0.6675533 -2.6158512
0.7329085 -1.2842662 0.4437953
1.0255101 0.8098775 -1.0149373
0.5429946 0.2592394 -0.2626989
0.7276624 -0.5213124 -0.8247832
0.7057309 -0.0369731 0.9570338
-0.1783085 -0.5103250 -2.5998924
1.4427916 0.1026885 -1.3779989
0.9569154 0.5508786 -0.1681400
0.9172237 0.6845261 -1.2223536
0.8070949 0.4636984 -0.9160452
0.1495063 -0.1380320 -1.9533098
1.0858798 -0.0066516 0.7081907
0.9409266 -0.3409426 -0.4834397
0.1034456 -0.4366111 -1.3436638
-0.1963779 -0.8204023 -2.8397670
1.5563996 0.6890415 -2.8021221
0.0970820 0.4243374 -1.5353357
-0.1381404 -0.6251329 -1.6907655
0.1606643 -0.6358684 0.3427061
1.3645391 -0.2703235 0.8771388
0.3529807 -0.8097677 -1.2802004
-0.1005785 -0.6429324 -2.4761977
0.7171072 -0.9761344 0.5708292
0.9909757 0.4696062 0.4857243
0.0765812 -0.9652691 -2.8750982
0.4491408 -0.1579182 -0.8689305
1.4057561 -0.2620878 0.6946838
0.6909330 0.7373684 -0.4334945
0.9698347 -0.2043121 0.3262317
0.7009433 0.4147795 0.0163087
0.4851317 -0.6129066 0.5108564
1.7231984 0.5951201 -2.9524138
1.4387493 0.6325812 -2.9635713
1.3256080 0.0578370 -1.1904018
0.5489450 -0.3641329 -0.2808205
0.6316801 -0.1070698 -0.5225716
0.8142138 -0.4641895 0.3024121
0.7813630 0.5754786 -0.2332416
0.9202740 -0.5001281 0.4595050
1.2029713 0.1110144 -0.5806274
1.2712774 -0.2793167 0.8309813
-0.0907654 -0.6394201 -2.4498074
0.7643757 -0.7486116 0.7146409
0.1577756 -0.3088191 -1.4232911
0.4261137 0.4647633 0.5126830
0.4214928 -0.4279326 -1.6177021
0.3611278 0.4676418 -1.1150807
1.4531817 -0.2530039 1.2691649
0.1676520 -0.4943296 -2.2983720
1.4596870 -0.2987149 1.2799995
1.4541724 0.5241032 -2.0562515
0.5069721 -0.5031872 0.6111857
0.7337717 -0.4616801 -0.3086272
1.1293634 0.1729344 -1.2895650
0.2731349 0.3034223 -1.3758550
1.1086130 0.1619096 0.8990956
0.4822073 -0.4444714 -1.6312305
0.6216359 -0.8093155 -1.1420238
1.2353048 0.4555865 -1.9264147
0.6741390 -0.4223548 -1.2724286
0.9425144 -0.1840387 0.0001126
0.4141919 -0.8998871 0.2665773
0.8311356 -0.7033790 -1.4582103
0.3375998 0.0674728 -0.7673106
1.5289903 0.5438323 -2.2037773
0.8959848 0.7008028 -0.6904083
0.9308386 -0.1991633 1.2047608
-2.1621709 0.8347970 -2.7459564
0.8468256 -0.4139754 -0.6854831
1.2768096 0.3970410 -1.7774624
0.1373946 -0.2150261 -1.9470220
-0.0779942 -0.8494226 -1.6346084
0.9820122 -0.1046740 0.7045894
-0.1218006 -0.8629562 -1.7201543
-0.3161184 0.4966522 -1.5149783
1.9107215 0.8708156 -2.9109542
0.4283929 -0.7960771 0.0159347
-0.0306661 -0.6845301 -2.5052454
0.7533648 0.3327237 0.5193200
-0.3215538 0.2271147 -1.8597682
1.4012793 0.1879995 0.4653317
-0.0210176 -0.7518750 -2.9752066
0.0291892 0.4536391 -1.6114898
0.5678923 -0.7852480 -1.0477486
0.8395455 0.5445650 0.5648221
0.2618521 -0.8253591 -1.5757968
0.6216515 -0.8766609 -1.3812051
1.6250814 -0.0209567 0.8620274
-0.0298518 -0.6207398 -2.7193351
0.8623289 0.2739988 -1.2609196
1.2218395 0.2079992 1.0855614
0.9787046 -0.7072232 0.7994589
-2.2739663 1.2946244 -2.6474669
1.3996348 0.5685060 -1.3740160
0.6465635 0.2703745 -0.3896407
0.9165794 0.7531912 -0.8489287
1.1653882 -0.2134210 -1.1496285
0.0766910 -0.4879513 -2.0042989
1.2903318 0.1165008 0.8339760
1.2251793 0.7120652 -1.0014899
0.1842269 -0.6187894 0.1409884
1.0349653 -0.0486909 -0.1033193
0.7240073 -0.5201786 0.7955220
0.7248906 -0.2674058 1.0253550
0.6246815 0.5890614 0.2808740
0.9570130 -0.6973711 0.7579980
0.9714541 -0.4374602 -1.2468673
0.8385862 0.2850859 -0.2400940
-0.2687824 -0.8614251 -2.8956120
0.9264648 -0.3468125 0.6138273
0.9699799 0.2454564 -1.1130651
0.5456000 -0.2749087 -0.5594882
0.1768637 -0.3546472 -1.2993155
1.1252247 -0.0554788 1.2256278
0.6160790 0.3450104 0.5051746
1.5574576 -0.2020370 0.6121848
0.6885476 0.5895556 0.0968710
0.9071349 0.7977617 -1.3639841
0.7067973 0.8334848 -0.4410983
1.4766997 0.0734848 -1.4138811
-1.3848782 0.6597027 -2.6609793
1.0014634 -0.4148372 0.0517502
0.6728340 1.6888541 2.0121856
0.0166145 -0.6337184 -0.0164738
0.2709474 0.0431667 -0.9305127
1.0037732 -0.5109100 0.3305842
0.5575191 -1.0852491 -1.6454180
0.7412218 -0.8774826 -1.5007803
-0.1661333 -0.6305600 -1.6316687
1.5969329 0.3758498 -1.6594316
1.1133367 0.5504049 -0.7407979
-0.1173502 -0.9713892 -2.8970289
1.2109284 0.3101281 1.1665906
1.5875779 -0.1255861 0.5318099
0.9201024 0.7326055 0.1374762
0.0336802 -0.5242648 -2.4919379
0.9864560 0.4426917 -0.6324736
-0.2745718 0.2395758 -1.8657094
1.2921195 -0.2374086 -1.3290684
0.2904913 -0.7226506 0.2927249
0.6814632 0.5141159 0.3013201
1.4955840 0.0054367 1.1805584
0.9402917 0.3346664 -1.2474929
1.4714735 0.5715287 -2.5400479
0.8622497 -0.1696284 1.0866617
1.0502925 0.3656364 0.5551853
0.6622560 -1.6334486 0.2555303
0.2744737 -1.1845648 -1.5929816
1.3994595 0.4623848 -0.9986292
0.9149817 0.8260218 -0.5310923
-2.2732916 1.1832170 -2.7576711
1.0001423 -0.5403063 -1.4176222
0.6609302 0.4568266 0.0469109
0.4231828 -0.4123813 -0.8723145
0.5090912 0.2425267 -0.0310358
0.7568882 -0.0032840 1.1417545
0.7562025 0.3957952 -1.0149827
0.2858287 -0.6389894 -1.5510489
-0.0623305 -0.5086560 -2.2686741
1.0506749 0.1081415 -0.4505946
0.3724862 -1.0867698 0.1976323
1.3042177 0.1382114 0.8819525
1.0292004 0.5872266 -1.2072957
0.8597000 0.3267238 -0.9914033
1.1229781 -0.4090762 -1.0855576
-1.0678985 0.3222736 -2.5080197
1.0085247 0.4502223 0.7086878
1.6360286 -0.1862142 0.6914334
1.5932738 -0.0130500 0.5472786
0.0379434 -0.4902219 -1.3246083
1.1521481 0.3276780 -1.2524574
1.1387000 0.1014372 -0.5574195
0.1302000 -0.2716511 -1.5257728
0.7113913 0.7679652 1.5629261
0.8208697 -0.0309727 1.1537126
0.8782946 -0.3678183 -0.4820209
-0.1410273 0.3814218 -1.8323976
0.7219527 -0.4951167 -0.4271008
0.6603732 -0.7588215 -1.4396356
0.9721887 -0.4846733 0.3072090
1.6456301 -0.1198620 0.5209435
0.1893504 0.2476804 -0.8461840
1.0697175 0.7071420 0.4962820
0.0222608 -0.5184822 -1.4503320
1.2446418 0.2173799 1.0802140
0.9748889 0.7374097 -0.7197174
0.6988167 -0.5179746 0.5973633
1.1415470 0.3990946 0.5921919
1.4313776 0.1755276 -0.8000215
1.5101210 0.2726887 -1.0218856
1.0630864 0.3179392 -0.6235167
1.1318201 0.1407051 0.8391725
0.0705910 -0.2661780 -1.7372041
0.3379155 -0.2706472 -0.1887159
1.3275995 0.5416077 -1.5085815
0.4361565 0.0747341 -1.0998299
1.2485394 0.1196144 -0.6176867
1.3205973 -0.3061577 1.3015682
0.7743955 -0.0919977 1.2446926
0.4399056 0.2950425 0.7065125
0.3851819 -0.7562448 0.2152877
0.9138763 -0.5110601 0.5407326
0.4765297 0.1818273 -0.1523357
0.6894810 1.3953658 1.7665837
1.1363195 0.6627092 0.2480216
0.9339426 -0.3523926 0.3390186
1.3036274 0.1650227 -1.5467099
0.8131754 0.4779264 -0.9711168
0.1664744 0.4930405 -1.1583052
1.0567423 0.3070618 -1.1681930
1.5369923 0.3428438 -1.0688388
1.3930449 0.1489695 1.2190990
0.6872564 0.3764401 0.5039930
1.3397471 0.0213470 0.1933437
0.3020535 -1.1524955 -1.5453892
1.3789566 0.1225773 -1.5305130
1.2324510 0.0969836 0.4312015
0.8534514 0.2504372 -0.2948104
0.8194996 -0.3769248 -0.3459618
1.5190164 -0.0131037 1.1815430
1.3151962 0.0208223 1.1151167
0.7642285 -0.1075726 -0.4617060
0.9449103 -0.6232479 -0.8298296
-0.0553653 -0.6641036 -2.9656150
0.7564793 -0.3787917 0.5351402
0.9242490 -0.5191124 0.4372868
0.6228001 -1.2125150 0.5074764
-2.2258990 1.1104612 -2.4957945
0.3519093 -0.7359332 -0.0386560
0.7626469 0.7190549 -0.5576610
0.4911829 0.2913856 0.5385971
0.7508473 0.3633336 -1.1031952
0.3266886 -0.7324210 -1.2647344
0.4038240 -0.0344494 -1.0225731
1.0256611 0.5413442 0.4279599
1.4045115 0.5504098 -2.0387635
0.2375071 0.3710208 -0.8526800
1.0728638 0.3402791 -1.1046660
2.0117953 0.7462983 -2.9812071
0.4238251 -0.0790042 -0.6503279
0.2221738 -0.7526837 -1.4753859
0.6802722 -0.4751172 -0.0014610
0.2827800 -0.6245268 -0.0630025
-1.1627895 0.3659494 -2.5858722
0.3522161 0.0351455 0.5658939
0.5808343 0.3213082 0.6406760
0.1895634 0.0737662 -1.0936843
-0.4713841 0.5151438 -1.6215409
-0.2277477 -0.8991163 -2.8753088
0.0559270 -0.2701694 -1.7773206
0.3172334 -0.3522939 -0.8487726
0.4908571 -0.5761725 -0.9238408
0.3955145 -0.0744360 -0.7777753
0.0921625 0.5078390 -1.4829592
-0.9809786 0.4348210 -2.3399959
1.7226719 -0.0400177 0.6477510
0.0938549 -0.4604306 -2.3815515
0.8866412 -0.2326892 -0.8736241
0.3503195 -0.4790809 -1.8260608
1.7751504 -0.0517994 0.6210171
1.1106611 -0.0464272 1.3375232
1.2608647 -0.2485947 1.0141450
-0.3069851 0.5116041 -1.4472846
1.4756930 -0.2114170 1.0396038
1.1506834 -0.0883194 0.3780025
0.2288273 0.0639947 -0.9593997
1.1476519 0.0761189 1.6457916
0.5551316 -0.6255053 -1.6388501
-0.0345218 -0.6668044 -2.9465356
1.7263926 -0.1330907 0.6578338
-0.3220678 0.3819804 -1.5396030
0.4300142 0.0817995 -0.6109294
1.4067072 0.2847855 -1.8202231
0.7030527 -0.7731709 0.9442633
0.5111120 -0.6716861 0.1106226
-0.1368253 -1.0045952 -2.8679218
0.7333223 -0.3608597 0.8898328
1.2113055 -0.0230452 -1.0687495
-0.4029047 0.4879942 -1.6549411
0.7473425 -0.7310189 -1.1313118
1.6282030 0.4742433 -1.4129822
1.0520959 -0.0944869 0.4662055
0.3537380 -0.0160028 -0.4530454
0.5571892 -0.6750114 -1.6528103
1.3539312 0.6592650 -2.8018694
0.8832642 0.8168637 -0.2436746
0.2873706 -0.2853281 -1.0929809
1.0151724 0.1497657 0.5784304
1.0209754 0.5984643 -0.9446142
1.1609048 -0.1454321 1.1960964
1.1015761 -0.2719728 1.7979747
0.7771346 0.9101369 0.6396521
-0.6780832 0.2126290 -2.1763797
0.0086691 -0.7121463 -0.0588962
0.1180611 -0.7929906 -0.1267686
-0.0727823 0.4158956 -1.1632199
0.7435580 -0.8240884 -1.3786842
1.2874585 0.1505842 0.8907483
-1.9775636 0.8321503 -2.5525017
-2.1839378 1.0931909 -2.5337164
0.2149568 -0.4727106 0.5535381
0.8367341 0.7843379 -1.2754016
1.2359121 0.1187153 0.2235679
0.5147029 -0.5594833 0.0906534
-2.0760550 0.8093215 -2.8118782
1.2557861 -0.2770343 0.7310930
1.8536891 0.6297978 -2.8745794
0.6848727 0.0502101 1.1963871
1.3306191 0.3764683 -2.0638018
-0.1989385 -0.5389600 -2.7762592
0.5973985 -0.8029615 -1.1118481
1.4731139 0.4425335 -2.1791439
1.5546191 0.0678436 0.8915564
0.7019203 0.5840089 0.4151565
1.0403767 -0.0315287 0.5922253
-0.0271908 0.3905227 -1.1055579
0.1986883 -0.4709528 -1.0979671
0.7143285 0.2278593 0.7792858
0.7226416 0.2831806 -0.5414169
1.3040917 -0.0955863 0.5983492
-0.0731277 -0.9224645 -1.7095040
0.5437576 0.0017390 -0.8651214
0.2999201 -0.8020805 -1.7680486
0.6062717 -0.6260906 -1.5980687
0.5423256 -0.4727975 -0.5397288
1.2103704 0.3068841 -0.8522530
0.6510857 0.0396006 -0.5707654
1.3939098 0.1225126 0.4053419
0.0544255 0.4379393 -1.0903820
1.7731320 0.6866525 -2.9347355
1.2603908 0.0421993 0.0865509
0.8807679 0.3259621 -0.0813432
-1.5068717 0.5527078 -2.7024181
1.3138771 0.6224998 -2.2296524
1.3498755 0.5492665 -0.9712004
0.2945687 -0.7778328 -1.4207895
0.5895668 0.2497909 -1.0159595
0.3496207 -0.0319065 -0.5296949
1.1552687 0.0585797 1.1626787
0.1884797 -0.3938082 0.5186679
0.7252082 -0.3967202 -0.2599271
0.2734670 -0.9968330 -1.3320611
0.8394919 0.5414554 -0.1881526
0.6835057 2.1796951 2.2750471
-0.2031902 -0.5704593 -2.6301188
1.4612513 0.5402322 -1.7394530
0.8633531 0.3687247 -0.0993694
1.5532107 -0.2200122 0.7725396
1.1186733 -0.0409785 1.3340372
0.7451494 0.5868658 0.2694051
0.8073390 -0.4013368 0.3456524
0.2300066 -0.3867622 0.1600328
1.4081142 -0.0355100 1.4916582
0.7315305 0.5329664 0.7695971
0.2674930 -0.5320988 0.5756581
0.6773923 -0.5781677 0.7485104
0.9949793 -0.6076627 -1.4953965
0.7372199 -0.7608061 -1.3657839
0.2852383 0.0187272 -0.1730744
-0.1594155 -0.7578299 -1.6833954
0.9845686 0.6607461 -0.1727358
0.7175556 -0.9661835 0.7475771
1.6416497 0.2295182 -1.3796389
0.6979949 -1.3150403 0.4019734
1.1426268 -0.0311573 -1.1012326
-1.8058771 1.0525318 -2.6733410
-0.6586045 0.2293575 -2.0778825
1.0387676 -0.2716786 0.1581812
0.4543601 -0.9611862 -1.6087093
0.8851985 0.8026311 -0.2166760
0.7034546 0.5178472 0.7028778
0.7400603 -0.1346636 1.0321498
-0.0615458 -0.7394680 -1.5561424
0.7565643 -0.7426721 0.6687870
0.3941403 -1.0925781 0.1265890
-0.1128206 -0.8343340 -2.8268535
1.1300894 -0.2020323 0.0878529
0.1715427 -0.4979026 0.2067087
0.6667851 -0.7909216 0.9200596
0.7328660 -0.5880663 0.7647585
0.4910968 0.0838739 -0.3967178
0.8242685 -0.4959235 0.4002723
0.8913693 -0.5153353 0.2556065
1.0665629 0.5401845 0.2386489
0.9687681 0.2423705 -0.1878296
1.5667282 0.2224029 -1.5194879
1.5074353 0.5079053 -1.6044537
1.1178641 0.5567997 -1.3239830
0.8953266 0.7967012 -1.3263824
0.1928883 -0.5488265 -2.2130158
0.2356281 -0.1112506 -1.7339270
0.5782545 -0.8120177 -1.6527066
0.6296508 0.6556190 0.5016242
0.4479820 -0.3738382 -0.4560099
0.3892299 -1.1080831 0.1681176
0.3345833 -0.7969674 -1.8068426
0.1190405 -0.7972909 -1.3052367
0.4442660 -0.6977084 -0.9383752
0.6392007 -0.1023824 -1.0184550
0.5146716 -0.6340339 -0.9809868
-2.0040853 0.8032810 -2.5907214
-0.2315999 -0.6189792 -1.7777263
-1.9738799 0.7734308 -2.6632771
1.0184516 0.4675800 -1.1471702
0.9962533 -0.7089687 -1.0178493
0.2454033 -0.0819668 -2.0328364
1.6790292 -0.1543625 0.6933009
0.4916089 0.3035040 0.5442320
-0.1524936 0.5414854 -1.6463314
0.6654333 0.3137776 -0.9639104
0.4610129 -0.0170903 -0.6667328
0.9098917 -0.4506591 -0.5337535
0.2988441 -0.6320396 -1.3900031
1.0538132 0.4865994 0.1557498
0.7250404 0.4064359 1.2966774
1.3987776 0.2303137 -1.6660460
0.7331381 0.0634313 1.1547630
1.3870502 0.2347637 -1.7232581
-0.0216251 -0.9916390 -2.8552871
1.2505473 0.0994600 -1.3241011
-0.1655010 -0.4206396 -2.6993949
1.8268459 -0.1620219 0.4805920
0.2053916 -0.7988184 0.1561070
1.2449218 0.3709127 -0.7511740
1.0114182 0.4857228 -1.3052745
0.6988127 -0.2400564 0.6932912
1.8104935 0.6777436 -2.9150512
1.4028993 0.1244630 1.2556913
1.1415677 0.1425520 1.1508946
0.4712580 -0.8302519 -1.7576289
0.7355746 0.8522356 0.6551763
0.8886303 -0.5810657 0.2427655
0.7020686 -1.0107497 0.6838787
1.3755640 0.0681248 0.6921200
1.3044146 0.6596913 -2.7655082
0.0185680 -0.2067632 -1.9467963
0.2944711 -0.2024541 0.0199072
1.2321045 0.2882094 -0.6519960
0.4808516 0.0593424 -0.3946746
0.0550867 -0.7273064 0.0609515
0.4806069 -0.6379990 0.1258265
0.3923351 -0.2716594 -0.3921064
0.9282919 0.3859371 -1.1825628
0.6788415 1.4664191 1.8917191
0.1243755 -0.5407364 -1.8980167
0.2927653 -0.0714330 0.3404348
1.4850916 0.4984720 -1.3493235
1.1447026 -0.0934854 1.3291063
1.1533903 0.3346614 -0.6915248
0.5000999 -0.4480799 0.6617754
0.7023272 -0.4160453 -0.8700753
1.4669368 0.6098876 -2.9369462
0.6840969 2.2328281 2.2088919
0.4338202 -0.3975491 -0.2261098
-2.1735079 1.0166947 -2.5139043
-1.1313751 0.5228372 -2.6297538
1.2279515 0.2822943 -0.8351040
0.7777338 -0.3650114 0.4749838
0.2462925 0.0046451 0.2647064
0.4230587 0.1095995 -0.6167463
-2.4808064 1.2770711 -2.6597903
0.6480238 0.3180728 -0.0197482
0.9153795 -0.5691407 -1.0769614
1.3041140 -0.0614769 0.6001791
0.1806982 -0.6412011 0.3296655
0.1980300 -0.6765153 0.0244619
1.2491696 0.3350135 -0.6989352
0.9393300 -0.6604478 0.6732237
0.5640744 -1.0382570 -1.7173378
0.8451483 0.8023831 -0.0596436
1.0743502 0.5115739 -1.3591034
-0.2452308 -0.8247371 -2.8331022
0.1539672 -0.3345577 -1.4038047
0.2181759 -0.8322585 0.1112237
0.4641593 -0.2695447 -1.1950580
0.3578798 -0.7472109 -1.8592199
1.6634575 0.4589047 -1.4882990
0.7626170 0.0586956 -0.5259295
0.3413108 -1.1095741 -1.6006335
1.5269015 0.8606985 -2.8063238
1.4758233 0.7774468 -2.9710917
-0.4154362 0.2294161 -1.8300608
1.0175980 0.8060862 -0.9124656
0.8344625 0.4166046 -0.0277203
0.2683644 -0.8425492 -1.1921576
0.9002106 -0.1770984 0.5810402
0.1982447 -0.5977916 0.1419075
0.8053012 -0.3077780 -0.1502306
-0.1111861 -0.4782997 -2.5802352
0.8606845 -0.5539433 0.3575225
0.6057807 0.8121315 -0.0374740
1.0394813 0.4322090 0.5604356
1.4903256 0.3200645 0.6611196
-0.0113771 -0.6512544 -2.2322438
0.5195083 0.0319238 -0.6449487
0.7342881 0.9593670 -0.0476439
1.0146869 0.5859458 0.1160270
1.0858845 -0.4601322 -1.1091859
0.3707938 -1.1438740 -1.6904719
1.6095833 0.6287191 -2.9729495
1.1140453 0.0499330 1.2608801
0.7821193 0.6352465 -0.2031997
1.4307328 0.6028277 -2.1124935
1.2786232 0.7286122 -1.0493062
0.7741331 -0.8264527 -1.4937733
0.5639556 -0.7943283 -1.6699772
0.1282445 -0.9622976 -2.9683225
0.6866118 0.7056702 0.3980591
0.3549578 -0.5450066 -1.4792218
1.2110277 -0.2986076 0.8728929
0.3841801 -0.3406765 -0.1286929
0.8701041 0.9097158 -1.1845199
0.3001855 -0.3487810 0.0881298
1.3286420 -0.3854832 1.4311461
-0.6011371 0.2138864 -2.0641541
1.2465031 0.0722430 1.4909118
0.3753827 -0.3439610 0.6850147
1.1822581 -0.1391326 0.1646770
0.0497412 -0.3647916 -2.0752048
1.0741792 0.2967815 -0.6116639
0.7494752 0.1356954 0.9601970
0.4758173 -0.9235074 0.1660983
-2.4808161 1.1845536 -2.5740960
0.2977732 -0.8104063 -1.5200279
0.1088618 -0.5593243 -1.9884112
-0.4470983 0.2318080 -1.8594475
0.9244395 0.8980823 -1.1936929
1.8072656 -0.0607969 0.4380652
1.2291428 -0.2848766 -1.0599447
0.3842359 0.3716901 -0.8115277
0.3583186 -0.6362668 0.0962532
0.2409535 -0.6101784 -1.6024565
-2.3225250 1.1162039 -2.5218778
-2.0604565 0.8349677 -2.5651629
0.6600506 -0.9170330 0.5547793
1.0646882 0.5951041 0.2078816
0.6337483 0.4425856 0.4088159
0.6715544 -0.7957742 -1.3751665
0.6132108 0.4710905 0.3305603
0.7292016 -0.1328858 0.9999920
1.5998187 -0.1953236 0.7459465
1.1027250 0.0143370 1.1958636
0.6685446 -0.0433999 1.1031407
1.2579045 -0.2100423 -1.0614834
0.7133950 -0.8978032 -1.6889156
1.4412725 -0.0365189 1.0427399
0.7991003 0.7483184 0.3750330
0.0978136 -0.2930906 -1.4157389
0.5013885 -1.0472418 -1.5086719
0.3220927 -0.1670342 -0.3111843
0.5844402 -0.5801377 0.2016375
0.1986108 -0.4936618 -1.8039528
1.4339132 -0.0037779 1.2426243
0.6441630 -0.8493353 -1.3717427
1.1445308 -0.1477476 -0.7544183
1.1766181 -0.3920225 1.0034184
0.3680605 -0.1534225 -0.7101625
0.6432728 0.2776556 0.7213650
0.6170921 -0.5768543 -1.6404212
0.6462439 0.0990765 -0.7297896
0.4215234 0.1948186 0.1434668
0.0741176 -0.8490945 -2.9056461
1.0171022 0.0831826 -0.3286224
1.5317165 0.2031632 -1.5123084
0.0204656 -0.7996470 -1.5775104
1.3378464 0.5303519 -1.5318860
0.9588856 -0.6344398 0.5406802
0.3815027 -0.6676654 -1.1285940
0.4342620 -0.3113653 -0.2222721
1.4949744 0.0712200 0.7462884
0.2666779 -0.1769060 -0.0489701
1.2597735 0.7177911 -2.6856427
0.6128923 -0.1468793 0.7278930
0.7463201 -0.2002407 -0.9873315
1.6863955 0.4430838 -1.4392275
1.5567830 0.4946365 -1.3806115
0.7323793 0.9154173 0.5796341
1.2021475 0.3596767 -1.2826916
0.4672981 -0.1643158 -0.7720544
0.7104637 -0.5332450 -1.2029248
0.7349103 -0.6178023 0.8625124
0.6279758 -1.0148205 -1.5373018
-0.0866506 -0.4191307 -1.6997703
-2.0645316 1.2309456 -2.6016519
0.2466381 -0.5632880 -0.1277675
1.3885708 0.5906420 -1.0103582
0.3330900 -0.8603851 0.2563875
0.6934929 -0.2219320 -1.1065116
1.0514511 0.2405326 0.6453318
1.4070475 0.6137179 -2.7944217
0.7057764 -0.5276663 -1.2203075
1.8508364 0.6979036 -2.9303908
0.7042219 -1.5535749 0.3551702
0.3625708 0.1021136 0.4182476
1.0206465 0.5798433 -1.0413953
1.1313015 -0.0801520 0.3759647
0.6795239 -0.1737403 1.0787488
1.2255688 -0.3224081 -1.1745657
0.4322088 -1.1784874 -1.6986595
0.7373558 -0.2452602 -1.0416203
-0.0956754 -0.5057389 -2.4702325
0.4112990 -0.7529469 -1.0005188
0.1184404 -0.1698998 -1.6113575
1.4674680 0.2077714 -1.5898522
0.9249194 0.3103057 0.0021052
0.5321793 -0.4022085 -0.4049020
1.4118145 0.4999808 -1.3192608
0.8293133 -0.0940332 1.1284329
1.0102265 -0.3640676 0.2350283
0.4392829 -1.1676389 0.3243356
0.8438371 0.1741437 -0.9940875
0.4966266 -1.1395041 -1.7730688
0.8872151 -0.4320632 -0.5419267
0.6006841 0.6922016 0.5278862
1.5866976 0.0524023 0.8350166
0.1040024 0.4368681 -1.5253334
0.7196186 0.7148775 -0.4833886
1.6052212 0.4375459 -1.6163548
1.0634809 -0.2914687 0.9049688
0.9197040 -0.1836697 1.2122695
0.8748195 0.8757645 -1.2458857
0.4243339 -0.9219767 -1.4875544
-0.1408936 0.3852797 -1.2861568
1.5027672 -0.2257782 0.9890653
0.6366419 0.1653458 0.7926871
0.8986933 0.6804432 -0.0643862
1.3614739 0.5701866 -2.6748090
0.8973061 -0.2354895 0.2591713
1.2522534 -0.1958889 -1.0294241
0.6017686 0.4206062 0.5241532
1.2541623 0.1583673 0.9344719
-0.1307947 -0.5819235 -1.7366651
1.4106852 0.4923344 -1.0062720
-2.2549522 0.9038048 -2.7517686
0.8051959 0.3582488 -0.1407937
0.7719306 0.7338590 -0.5794145
0.7525213 0.9113920 0.0352106
0.7841726 0.7040809 -0.2382310
0.6076458 -0.4854027 -1.4705451
1.2127512 0.7326470 -1.2418858
1.0897889 -0.0552981 -0.6723728
1.1317941 0.1361691 1.5944926
0.1377852 -0.3942715 -1.3429816
0.5698270 0.0768971 -0.9679237
0.9915600 -0.2941986 -0.4788215
1.0385314 0.0371872 0.4805282
0.7690226 -0.1457720 -0.4552265
0.5977585 0.3050374 -0.1822418
-0.1282841 -0.3718523 -1.8598129
1.2488571 0.2521932 0.6455107
1.0500618 -0.4484794 -1.0019634
0.2557939 0.0180573 0.0484227
0.6486599 0.0764969 -0.5120836
0.9891944 0.4236985 0.0857110
0.9090965 -0.0062737 -1.0664288
0.3393750 -0.8902875 -1.1895602
0.2902667 -0.4710666 -1.7042614
1.3955258 0.2387110 -1.7455040
0.9774827 -0.1766136 0.1733149
0.5550163 0.2403242 -0.5858518
0.9297099 0.4598076 -0.1015623
0.5869501 0.2634621 -0.3039935
0.7979025 -0.5458441 -1.1104827
0.6405197 0.6427490 0.0719702
0.5142147 0.1281897 0.7217841
-0.5870697 0.4424261 -1.9504715
1.3093295 0.1749123 1.0229200
-0.4847862 0.2237907 -2.0509121
0.2666380 -0.8782648 0.0941872
1.2604610 0.0074866 0.6743824
1.6440446 -0.1839805 0.6763667
0.5916973 -1.3766108 0.2850537
0.8226004 -0.5732374 -1.2049609
0.5437889 -1.0834688 -1.6339681
0.5319232 -0.8717341 -1.1577353
0.1513580 -0.2633490 -1.3034154
0.4564999 -0.6108651 -1.7924596
1.1743193 0.6575181 -1.3511634
0.7003521 0.5229816 0.5511759
0.8360571 0.2346456 -0.8297674
0.1747539 -0.3889589 -1.2337666
0.7104448 0.6184350 0.1324254
0.5832278 -1.0356123 -1.7793909
0.5744084 0.2912056 -0.6841043
0.1545812 -1.0698128 -1.4783180
0.8514218 -0.1066264 1.1404351
1.1107278 -0.1871689 0.1300986
0.9633220 0.8648606 -0.9113091
1.1659181 -0.4198515 -1.3455591
0.7247443 -0.0485356 1.1091688
0.3708232 -0.0908040 -1.1044079
0.7872276 0.6911718 -0.1540157
1.1201687 -0.3223618 1.6185217
0.8651955 0.6976377 0.2669710
-0.1653267 0.2129539 -1.4925761
0.4998536 -0.5528296 -0.8880906
1.3352935 0.1351601 0.9524457
0.7939450 0.3539551 -0.1493417
-0.0075482 -1.0802047 -2.8967562
1.1950040 -0.3848441 -1.2227640
0.7451780 -1.2015656 0.4238392
0.6899366 -0.9719523 -1.5961196
0.5563754 -0.3914915 -0.1430544
-0.0891701 -0.5995968 -2.3662851
1.3068904 0.3061725 -1.7674148
0.8394898 0.2929865 -0.2972975
1.1466762 0.1101135 -0.5680795
0.6869146 -0.7833490 0.8004695
0.7186089 -0.4602487 0.9669622
0.8339543 -0.3016103 0.3040213
0.2126502 0.3580678 -0.6604159
1.4806427 0.6358775 -2.2657883
0.7377744 -0.5226774 -0.5313754
1.4735535 -0.2099822 1.1137143
0.4345632 -1.0665838 -1.4521788
1.1255153 -0.4256155 -1.1247826
0.4013801 -0.3520012 -0.0833822
1.6399837 0.6567825 -2.8350725
0.4550321 -0.8625516 -1.1375905
0.9617276 0.5375889 -1.1513535
0.2623525 0.2242460 -1.3676306
1.2231301 0.2236153 1.0061791
-2.1158311 0.8291721 -2.7676296
-0.2271493 -0.7373808 -2.7492535
0.8581577 -0.2747889 -0.1884376
-0.7433674 0.3682728 -2.4228075
0.7590919 -0.1891917 -0.4919690
0.3234918 -0.4590670 -1.0211060
1.0805464 0.4786592 -1.1046602
-0.2686568 0.4427123 -1.4558864
0.7225588 0.9939622 1.6262461
0.6670218 -1.3859218 0.4179474
0.1775600 -0.4821253 -1.2427056
0.9106949 -0.1946231 1.2257956
0.7652420 -0.5681875 -1.0966372
1.1529356 -0.2303344 -1.1645398
1.1398863 0.2258997 1.7131574
0.4911156 0.1070245 0.7145236
-2.0231621 0.8121824 -2.8505588
0.7984725 -0.5261755 0.0872744
0.6725496 -0.4919981 0.1179430
0.9614900 -0.3877282 0.2528503
1.7300053 0.3121981 -1.4398170
0.2768356 0.2629496 -0.7469934
0.6706154 -1.3741860 0.3892266
0.6069413 0.3057240 -0.7252235
1.1020870 0.2499222 -0.5943983
0.3453823 0.3079776 -0.6875600
0.3599581 -0.6367987 -0.0150226
0.7254173 -0.5671729 0.6296889
-1.8443352 0.8808866 -2.8314326
-2.4391646 1.1490506 -2.5714252
1.4781135 0.2356377 -0.8677642
0.4356109 0.1448746 -0.5023294
1.5468596 0.8893658 -2.9440789
-1.0674632 0.5079252 -2.5914698
0.6893767 2.3996193 2.3366354
0.4714914 -0.9579089 -1.5723594
1.2878298 0.0945980 0.1279335
0.5480591 -0.3826177 0.7312708
0.4609992 -1.0378650 -1.4323363
-1.1138171 0.5050129 -2.4670632
0.7716371 -0.7967237 -1.4762820
1.2999316 -0.1784599 0.6203691
1.3411374 0.1278387 0.8434868
0.4864992 -1.0703071 -1.5439371
0.5720912 -0.9330345 -1.4835373
0.4389484 -0.2138907 0.7618479
0.7484556 -1.7713486 0.1525943
1.2684139 0.3143196 -1.4186724
1.5305599 -0.0011025 0.5748379
1.2290791 0.0161130 0.1902711
1.8346922 -0.0822764 0.4954409
-1.9324276 1.0982786 -2.5529130
0.5450918 0.4578456 0.8035190
0.9041393 0.7555534 0.7646348
0.9968926 0.2121420 0.5788007
1.5144680 0.4879964 -1.3198991
0.6583626 -1.0247390 -1.8869324
0.3488747 -0.3792726 0.0760896
-0.0786022 -0.4967268 -1.7643809
0.7043942 -0.1421063 0.9762229
-0.3482124 0.4476508 -1.5580308
-0.1886653 0.2747835 -1.4156340
1.3926116 0.2193025 -0.7883347
0.6455950 -1.2236258 0.5060897
-2.1219299 0.9390206 -2.5321546
1.4089996 0.2032848 -1.5137268
0.6177772 0.1058131 -0.5259912
-2.3657842 0.9914386 -2.6395116
1.1157606 0.1357123 1.6745276
0.9847381 0.8473054 -0.8824074
0.2626722 -0.1039824 -1.4481832
0.5726168 -0.8840394 -1.6332512
1.6034459 -0.0595605 0.8737603
1.1374236 -0.0432945 1.3514407
0.6733115 0.8297585 1.5273099
-0.0778284 -0.6927978 -2.5682404
0.3770520 -0.1283246 -1.4565719
0.9612206 0.7730963 -0.3468560
0.6718447 -1.0228088 0.5689409
0.8799844 0.2241803 -0.3159885
0.6841100 0.3325189 -0.8640637
0.1224589 0.1771929 -1.3835722
0.9312200 -0.4209455 0.2785821
1.0964530 -0.4588863 1.1859807
0.7267728 -1.0175791 -1.8694661
0.0780237 -1.0344120 -1.5256943
1.0423748 0.3231586 -1.0954970
0.3022636 -0.0782735 -1.2207729
1.3725488 0.5388243 -1.7775997
0.2665901 0.5005231 -1.1384351
1.1016628 0.5590392 0.1926558
0.1386243 -0.2250469 -1.6560353
1.1496210 0.6857919 -1.0269358
1.5549039 0.2223030 -1.0639439
0.6607782 -0.5041504 0.8876468
0.2449791 -0.1565438 -1.8771317
-0.2284555 -0.9629506 -2.9316165
0.7613882 -0.6995446 -1.3057611
-0.0667292 -0.7970089 -2.8531313
0.7519941 0.7493339 -0.5479853
-0.0826299 0.5096458 -1.6988088
0.3531533 -1.0714723 0.2105122
0.7471066 -0.3632181 -0.8687468
1.5414153 -0.1771182 0.5753095
0.9850646 -0.1791702 0.2638705
0.7955701 -0.6923779 -1.2494588
1.2286568 -0.1239660 0.0526267
0.9324812 0.0104845 1.3082931
1.1345620 -0.1316517 -0.9816213
-0.0581245 -0.5367275 -1.4661624
0.6041725 0.0131643 -0.5266641
0.6555336 0.5932564 0.2993453
0.5184031 0.2422888 -0.3149263
0.6692296 -1.0279803 -1.7477583
0.3959151 -0.4016639 -0.8562629
0.6825950 -0.4793153 -0.7453149
0.7684509 0.4086253 0.4203084
0.5087606 -0.0876859 -0.9548870
0.5501830 -0.6365427 0.4205372
0.9138231 -0.1712049 0.5838159
0.6906216 -0.7468003 0.6363846
0.0423338 -0.4717246 -2.4249055
0.8515202 0.7254150 0.3048037
0.8855797 0.3739243 0.1031282
0.9489447 0.6263102 -0.3359897
0.7467111 -0.4188567 -0.9116988
0.1322757 -0.3700565 -1.1891977
-0.0711177 -1.1445417 -2.9674070
0.2495157 -0.8190218 -1.4835293
-0.0324430 -0.6436796 -2.3251939
0.3538675 -0.4872631 -1.8397086
1.4375710 0.0674715 0.9812462
0.3532582 -0.1235879 -1.6519127
-0.0084935 -0.4013768 -1.7012055
0.5789714 -0.4325656 -0.4674411
1.1711571 0.0059435 -1.1620526
0.2060204 -0.8034079 -0.0927968
1.4895140 0.0410694 -1.3793224
0.7495437 -0.4487174 0.3565060
-0.0670751 -0.4845284 -1.5210346
1.1075573 0.0628961 1.2865252
0.9268337 -0.4508467 -0.8171579
1.2550786 0.3012834 -1.4091598
1.2586364 0.1373332 0.5690597
-0.8264097 0.4540284 -2.3182454
-0.0958472 -0.5665253 -2.8880446
0.3599064 -0.4871504 -1.6171684
-0.2266077 0.5229186 -1.8074719
1.2084577 -0.4597169 -1.5612487
0.8609552 -0.6180603 0.2489706
0.5249232 0.1025033 -0.4514023
0.9351671 -0.5683433 -1.2149137
1.0240338 -0.5213636 -1.4691582
-1.1780437 0.3785805 -2.4982834
0.9523699 -0.3036122 -0.4681587
1.0521142 -0.0828506 0.4571032
0.3448397 -0.4240308 -1.0952214
1.0890118 -0.3573356 -0.8878923
-1.8763304 1.1584213 -2.6722331
0.3887458 0.1792406 0.1151638
1.2022531 0.1906204 -0.6549012
0.2653448 -0.5283186 -1.1310987
0.3349268 -0.5371955 -1.9352190
1.0956432 -0.1391447 0.0134853
-1.9547678 0.9308200 -2.5368176
1.2325633 -0.2576996 1.4670235
0.7599134 0.7397602 -0.5522216
0.7082056 0.4049050 1.3828206
1.5669897 0.0127915 0.9211655
1.5179805 0.5882195 -2.2910731
0.6690059 0.8127409 -0.1862333
0.9864888 -0.5971870 -1.4956596
0.8563650 -0.2663327 -0.0918857
1.4045478 0.4516203 -1.1257521
0.1610333 0.4545503 -1.0591487
0.6865529 0.0641406 1.2047366
0.0729340 0.3811846 -0.9742323
-0.3796552 0.4037657 -2.0750346
1.0434643 -0.1574649 0.1750574
0.2946089 0.0753787 -1.1521478
0.0341839 0.4633410 -1.1629224
1.3078747 -0.2967623 0.8801212
1.2375913 0.0839496 0.4201174
1.1061822 -0.3515938 1.6934906
-1.1867470 0.4909193 -2.4523449
1.4718560 -0.2835789 0.9736803
0.6895477 0.3314954 -0.7863684
1.2740874 0.3005656 1.3377242
0.2553930 -0.6144133 -1.4993727
0.4213442 -0.4516234 -0.0034781
1.0559626 0.1261669 0.5740839
0.9555799 -0.6437120 0.3261741
0.4283101 -0.6194975 0.1277077
0.8920684 -0.3792286 -0.5492424
0.8927102 0.8438169 -1.3251102
1.0509620 0.3885591 0.1545059
0.3061988 -0.8035337 -1.7997220
0.7156796 0.3570458 -0.7264977
0.3427403 -0.6369238 -0.0308723
-0.1998362 -0.6407117 -1.8203614
1.3368191 0.2663916 -0.7434099
0.1060245 -0.5836578 -2.4170210
0.9037377 -0.5641046 0.1704115
0.2422471 0.0123893 0.2577883
0.8875366 0.2668860 -0.3324416
0.1291589 -0.6231943 -1.2484558
-0.5005565 0.2423361 -1.8923271
1.4368954 0.5768356 -2.6401086
0.3715228 -0.4960103 -1.0382936
0.3160844 -0.1194867 0.6184692
0.8609949 -0.5365839 0.3561768
-1.4576484 0.6977040 -2.6699302
-2.0709772 1.1285354 -2.5533099
1.3340088 -0.2158106 0.9428271
0.6815027 2.0282393 2.2169394
0.0259539 0.5442159 -1.4639800
0.6690440 2.0252876 2.1154003
0.8074737 0.1715829 -0.4529624
-0.0126588 -1.0285118 -1.5687066
1.1330522 0.4253032 -0.9679972
0.5341775 0.1865978 -0.3986467
0.9380081 -0.0907213 -0.9610669
0.0854397 -0.2838240 -1.4536986
0.6465602 -1.7477545 0.2202155
0.9947476 0.4544212 -1.0488983
0.7038039 -0.6105906 0.9611712
0.2067182 -0.2345775 -1.2020501
0.4873827 -0.9674496 -1.6621757
0.7591439 0.1880203 -0.4275944
0.7016749 0.3499975 -0.0377552
0.1186602 0.3689764 -0.8073791
-0.4795401 0.2559646 -1.8521144
0.8063730 0.8205799 -0.4717374
0.2256749 0.1174539 -0.8868746
0.8702983 0.1584114 -1.0379107
0.5380014 0.2654996 0.6905944
-0.0652359 0.2825340 -1.2220649
0.2300317 -0.1614995 -1.9141805
1.1850241 0.0823307 -1.2878897
-0.1412221 -0.5656599 -1.8403753
0.6991618 -0.4343163 -0.1384950
2.0063834 0.8681404 -3.0000145
0.1384416 -0.6446822 0.0508650
1.3401210 0.5711685 -2.6624274
-0.0750680 -0.4209265 -1.6681111
1.4215928 0.6293899 -2.9455051
-1.6117586 0.6347431 -2.7233033
0.2016817 -1.1815810 -1.6372495
0.6846534 -0.6363919 1.0106767
-0.1121662 -0.5509350 -2.8398454
0.7795349 0.8281078 -0.2568836
0.6365849 -0.4089903 -0.5957240
1.0089189 0.3130229 -0.5381403
0.3582019 -0.7156734 0.2092956
0.8440198 -0.3627621 -0.3298160
0.3499673 -0.0452445 -0.6152728
0.9149157 -0.2082417 -0.2816481
0.9771053 0.8590709 -1.2319497
0.6965322 1.3790821 1.7590425
0.4165160 -0.2449359 -0.7911275
0.7236968 -0.4223124 -0.5738363
0.3565493 -0.9188485 -1.3179959
1.2741773 0.5786316 -2.1780972
0.9092473 -0.2000709 1.2256182
1.3889104 0.1237546 0.3981332
0.7897884 0.6480235 0.2117108
0.3020754 0.0911881 0.3433850
1.5137262 -0.2363869 0.9951223
0.8506864 -0.3966647 -0.3256614
0.9191502 0.2701229 -0.9743114
0.1867471 -0.5752189 -1.6614499
1.3492157 0.3089936 -0.9102142
-0.0456652 -0.6596530 -2.8715758
0.5847930 0.1790760 -0.6848479
0.5555787 -0.1851780 0.7354881
0.9268846 -0.4835317 0.5572148
0.8307661 0.6762203 0.1982876
0.2138691 0.5070230 -1.2102473
1.3250860 0.2122950 -1.5916920
0.7518616 0.2978872 -1.0946437
0.7783529 -0.5968117 -1.1638151
0.3390152 -0.1237968 -1.5619115
1.5090631 0.2288766 -1.5724584
0.6310821 0.7401263 0.3157991
1.4525077 -0.3003499 0.8542578
0.4259173 -0.9411983 -1.5563438
0.1031833 0.4317051 -1.0056677
1.3235022 0.4313919 -1.3584343
0.8654023 -0.6340148 -0.8654273
0.2931066 -0.6915078 0.1938000
0.6034138 0.2587745 -0.0825387
0.4496225 -0.0586220 -0.5836437
0.7030931 1.3985115 1.9236629
0.3035346 -0.7207824 -1.3083290
0.7183090 1.6686052 2.0371573
1.3426489 -0.2742233 0.6817983
1.4149436 0.7688174 -2.6566846
0.3483706 -0.1330193 -1.6077561
0.1142018 -0.3622297 -1.4690742
0.0675063 0.4757468 -1.5536484
0.1671744 -0.7090241 -1.3249454
0.4783078 -0.9328103 -1.4763597
0.6874272 0.0512608 -0.5884981
0.9439603 -0.4506889 -1.2289267
0.3242683 -0.7000297 -1.9011467
1.2128963 0.4897115 -2.1437237
0.3398475 -0.2364621 0.7036362
1.3987507 0.5288249 -1.5952010
1.0346988 -0.2671899 -0.6853884
0.2941665 -0.0731901 0.3496758
1.3125674 0.1703358 -0.6623790
1.4014447 -0.2886687 1.1580384
-1.2558477 0.5422880 -2.4992812
0.5237621 -0.4743538 -1.6309719
0.7526568 0.6281180 0.2381210
1.0007445 0.8144338 -1.2626603
1.4127210 -0.1387525 1.4694363
0.1272040 0.4091793 -1.5038381
1.5552697 -0.1773414 0.5717621
1.0618219 0.5630820 0.4023224
-2.2453275 1.2573658 -2.5982139
0.9779440 0.8623088 -0.9449770
1.3140936 0.2487500 -1.6646264
0.7184151 -0.5291321 0.7843257
-1.7678757 0.7539408 -2.7401984
0.4820963 0.0049781 -0.5666248
0.4324641 0.1126237 -0.6117719
0.1649943 -0.5492747 -1.7810212
0.3853692 -1.0845011 0.1265654
0.2579934 -1.0060766 -1.4432938
1.4976783 0.6512253 -2.4235394
0.8254434 -0.7337507 -0.9716210
1.1993449 0.3998601 -1.1238852
0.6770992 0.6180216 1.4416732
0.7470351 0.6304038 0.1712615
0.8769035 -0.6399794 -1.3176821
0.4247319 -1.1053559 -1.5277833
0.9000176 0.3407950 0.1057464
0.5328520 -0.2611631 -0.5263473
-0.0423742 -0.4475848 -1.5353822
-0.2128088 0.4765481 -1.8707815
0.9972733 -0.0933780 1.2042836
0.5605514 -0.4634300 -1.5183916
0.3348819 -0.5579241 -1.0235596
0.4266769 0.0026880 -0.7813640
0.1463432 -0.7962642 -1.2708634
0.6915273 0.4202465 0.9223980
0.1632162 -0.3586505 0.4301101
1.1409218 -0.0003295 -0.0182938
1.0727769 -0.2998387 -0.7798342
0.3040187 0.0652025 -0.1268983
0.9528683 -0.1956418 0.2212222
0.1742702 -0.9081470 0.2918545
0.4825794 -0.3751877 -0.7590023
-1.1047534 0.4625033 -2.6408865
0.7273858 1.0799762 1.6251514
0.3284520 -0.8245457 -1.2278491
1.5979789 -0.0858946 0.6242647
0.6861373 -1.3455372 0.5308071
1.6181146 0.1979772 -1.3633026
1.3838271 0.3683286 -0.9869210
0.4991961 0.2163947 0.3458918
0.9057267 0.7771168 -1.0528693
-0.0028763 -0.4933835 -1.5271100
1.3421019 0.4432113 -1.4374551
0.0084535 -0.4958538 -1.4825300
0.8067829 -0.6628312 0.3237765
0.4033867 0.3028594 -0.6601495
1.0254930 0.4617231 -1.2228228
1.0494540 -0.0187159 -0.4546182
1.2373234 0.0479545 -0.8714781
0.7761744 -0.3702317 0.4241114
0.9428713 0.7807709 -1.1934808
0.3603562 0.1885494 -1.2743938
-0.3150426 0.5064633 -1.3973050
0.7093685 -0.6479656 1.0356840
0.7095110 -0.8465404 -1.2846365
1.0168185 0.0783332 -0.3328062
0.7979435 0.7645955 -0.2000045
0.6838857 1.6572703 2.0590210
0.2003385 -0.1439821 -1.3635050
1.3373855 0.4049380 -1.4060433
1.1239508 0.3576369 -1.1621060
0.7812895 0.4293678 -0.6820044
0.9219667 -0.6375119 -0.8122333
0.7436643 -0.4098395 -0.0771579
1.2831210 -0.2298875 -1.1359006
-0.9743653 0.4845691 -2.4539592
0.4571554 -0.6910359 0.1643304
0.6799759 0.1646174 1.2389373
1.2862358 0.0947835 -1.3201687
-1.6700574 0.6990883 -2.7542503
1.3794546 0.0337373 0.2333233
0.3889409 -0.0374340 -0.9987758
0.8109394 -0.4501852 0.0785023
0.6710395 0.1887479 -0.9758291
1.3426716 0.1384141 0.8544006
1.3881052 0.2121019 -1.6012185
0.4657966 -0.0867628 -0.8785636
0.0130945 -0.3871212 -2.2089982
0.4903516 0.0517772 -1.0317461
-0.2095922 -0.8204416 -2.8305373
0.9720170 0.5221300 -0.7238944
0.7018837 0.7320767 0.6269807
0.6938834 -1.2904928 0.5487526
1.2278084 0.1172193 1.5644773
1.2149169 0.0570682 -0.5717041
0.6588539 0.8402904 -0.2301355
1.5667130 0.6033759 -2.9036710
-0.3132190 0.5233884 -1.7667245
0.9979734 0.8497057 -1.0551394
0.7553451 -0.3264088 -0.7769046
-1.9259226 0.7792333 -2.8046048
0.8423388 0.4069660 -0.6146885
0.1326067 -0.4960874 -1.9889451
-0.0555075 0.5421473 -1.4549553
1.1104593 -0.1880944 0.0570632
0.9562424 -0.2021804 -0.3814311
0.7662257 -0.0583999 1.0477046
1.2144339 -0.2524926 1.5623676
0.4925301 -0.4402043 -0.8135408
0.6595914 -0.2046832 0.9762123
1.9844160 0.5961931 -2.9618378
1.5604091 -0.1096122 0.9490259
0.3709195 -0.7809549 -0.0324677
0.2678444 -0.2056540 -1.0499490
0.9706062 -0.1277680 -0.2523665
0.8119256 0.5058756 -1.0104322
0.5651802 -0.3217961 -0.6506957
-2.4267712 1.2644696 -2.6278889
1.1829765 0.6386093 -1.3477937
1.0829374 -0.0680866 -0.9948767
0.2539970 -0.1305587 0.2042372
0.6475452 -0.5885429 0.6870232
1.2265803 -0.0644197 0.6682891
1.0831766 -0.5194973 -1.6023160
0.8018533 -0.3979814 -0.6411747
0.3529835 0.2568276 -0.6402128
0.5297595 -0.6020401 -1.6380776
0.6919149 0.9423167 0.0706616
0.8189342 -0.0403319 -0.5365901
1.3687952 -0.2548999 -1.4530013
1.3480507 -0.4093609 1.2416176
0.7985215 0.0087551 1.3433863
1.1456314 -0.4471214 -1.1786927
-0.0506468 -0.3441196 -1.8829869
-1.7619025 0.7435430 -2.7300971
1.0188872 0.6113771 0.3935451
0.8986331 0.3307122 -0.9582112
0.2720011 -0.0362272 0.3658070
0.3978576 -0.0642049 0.6847570
0.9918932 0.3485727 -0.9283316
0.7201867 -0.4936304 -0.4758427
1.5223482 0.5634705 -1.0593352
0.3969061 -0.9318208 -1.6283214
0.1430473 -0.3761466 -2.1280401
0.8210779 -0.5909022 -0.7771163
0.8050972 0.6050553 0.3024271
0.7811826 0.9302376 0.0459098
1.3772211 -0.2253025 0.9650066
0.6945162 0.7781381 0.2026550
0.2076612 -0.2546977 0.2397758
0.2395976 -0.5308824 0.1479321
1.8426322 -0.1480064 0.4676434
-2.4878969 1.2742608 -2.6013036
0.6585084 0.5041533 0.1001591
0.2934149 -1.1382381 -1.6311332
1.6058282 0.4260170 -1.2475817
0.7252892 -0.7633464 0.8167806
1.0126956 -0.2987682 0.1753293
0.5794571 -0.0672960 -0.9651261
0.5589401 0.1882210 -1.0779111
0.6281297 0.3778096 0.0255502
0.7069938 2.1678579 2.3117812
1.2441980 0.4357906 -1.1736120
1.3201836 0.2727219 -0.7476730
1.5838077 0.1866340 -1.1616035
-0.4465789 0.4812658 -1.8211455
0.9999542 -0.1421277 -0.0729720
0.2603770 -0.1252135 0.0259967
0.3887752 -0.6741080 0.0700754
0.1232232 -0.4364559 0.3611507
0.8148734 0.2902559 -1.1263473
0.3665229 0.2987672 -0.7047907
0.5992364 0.2272503 -0.3891985
1.2492999 0.2436541 0.3598652
0.8393626 0.8214526 0.0187554
0.1586170 0.2638523 -0.9027342
0.9045428 0.5626635 0.4104364
0.5605490 -0.6920694 0.2324177
0.9592056 -0.4392337 -0.8198858
0.0880348 -0.1714970 -2.0623684
0.9069177 0.8926882 -1.0503638
0.4252123 -0.7557057 -1.7816150
1.0891768 -0.4340022 -1.0605228
1.2629880 -0.0700445 1.2178404
0.5091770 -0.3667516 -1.3688161
0.9313755 -0.1801772 0.5448598
-0.0619850 0.4501226 -1.1479838
0.9042460 -0.6377280 -1.3420603
1.2255025 0.1078415 0.9646118
0.7247130 0.7709118 1.4557011
1.4761697 0.0007685 0.9705827
1.6588200 -0.0223368 0.6912478
0.8364817 0.6454247 -0.2437559
0.6913192 2.1466734 2.3096936
1.4216963 0.6399542 -2.9603097
0.5777430 -0.4914806 -1.5885324
0.9284479 -0.1997545 0.4923853
0.4420919 -0.2926272 -1.1925172
0.6447404 -1.4163787 0.4893232
0.3026465 -0.2136825 -1.1246920
0.5648080 -1.0791491 -1.6375883
0.3504227 -0.6914246 0.2200338
0.5699517 -0.5042199 -1.6102216
0.8795823 -0.0364307 -0.5334276
0.3414869 -0.8545693 -1.4616529
0.7026586 2.2149415 2.3310018
0.3680628 0.1457592 0.1753157
0.3646349 -0.0022206 -1.0650231
0.9174448 0.2915282 -0.0567157
0.6656514 0.1714997 -0.9402955
0.9467300 0.3538720 -0.9541107
0.9309852 0.3615970 -0.5666792
0.8812799 0.8522978 -0.9771795
0.9916351 0.6808894 -1.0834190
0.6781579 0.6122031 0.1512226
0.4055484 -0.0662395 -1.0974348
1.4813403 0.1631992 -0.8638524
1.3317834 -0.1800082 1.0750948
1.6411227 0.3750838 -1.5855690
0.6039600 -1.2106671 0.4491297
0.6565814 -0.4955786 0.8685306
0.1914897 -0.3263799 0.4881052
0.4556409 -0.9217140 -1.7205548
0.4552847 0.3891170 0.5164193
0.7182897 0.4892958 1.3818303
0.3854839 -0.0894743 -1.1541560
1.4663737 0.6552078 -1.0522231
0.5468264 -0.9547529 -1.3264743
-1.7345479 0.7207725 -2.7063704
1.1951386 0.1243618 -0.0211561
0.4153695 -0.4388167 -1.6348259
0.3249054 -0.9044142 0.2477660
0.5459583 -1.2325209 0.3613016
0.7985237 0.2749042 -0.5455549
0.5244483 0.2147347 -0.3732287
1.0305083 0.1429216 0.7965579
1.4958965 -0.2470986 1.0406207
0.9825203 -0.4484617 0.0364130
-1.9262927 0.8483791 -2.5725241
0.3068257 -0.0940002 -0.2466204
-1.8927619 0.8937021 -2.5800099
0.0706734 -0.5817978 -1.3130962
-0.0843949 -0.4721177 -1.6116167
0.3445227 -0.2668797 -0.7929447
0.7306573 0.3623761 -0.0417384
0.9966093 -0.3354929 2.0026305
0.5999188 -0.0521895 -0.9451130
0.9359116 0.6672734 0.0970216
0.5553994 -0.8016501 -1.0648316
0.4110418 -0.3551933 -0.8643656
0.0025524 0.1608385 -1.3785734
1.7930244 -0.1475519 0.4410011
0.8481481 0.0055779 1.2267677
0.6352495 -0.3483308 0.6579638
0.9248366 0.6000310 -0.2656621
0.6605297 -0.5277164 0.8856649
-0.3970406 0.2534120 -1.7497045
1.4752811 0.2325348 -1.6117809
0.3364494 -0.7603698 -1.0531151
1.1068766 -0.5516024 -1.5832869
0.6684412 0.5704865 0.1752678
1.8081117 -0.1185886 0.5102778
0.5806433 -1.0035585 -1.6394234
0.0519302 0.4150727 -0.8601721
1.2752233 -0.3270466 0.8187270
0.6327375 -1.7793112 0.1662550
0.4145156 -1.0792378 -1.4535570
-2.1418443 0.8744490 -2.8139365
0.7265803 -0.3333653 -0.4118593
1.8731245 0.6668649 -2.9359052
0.3418185 -0.9065589 0.0367262
-0.0779603 -0.8959166 -2.8452048
0.5515808 0.0417283 -0.6150642
1.0213592 0.5742045 -1.0486244
0.6554621 -1.8135089 0.2826171
0.8600112 0.2125289 -0.9766566
0.7034493 0.4655100 0.5949414
-0.2258818 0.2324537 -1.7736422
0.8088980 -0.4685536 -0.7926700
-1.0424304 0.4785328 -2.4215832
1.1239218 0.3428653 0.5205632
0.6534864 -1.0278330 -1.6601663
-2.0935807 1.1362058 -2.8943379
1.1536820 0.3137391 0.5313737
-0.3771837 0.3770654 -2.0811877
0.8671843 -0.3537838 0.3425384
0.9390478 0.6011087 -0.1713899
1.1066658 -0.3501766 1.7517292
1.1270871 0.0571898 1.1669446
0.5413494 -1.1132156 -1.8042439
0.9970477 -0.0615974 0.6523720
1.1162697 0.6501927 -1.2835963
0.5585238 -0.6765305 0.2094912
1.1868218 0.0015264 0.1178506
-1.0123625 0.4170703 -2.3620057
0.5738698 0.2239556 0.8391168
1.4956195 0.7198519 -2.5946946
1.4426757 0.6129005 -2.8157246
0.4665577 -0.1164063 -0.9180912
1.2096692 0.5704979 -0.8230132
-1.6790563 0.7997609 -2.7756209
1.6269447 0.3129105 -1.6013895
-0.0399494 -0.9474089 -2.8462191
0.9528495 -0.3969239 0.0725680
1.2820102 0.2155562 1.1075790
0.8211442 -0.6401368 -1.2104282
0.9904733 0.5338902 -0.0923258
-0.2573267 -0.6308305 -2.7704759
0.2130258 0.1894776 -0.8578008
-2.3068645 1.2196779 -2.7351024
0.0581987 -0.2701605 -1.5289190
0.9023164 0.7124244 -0.1508716
0.9872401 -0.1913040 0.0155941
0.6833584 0.0727605 0.9568369
0.9852460 0.5513926 0.4852105
0.1915487 -0.9735031 -1.4683965
0.4701173 -0.4245388 -0.0143333
-0.0116085 -0.2580290 -1.7414374
1.0600152 0.3474618 0.5068743
0.7896634 0.7040935 -0.2339720
0.6403995 0.4451875 0.7129960
0.3626972 -0.4224056 -0.9345087
1.1158869 0.0014019 0.0199371
-1.5707350 0.6218543 -2.7465835
0.9518213 0.6208535 -0.3217440
0.7141495 -0.0968152 -0.5016882
1.9372174 0.7179798 -2.9212852
1.0517149 0.0566267 -0.0091095
0.8900772 0.1392873 1.0671070
0.1993738 -0.5610479 -2.1141932
0.7380651 -0.4926431 0.6827974
0.6007342 -0.5252599 0.2711365
0.8845748 0.5087478 -1.1107720
0.1803415 -0.6737737 -1.9044089
0.6227235 -0.1308992 -0.4768594
0.4602183 -0.4660829 -0.0318032
0.6019827 0.2819079 0.8038428
0.6698272 0.3963940 0.5930904
0.7723978 -0.3760867 0.4300114
0.6793978 0.6967713 1.4916599
1.0573808 0.0820995 1.2342176
0.7110873 0.7978465 1.5789356
1.0841295 0.1206165 1.9067900
0.7857766 -0.5790641 0.1684422
1.5602539 0.1793485 -1.0876137
0.2259936 0.4610748 -1.0376191
0.3344739 -0.2920820 0.6876539
0.3283667 -0.1912855 -1.0612038
0.6969678 0.0396058 -0.6630151
0.8254274 -0.1868389 0.8171689
-0.0038259 -0.9063948 -1.6604913
-0.0176233 -0.4313686 -2.2128751
1.3346380 0.3644140 -0.9636699
0.6819568 -0.8217427 -1.4335262
0.8842385 0.4917642 0.4673490
1.0599589 -0.4556204 -1.0506192
1.0368458 -0.2656962 1.0135468
0.7378335 -0.8869917 -1.6598253
-0.5632805 0.4685184 -2.1671522
0.8504856 0.7524866 -1.2973558
1.1401712 0.0582247 1.6610898
0.1918450 -0.3448689 0.1724563
0.2669642 -0.9094585 0.1897422
0.4547582 -0.3163810 -0.7613128
0.3304282 -0.6797854 -1.2067280
0.4366481 0.0958405 -0.6071428
0.5645162 -0.9300979 -1.2967284
0.6762081 0.6646217 1.4615781
0.5922855 -0.8134997 -1.6223432
0.0709618 -0.2796047 -1.4907632
1.4053471 0.2234433 -1.6386210
1.1179374 -0.4402097 -1.2649817
0.7233871 2.1344745 2.1624873
1.4843649 0.2445775 1.2329273
0.9622654 0.2357835 -1.1118035
1.1280203 0.3086919 0.3989387
0.2674638 -0.2345246 -1.0094796
-0.9133403 0.3290745 -2.2938070
0.0907247 -0.1816780 -1.7022790
-2.2279880 1.0246297 -2.5097933
-1.4476219 0.6701051 -2.6206532
-2.1345272 1.2457999 -2.5942886
1.3339117 0.5360006 -1.6436272
1.6387582 -0.1781873 0.8485448
-0.0611684 -0.6127692 -2.8875871
1.4414182 0.6732748 -2.3848286
1.5065193 0.5134181 -1.6144587
1.0270981 0.2658430 -1.1719465
-0.3175791 0.4530884 -1.5076156
0.2011895 0.4690442 -1.0663207
1.4244430 -0.2397995 0.9131502
0.0748453 -0.9599071 -2.9835637
-0.5585766 0.2828526 -1.9131590
0.8816072 0.5299265 -1.0879709
0.0375766 -0.5664569 -2.0898411
0.8324057 0.4038135 -1.1452821
0.7952034 0.2653017 -0.5546532
0.7742626 -0.7136925 -1.3370813
1.0708230 -0.0729492 -0.0535263
0.3199196 0.3715326 -0.8098575
1.1363915 0.2933861 0.3970292
1.1462408 -0.4479598 -1.5670953
1.9265957 0.7552030 -2.9007709
0.9994178 -0.3127670 0.0914417
0.1604924 0.0839336 -1.0892715
-0.0191805 0.1603209 -1.3297125
-0.1782341 0.4993512 -1.2465881
-0.1315454 -1.0432867 -2.8763163
0.4953897 -0.3368931 -0.7108213
1.4469553 0.0646604 0.9294699
0.9417009 -0.5178441 0.4911208
0.1142140 -0.7247019 0.0040881
0.8725963 0.4428314 -1.0952772
0.7384850 -1.6992317 0.1779838
0.0877314 -0.5192612 -0.1246916
-1.5398170 0.7295389 -2.6572175
0.2319610 -0.6590725 0.4303401
1.0019727 0.8275448 -0.8773543
-0.2726278 -0.6879405 -2.7911146
0.7298362 -1.5027239 0.3613914
0.3004435 0.4176307 -0.9293669
1.2251836 -0.3164361 -1.1062479
0.6864551 -0.1190646 -0.5256015
0.9799526 0.1468560 1.1295956
0.2566548 -0.8212708 -1.4747196
0.7083393 0.6042170 0.0511031
0.0928634 -0.5439602 -2.0164936
0.6821035 -0.4690318 -0.3489325
1.0682391 -0.2710192 -0.5144467
1.3847525 -0.3072186 1.2294159
0.7088165 -1.4639469 0.3980031
0.7978482 -0.1665323 0.7009062
1.2961971 0.5301055 -0.8468458
-0.0737951 0.4627583 -1.0261476
0.3002372 -0.1636500 -0.9659283
0.9103262 -0.5382575 -1.0368985
-0.6179302 0.4387662 -1.9580737
0.7230502 0.1803444 -0.8177255
1.2031695 -0.0196861 0.0371809
0.7637103 -0.6601518 -1.1992066
0.7258708 -0.0053796 1.1539685
0.5568370 -0.5661939 -1.7535148
-0.0058494 -0.6709309 -2.3773661
-1.6078223 0.6504111 -2.6573837
1.3851336 0.2678140 -1.8024956
0.5845875 -0.5279761 0.0850125
-0.0080531 -0.9288647 -1.5160137
0.9970196 0.5351706 0.0993007
1.0105590 0.0308466 -0.1746515
1.2250041 -0.1348282 -0.9027562
0.5556809 -0.0093611 -0.6956129
0.6637300 -0.4066316 -1.2808882
0.6939572 0.1601764 -0.8490570
0.8558381 0.5608428 0.5419801
0.7348342 -0.4632800 0.8630180
0.0465847 0.2848752 -1.0424134
0.8791302 -0.2997322 0.3008519
0.9254761 0.7848991 -1.3841541
1.2838062 0.5174481 -2.3448699
0.3238575 -0.0850263 -0.8374064
-0.0512695 -0.9945616 -2.9590230
1.2765332 0.5821249 -2.1875799
0.8708394 -0.2059358 0.8242918
0.8649516 -0.0605983 -0.4519585
0.6999286 0.3494725 1.3756131
-1.4420230 0.5888668 -2.7519705
0.6911586 0.8190717 -0.3933885
0.4266513 0.1815146 -0.5879834
1.2183665 -0.3114071 -1.1869631
0.2676657 -1.1139333 -1.4894247
0.9243069 -0.6425821 0.3939366
0.7182874 1.0391035 1.6752082
0.9587886 0.3706810 0.1330569
1.6679764 0.4564869 -1.4834932
1.2735910 0.2298103 0.3691394
0.5806750 0.3527555 0.5865179
0.6465224 -0.4731789 -0.3811818
0.6686661 1.9311017 2.0407701
0.7607005 0.8161415 -0.3696704
1.2007273 0.0219865 -0.8631945
0.0595734 0.4251708 -1.0635933
0.2882607 -0.0628119 -0.2013755
-0.0859373 -0.7758160 -1.6054908
0.3742961 -0.3125024 -0.1982212
0.3578603 -0.0767313 -0.5751981
0.4960691 0.5734102 0.2264398
0.5220720 -0.2609865 -1.2409731
0.0785674 -0.5253638 -0.1302001
1.0540453 -0.2478425 1.0659088
-1.0039079 0.3361063 -2.5572453
0.7365884 0.9287192 -0.2206598
0.8407986 -0.3737988 0.3382101
1.2944298 0.6140751 -2.3052397
0.3824472 -0.3284816 -0.2240919
0.4849513 -0.8292371 -1.2020173
0.6240253 0.6397077 0.4029499
0.2448569 0.4435746 -0.9780630
0.7490867 -1.7682168 0.2415388
1.0794749 0.3792792 -0.6642655
0.5111330 -0.7033308 -0.9607991
1.1155940 0.3116758 0.4589598
0.6872110 0.5871832 0.0878771
0.7031084 0.0833485 -0.8810317
0.3527816 0.0871775 -0.1656483
0.7268728 0.2244171 1.1946969
0.8624565 0.3464897 0.6484503
1.4476086 0.6526572 -2.2790928
-0.2128856 -0.9842314 -2.9566965
0.6345185 0.2921768 -0.2681701
1.0632071 0.7156631 0.5632395
0.8971397 -0.4522271 -1.1550726
0.5416539 -0.5854682 0.1260600
0.6647522 0.5704898 0.2059948
1.1175833 -0.0172193 0.2928708
0.1881204 -0.7123416 -1.2972473
-0.1542916 0.2058004 -1.5388896
-1.3678833 0.5517287 -2.7344816
0.1753573 -0.4848262 -2.2593844
0.5586002 0.1283985 -0.6604517
0.2403791 -0.7620411 -1.2383312
0.9474550 0.6870759 -1.1948540
0.6836414 0.3560770 1.3299541
0.6501530 -0.9881886 0.6352471
1.2407477 -0.1534532 -1.0596223
0.6403607 0.8111056 -0.1034285
0.8233629 -0.4979435 0.4100639
-0.0819765 -0.7749496 -2.9598219
0.3495610 -0.0218167 -0.7347282
0.4097772 0.0987129 -0.4606265
0.7394909 0.6033629 -0.2127092
0.7258754 0.3667727 -1.0143273
0.1246755 -0.8201445 -1.4063817
1.4382533 0.6841285 -2.4271781
0.6513419 0.4580606 0.7086317
1.4745458 0.4961932 -2.3713043
0.3495599 -1.1270719 -1.6404265
0.9338031 0.1529179 -0.3295067
0.1948749 -0.7115531 -0.0834435
0.8933771 -0.5351046 -0.6736868
0.9951845 -0.2688873 -0.9899331
1.3371218 0.2397203 -1.5129731
1.4460766 0.4220490 -1.9516457
0.0901553 -0.6878896 -0.1564495
0.0057990 -0.5074423 -1.4738346
0.5461667 0.4906455 0.4119608
-1.8170109 0.7869892 -2.6903255
1.5389067 0.0267587 1.0142009
1.4262989 0.0126424 1.2190858
1.2612252 0.1011927 0.4659597
1.1175472 -0.4443974 -1.1414797
0.8027039 0.4755006 -0.9618486
0.3985195 -0.7138423 0.0098114
-0.1681628 -0.9483815 -2.9866283
0.3642345 0.0881761 -0.1968446
0.1833330 -0.5968434 -1.6969359
-0.4155811 0.2187445 -1.9396429
0.1634553 -1.0110602 -1.4282386
0.7443712 -1.6696287 0.2801882
0.1892221 -1.0579851 -1.4417242
0.8360838 0.6495305 0.6694646
1.3342162 -0.3798814 1.2874534
0.5925769 0.2873179 -0.0299971
-0.1261042 -0.5026533 -0.1014098
0.8021929 -0.5498616 -0.6961775
0.6232268 0.2160583 0.8562604
1.2164030 -0.2299522 1.0497981
0.7271229 1.7309461 1.9582758
0.6496209 0.2980801 -0.8111730
1.1571400 -0.0498858 -0.9628443
1.0312103 -0.3643716 -0.7918274
0.4418069 -0.7867234 -1.1649835
0.1706128 -0.2702619 -1.2483542
1.3214309 0.5089379 -1.6336035
0.9456503 -0.4315858 -0.5192450
0.3905662 -0.0005566 -0.8896623
1.1958867 0.2551894 1.0253357
-0.1008165 -0.8919533 -1.7107594
0.7497249 -0.6480131 0.7696716
0.1586825 -0.3092931 -1.2173930
0.9559578 -0.1404371 1.2428304
1.1366218 -0.0616863 0.3326736
0.1658574 -0.2115114 -1.8433870
-2.2571502 0.9940108 -2.7878048
0.6470185 0.5700636 -0.0263006
1.2361153 0.4199520 -0.9588535
0.2585771 -0.2381703 -1.0354619
1.1397032 0.0759886 0.4760512
0.7142280 -0.5378084 0.2644643
0.8568653 -0.7132133 -0.9261428
0.9391859 0.4986188 -0.1624494
1.4933668 0.5662736 -2.4187427
0.6815107 -0.4459893 -0.2999933
0.6791795 -1.8531063 0.2535107
0.7350115 -0.2225107 1.0123883
0.7397640 -1.3617328 0.4155883
0.6404538 -0.3608991 -0.2797053
0.4743294 -0.5134309 -1.6248853
0.3379875 -0.1429504 -0.5863788
0.5675615 0.2250259 -0.3734270
0.9563746 0.3362319 -0.9157761
1.0159913 -0.0632598 -0.3552429
0.2742511 0.1905553 -1.3311028
0.2893244 0.2689971 -0.6688710
0.1391898 0.4215757 -1.4899836
0.8922701 -0.4281257 -1.1026689
1.4959342 0.1110936 -1.2497427
0.5169226 -0.2799295 -0.5519316
0.3795518 0.0295459 -0.7567240
1.4002650 0.3067729 -1.8522581
0.9678259 -0.6665200 0.7226423
1.2921882 -0.2933660 1.4693160
1.0164518 0.0107602 -1.1439937
0.6913873 -1.4010540 0.3624467
1.7956344 0.7543774 -2.9599891
1.3471023 0.3948667 -2.0138915
-2.1345396 0.8632502 -2.7921867
-0.0332538 -0.9863020 -1.5857161
0.5050759 -0.7291573 0.2670194
1.0308404 -0.0807770 0.3229398
1.3026602 0.2732838 -1.6179665
0.0710630 -0.5932362 -2.1060658
0.6397349 0.1056106 -0.5253727
1.5768052 0.7503352 -2.7917743
0.4298743 -0.6398051 -1.0337516
0.4946539 -0.3927382 -0.7565770
0.3573291 -0.1946931 -0.9826198
1.0121667 -0.1536860 -0.0434537
-2.3397608 1.0697125 -2.5426834
0.4598386 0.0189279 -0.7454007
0.7097449 -0.3980050 -0.0259740
0.4582088 0.1790589 -0.1200218
1.0912199 -0.1579663 -0.5443745
1.3265353 0.4635478 -1.3143827
0.7359295 -0.3928492 -0.2067996
0.2235290 -0.7326077 -1.4932309
0.0729500 -0.5036936 -1.2883648
1.4690850 0.4560848 -2.3021789
0.7238370 -0.8562393 -1.3834656
1.1507957 0.1492948 0.0780633
0.3225240 -1.0757680 -1.5377589
0.8705520 0.4322925 -1.0120666
0.8901622 0.6916036 -0.1517897
-0.0246090 -0.6752997 -2.5817385
1.2091172 0.4140746 -1.9189703
0.1659902 -0.4044962 -2.1565123
1.4614434 0.5259757 -0.9695485
0.6903347 -0.9711944 -1.8620026
0.5952135 0.5214916 0.8745677
-0.2598732 -0.8910808 -2.9191992
0.7928652 -0.7090437 -1.2573313
1.3076620 0.5602134 -1.6317320
1.0261893 0.8026128 -1.0642478
0.5657279 -1.0023620 -1.6152308
1.4470658 0.3579312 -0.9007484
0.4107705 0.1963183 0.0906226
0.8517680 -0.5155754 0.2014306
1.1703988 -0.0220661 1.2127565
0.7233409 0.6425250 0.0767455
1.1723615 -0.3134176 -0.9947645
0.8638079 0.5362089 0.5136592
1.4558085 0.5843359 -1.0644742
-1.1828179 0.5430310 -2.6519904
-0.5321209 0.4681657 -2.1447349
1.2899950 0.0514414 0.1307262
1.3516511 0.1252563 0.9971278
-2.2256391 1.2158782 -2.5646226
1.0356609 -0.1354124 1.3308058
1.4189228 0.5058658 -1.0100524
0.2283211 0.3383669 -0.7535211
0.6741729 -1.2224971 0.3582682
0.5935245 -0.3892994 -0.3587745
0.7769814 0.7322510 -0.1536943
0.1425363 0.1356944 -1.3163290
0.5455056 0.1616444 -0.4044025
1.9011662 0.6510197 -2.9584312
-2.1686132 0.8480750 -2.5940118
0.5208989 0.2097463 -0.4005075
0.6041033 0.2447102 0.8600650
1.4646163 -0.3070840 1.0493473
0.3643511 -0.8466865 -1.3806944
0.4800161 -0.4413097 -0.5365075
0.8943441 0.4961283 -0.9317337
0.9579400 0.4547054 -0.9983820
0.6710497 0.3565692 -0.9518886
1.7290491 0.8377777 -2.9850118
0.6909671 0.7358252 1.5658265
0.3295226 -0.5860338 -1.0402617
1.1725628 -0.3447699 0.9923151
0.1661305 -0.6001861 -1.7426643
0.6819553 0.3483712 1.3181226
0.9743870 0.1950831 -0.2958893
0.8931783 -0.2361366 0.3166585
0.5706232 -1.4065524 0.3339261
0.2359858 -0.3304683 -1.1860174
0.7655872 -0.4878740 0.1802979
0.6733137 -0.3971325 0.9772027
0.0542426 -0.6107276 -1.3412728
1.2720253 0.7611960 -1.1450936
0.0884121 0.3006422 -0.9820750
0.3656530 0.0306951 -0.7793435
1.0905534 -0.2208825 0.7514440
1.0856984 -0.2992565 -0.7994499
0.7183743 -0.0281157 -0.8875079
1.5096686 0.0241238 0.6142336
1.3115026 0.4229874 -2.2702091
-0.1817785 0.4776661 -1.2240796
-0.0644110 -0.4907042 -2.3587899
0.5196601 -0.0574891 -0.5249587
0.3410732 0.3888904 -1.2859101
0.3140673 -0.1307120 0.6705495
0.4601310 -0.3827934 -0.4732412
1.0549304 0.5363634 0.2460641
0.8752877 -0.3952923 -0.3724728
0.2328944 -0.7582912 -1.7028725
0.7458948 -0.3650879 -0.2322078
0.4134617 -0.7123309 -1.7962724
0.6849567 2.1997888 2.1864800
1.0708368 -0.5463811 0.1543858
0.6204452 0.7274560 -0.2931065
0.6925490 -0.4191421 -0.3548593
1.5007060 0.2938029 -1.7317002
0.0700842 -0.2481031 -1.9788184
0.2957564 -1.0003744 -1.4301951
0.7624199 0.9113671 -0.1284277
0.9493525 0.7861047 -0.4525424
1.4651214 0.1274449 0.8673617
1.2005508 -0.4427817 1.1138457
-0.4370305 0.4870307 -1.6546879
1.0264002 0.6806554 -0.3584556
-0.1221437 -0.3325711 -1.9385669
1.2681998 -0.0816770 0.1349082
1.2680666 -0.5116550 1.3153228
0.5554482 -0.3831473 -0.1168948
1.6081967 0.2021058 1.1499726
1.2471974 0.0132571 -1.1265929
-1.1580383 0.3584447 -2.5042756
1.1368508 0.1605531 0.9367014
0.7105892 -0.7833486 -1.1524149
1.1505113 0.1955491 -0.6014986
0.6858844 1.2857786 1.8397247
1.2959844 0.5423840 -1.6308260
-1.1592857 0.3889296 -2.6299481
-2.2245748 1.2216551 -2.5760880
0.8886929 0.8167164 -0.9185423
0.0245267 -0.9025235 -1.6069819
0.8156619 0.2897594 -0.2859753
-2.2960372 1.2718292 -2.5802913
1.2288918 0.0999863 1.5782552
0.9557850 -0.1961970 -0.1760598
1.3106736 0.0531411 -0.7248199
-2.4701774 1.2298133 -2.5790122
0.3408429 0.0105609 -0.8690408
1.0791837 0.1322931 1.8769058
0.8124605 -0.3633683 -0.9082165
1.4586445 0.0450750 1.2585677
1.2662681 0.2339044 0.3743622
1.0064465 -0.0589565 0.6446822
1.2703675 0.1851169 0.9593473
-1.9164767 0.8593596 -2.8541369
1.5751665 0.2191399 -1.0906531
1.2025946 -0.0266155 -0.5830294
-0.0077955 -0.6486973 -0.2722821
1.1431632 0.4519525 -0.6933812
1.0955293 -0.5278483 -1.4536786
0.9273000 0.6388294 -1.2215075
0.7276027 1.4667538 1.8355092
-0.1766244 -0.7816213 -1.7553432
0.0959097 0.5195931 -1.2991071
0.6863918 0.4645454 1.4006069
1.2135495 0.1982797 1.0186831
0.9793374 -0.5119133 -1.0591992
1.0001432 -0.5381517 -1.4105880
0.0140511 -0.5342357 -2.5286901
1.4001354 0.0774365 -1.3285847
0.7295818 1.8370235 2.0562110
0.8618848 -0.7213531 -1.0095061
0.5392177 0.8781065 -0.1173918
1.1276939 0.6918939 -1.1592424
1.0349920 0.6123515 -1.0927877
0.2674581 -1.1366633 -1.5222070
0.3451013 -0.8912153 0.2504756
0.5521351 0.2826126 -0.2208040
1.5136354 0.1726359 -1.0493816
1.0535214 0.2680722 0.1421321
1.3223026 -0.0389232 1.1100099
1.4383069 0.0642995 -1.1711568
0.9323065 -0.4454425 -0.8194975
1.1546613 0.1076544 1.0957930
0.3882847 -0.6018111 -0.9705566
1.3106699 0.2051666 1.0255467
1.0774372 -0.5654392 -1.4940612
0.8850448 -0.0094160 -1.0475137
0.1432479 -0.3937579 0.3261165
1.3379635 0.1379786 -0.8851833
0.6835290 -0.6895164 0.9203548
0.1424877 -0.9557978 -1.4010369
-1.8826909 0.8438991 -2.6080515
0.8620443 0.5318737 -1.0010581
1.0337905 -0.0129113 -1.1262736
0.4195832 -0.7669037 -1.1053225
1.0213621 0.4689224 -1.1482947
1.2526926 0.2187198 0.8511180
0.8106654 0.6979410 -0.1950548
1.3791348 0.1942226 -1.5625321
1.0460337 -0.1717758 0.1264788
1.2774179 0.0720654 1.0065590
0.9990506 0.1643840 0.9711016
1.1012322 0.5618800 0.1747319
0.7025599 0.1661388 -0.8195686
0.3293093 -0.4973269 -1.6012136
0.7212808 1.1671795 1.6541215
-2.1041486 1.2964765 -2.7561586
1.2408026 0.3804357 -2.0290208
-2.1757441 1.0517223 -2.8379483
1.1988803 -0.3964272 -1.1828991
-0.0655888 -0.7629130 -1.6742817
0.3835186 -1.1670456 -1.6109509
0.5095106 0.3058145 0.3398745
1.2324854 0.1983292 1.0612863
0.7496759 -0.4045460 -0.8942064
0.6357136 -0.5265210 -1.5456228
0.8280003 -0.2862574 0.3316125
0.1335896 -0.3497770 -1.4361992
0.5389085 -0.5502787 -1.6651906
1.1602014 -0.0977550 -0.6319631
0.4638570 -0.5374516 -1.6297246
0.1832548 -0.7693209 -1.2177405
1.3803685 0.7969939 -2.7995868
0.6245762 -0.5122817 0.0313422
0.5607027 -0.5201842 -0.7806518
1.4483821 0.3506735 -0.9210984
-2.5515952 1.1643505 -2.6530237
1.0248405 -0.4418903 0.0774413
0.6624864 0.3864319 0.5878506
0.7468172 0.8159337 0.5067879
0.7214128 0.5250663 1.3844575
0.7380044 0.0623980 1.0296087
0.7192693 -1.0012993 0.6505137
-0.0358375 -0.5278227 -1.5549886
1.3165165 -0.2806412 0.7071437
0.3731587 0.0840769 0.5283860
1.2974175 0.5657904 -0.8694265
0.8869377 0.8101510 -0.1303716
0.4110941 -0.3766549 -0.0991715
0.5292844 0.4090730 0.3371427
0.4081601 -0.0905967 -1.4318810
1.4245695 0.0374168 1.3619760
-0.0831341 -0.9076951 -1.7171777
-0.0140245 0.5222796 -1.3161387
1.0083570 0.1732994 -0.1738487
0.2114622 0.2011253 -0.8473849
1.3310211 0.2420077 -0.7362027
0.7172216 -1.2730442 0.4252166
1.3151355 -0.2935093 -1.5201689
0.4324377 -0.7393033 -0.9811844
0.3833578 -0.6873550 0.1345307
1.4688678 0.0992070 1.3036139
0.6096352 0.4059975 0.5467203
1.3277446 0.2791117 1.2770486
0.8535325 -0.3654757 -0.5935909
0.9846365 -0.1699939 0.2438098
0.6809330 2.1492400 2.2358565
-2.1068456 0.9710557 -2.4946227
0.7964547 0.4083267 -0.7490177
0.2831085 -0.2353009 -0.9502497
0.3879558 -0.7376456 0.2000016
-0.1103623 0.5108976 -1.7287660
0.6195344 0.0985247 0.7981909
1.0787789 -0.1308329 -0.6275038
0.6313556 -0.8580189 -1.3943124
0.5805712 -0.9837278 -1.5805099
1.4354861 0.6640452 -2.3328722
0.7772237 -0.3360625 -0.3514593
1.0885082 -0.2586503 0.7935589
1.3097945 -0.2034388 1.0150224
0.5823579 -0.9376519 -1.4908782
0.4412427 -0.4216402 -1.3906353
0.2072683 -0.7540395 -1.7620134
0.2129020 0.4552629 -1.3883067
0.1829562 -0.6969408 -0.0045198
1.2721789 0.2286560 1.1024693
0.3324156 0.2180317 -0.6994853
0.2075827 -0.6185052 -2.0246794
0.8828883 -0.3973586 -1.0460850
0.1598905 -0.3850311 -1.2896074
0.6613765 -0.1126596 1.0441184
0.2802882 -0.4754130 -0.9776645
-0.0195252 0.4312599 -1.1088643
0.6536139 -1.2091956 0.3336326
0.7954936 0.9330570 0.7310741
0.5559251 0.2442221 -1.0755575
0.5662267 -0.6091032 0.3415547
1.2287704 -0.2972352 -1.1449213
-0.6351211 0.2750719 -2.0037451
0.6695088 -0.5561360 0.7779856
0.7086654 -0.4945175 -1.2051014
0.3487610 -0.2127798 -0.7841660
0.4656481 -0.0283400 -0.7831639
1.5061040 0.1395060 -1.4157214
0.9910627 0.7263614 -0.4384559
0.1582161 -0.1513245 -1.7393683
0.3366149 -0.5825195 -1.9424711
0.1127022 -0.4493297 0.3453912
0.7204432 0.4886451 1.3116946
0.6531489 -0.4330425 -0.3048215
0.5034063 0.2441577 0.2863448
1.2276198 0.3438841 -0.9178274
0.6527858 -1.7918454 0.2422390
1.1110313 -0.2757680 1.5783409
1.4752817 0.5462299 -1.5743499
1.4496577 -0.3759048 1.1473430
0.1349075 -0.8384999 -1.3904126
0.9951641 0.7757324 -1.2111770
-0.8448320 0.3642571 -2.1960142
-0.0275771 -0.6795517 -2.6534770
1.0232773 0.7609017 -0.5641928
-0.1921585 -0.7692502 -2.8127630
0.7413561 -0.8470044 0.5696924
0.6260509 -0.9566341 -1.4023049
0.6907132 1.4177861 1.9263304
0.8621780 -0.7154736 -0.9119146
0.7622449 -0.7311759 -1.3713703
-0.0007870 -0.6790048 -2.4347882
1.0107576 -0.1577763 0.4983677
0.5236955 -0.9594046 -1.5296614
0.1811891 -0.5981625 -2.1934144
0.4178105 -1.0589167 -1.5934323
1.4137821 0.5664700 -1.3877206
1.6910274 0.2903026 -1.2999651
0.8257377 -0.6702961 -1.2876176
0.6668367 0.9368613 0.0736703
-0.1906627 -0.7361115 -2.6913717
0.9388334 -0.3905581 0.0565201
0.4951389 -0.9665275 -1.6636771
0.3657326 -0.3916449 -1.2457923
0.9230552 -0.4751107 0.5214016
0.6426620 0.5875771 0.2894453
0.9086261 -0.3407313 -0.4525518
0.9842392 0.7611339 -0.4414138
0.1193348 -0.2333814 -1.8160298
0.5487519 -0.8827459 -1.1988845
-0.4008307 0.3706487 -1.6624516
0.9803131 -0.4147214 0.4814315
1.0229715 0.7270576 0.2074390
1.2837036 -0.2998483 0.8211519
-0.0558047 0.1806328 -1.4108485
0.8118237 -0.3439394 -0.8706812
0.7260907 -0.9892266 0.5852025
0.9449229 0.5689645 -0.9799005
1.7515785 -0.1613438 0.5519932
0.2912309 -0.5028949 -1.9478036
0.6134984 0.6990646 -0.1783067
0.8124418 -0.4074079 -0.9763929
-0.7371628 0.3059273 -2.1013086
0.0840756 -0.6905766 -1.4377700
0.7039791 0.4089905 0.4534219
0.8793212 0.1549838 0.9792222
-1.2502439 0.5602753 -2.4633777
0.6700218 0.1241204 -0.8201922
0.9994791 0.7682642 -0.9937840
0.6283689 -0.3457472 -1.2828528
0.2496572 -1.1917167 -1.6475308
0.4995550 0.2368975 -0.5335715
-0.0568177 -0.3806294 -1.8378441
1.3330981 -0.1576981 0.5838489
1.1212771 0.3561446 -1.1606575
0.8490951 -0.3085608 0.4192500
0.8858953 -0.5638278 -0.7492487
0.4168974 -0.0031410 -1.1091498
0.2041633 -0.7912270 -0.0169288
0.6341671 0.4983625 0.4135098
0.6943416 0.7358755 -0.2098389
1.6587119 0.7912377 -2.8581033
1.2320691 0.0877160 0.7596635
-1.7330030 0.9190251 -2.7498059
0.1706249 -0.4919863 0.1993093
0.6553172 -0.6434535 0.8191106
0.3087317 -0.1396246 -1.8171998
0.8725764 0.3295456 -1.1373287
1.0194079 -0.6088000 0.3557710
0.1531715 -0.6405925 0.3758110
1.4911979 -0.2547024 0.8024824
0.1334043 0.0909977 -1.1456573
0.1581002 -0.3361295 -1.3895930
1.4174070 0.2535648 0.3370798
1.1670694 0.1856929 0.1794240
1.0810621 0.3332084 -0.9622658
0.4998548 0.4576258 0.2969249
1.4295652 -0.2387714 0.9133548
0.8927702 -0.4119448 0.3403617
1.0333940 0.0267935 -0.6904308
1.3280072 0.5249254 -1.6504019
0.2777727 0.0260395 0.4515536
0.9114639 0.7401600 0.4519645
0.2856757 -0.2829311 -1.1051862
0.8746659 0.1586547 -0.3986509
1.2017392 -0.4143138 0.8508620
1.5869409 0.0325213 0.7199559
0.1952399 -0.4733886 -2.0761385
0.3396795 -0.0750896 -0.7742937
0.6656032 -0.5294402 0.7966201
0.4380588 -0.3464220 -0.5929313
0.6777641 1.9821248 2.1810613
-0.0407057 -1.0173151 -1.6170928
-0.0923370 -1.0286365 -2.9443247
1.3432028 0.2525455 -1.6125790
-0.0546385 -0.4897417 -1.7134730
0.7190546 0.7427744 1.5099396
0.5166832 0.0118091 -0.8801516
0.7345167 -0.1983953 1.0295663
0.8756524 0.4914942 -1.1178306
0.5934750 0.1535200 -0.4362243
0.0164082 -0.7392917 -0.0745873
1.1722296 -0.3582834 1.1083342
0.5753114 -0.6273376 -0.9019903
1.0368881 0.2774479 -0.5752977
1.3027352 0.0509212 -0.7318609
0.7340658 -1.3012948 0.4282230
0.7791195 -0.7311699 -1.2288556
0.4933597 0.2728787 -0.5464317
0.1557109 -0.7298445 0.0257492
0.4788700 -0.9655023 -1.4691628
0.7323070 -0.8313512 0.8914560
0.2367752 -0.3409022 0.1171112
0.7147505 0.7101930 0.4320525
0.9349676 0.7358388 0.0523805
0.7660432 -0.1570305 0.8672065
1.1471565 0.7057219 -1.1870786
1.3207573 0.6311496 -2.4441924
-0.8529343 0.2970742 -2.4692657
1.3168601 0.6364042 -2.3382185
1.0167369 -0.4043476 -1.2354286
0.2535485 0.4714538 -1.0514518
0.2512012 -0.2089215 0.2824247
1.2106544 -0.4592505 -1.5252298
0.7445783 -0.6178999 -0.9962157
0.7871255 -0.6276482 -0.8269136
1.0156145 0.5720593 -1.2046928
1.2467393 0.0048475 -1.0965101
1.4899952 0.0243100 0.5700964
0.9468474 -0.3035031 -0.5934737
1.0951953 -0.2532505 -1.0930051
0.1196815 -0.1501502 -1.9929903
-1.9464232 0.7583233 -2.7246835
1.8231374 -0.1241633 0.5221565
1.4042089 0.2038953 0.4856123
1.4532862 0.5758601 -2.5942388
0.8253199 0.6954864 0.0102180
1.2334250 0.5274411 -2.2079568
1.2811900 0.4186444 -1.0719707
-0.0535760 -0.6528334 -2.4263511
0.6216002 0.1656377 -0.5932024
0.6035759 -0.3036714 0.7016645
0.8539401 0.6720604 0.1209432
0.6858892 -0.9473823 0.7590173
0.4996719 0.3198540 0.2422349
1.3951013 0.5858124 -1.5722984
0.0256612 -0.3777444 -2.1298292
0.5301596 0.2998904 0.5021542
0.6323774 -0.9499344 0.6062036
0.6322477 0.1096300 0.8220174
1.1404175 -0.4884978 1.1836947
0.1819917 -1.1698660 -1.5818242
1.0569828 0.4218245 0.1535484
1.0784707 -0.0433367 1.3890733
1.3092135 -0.3647521 1.3314471
0.1928416 -0.5912104 0.0844156
1.1233783 0.3544306 0.5466071
-2.2926626 1.0499195 -2.7610049
1.3955503 0.1446346 -0.9358711
0.7090498 1.5728825 2.0022163
0.7095145 -0.0597775 -0.5033711
0.9544728 -0.5696179 -1.4563464
0.2448504 -0.0724693 0.0144752
0.9281152 0.7337766 -1.1090140
-0.0209042 -0.6223803 -1.4526328
0.0834339 -0.5755952 -1.3991112
0.4028096 -0.0007492 -0.9319276
0.0762670 -0.2354616 -1.5307691
0.8899583 -0.1138078 -0.9300611
0.9742333 0.3996069 0.0999506
0.8113361 -0.3005962 -0.3275833
0.0109175 0.5018211 -1.2640767
1.2790803 0.4308627 -1.7382647
0.7821263 0.8207184 -0.2535487
0.9203733 0.6934963 0.4843354
0.2071285 -0.0911647 -2.0766823
1.4040638 0.5325751 -1.4946828
0.8345853 0.7334840 -1.3240671
0.3614512 -0.2621616 0.7182866
0.9074548 0.0311595 -0.4443471
1.2961483 -0.0775636 1.2225645
0.3181681 0.1080527 0.2238277
0.7696100 -0.7125207 -1.1597673
0.5314686 0.2202047 -0.4272565
1.4950489 0.0798028 0.8224193
0.4165305 0.0022856 -0.7018197
0.0577270 -0.4213479 -2.3359396
-0.1765688 0.2672054 -1.8132684
1.1380736 0.0607062 0.2284901
-0.1108522 -0.5026745 -0.0766343
-2.1667376 0.8966231 -2.5561097
1.1845247 0.4127531 -0.9361037
0.3622020 0.0557130 0.5553544
0.5696153 0.4997786 0.8690696
0.8557647 0.3897956 -0.0032001
1.0086356 -0.3068560 -1.0631448
1.1875050 -0.2772636 0.8283249
0.7066477 -0.3529258 -0.4011649
0.6120656 -1.3180292 0.3094440
0.4572327 -0.0301240 -0.4579961
0.7078887 -0.5384005 0.6403716
1.6272185 -0.0046192 0.6168876
0.7371235 0.2857852 -0.2774632
0.8171159 -0.0827263 -0.5472982
1.2263235 -0.0691499 1.2880696
0.0898352 -1.0562876 -1.5338631
0.7013757 -0.0078229 1.0374223
-1.1030207 0.4873997 -2.3676894
1.5851623 -0.2041732 0.7702215
0.7458584 0.6955274 0.4030387
1.0341375 0.5114322 0.5606141
-0.0938136 -0.5691609 -2.9101098
0.1552022 -0.2498752 -1.4938506
0.7154325 0.2611299 -1.0145029
0.2152425 -0.7772866 0.1556278
0.9198183 -0.1868874 -0.0367479
1.4896069 0.1083112 0.8537588
0.3239610 -0.2864787 0.6448227
0.1490351 -0.5703087 0.1087042
-0.4629420 0.2407814 -2.0899754
0.7173716 2.0203042 2.0607986
0.7857979 0.3318603 -0.5862829
1.5450888 0.1686885 -1.0799543
0.6576843 0.5249448 0.4037186
0.6417049 -0.2630125 -1.1972243
0.2159945 -0.7616472 -1.7562615
0.1573819 -0.6247235 -1.6890075
0.7247164 0.4160821 0.0272492
1.0180295 -0.3030229 1.9716072
0.5390809 0.6429991 0.1613128
-0.0068042 -0.9484168 -2.9386406
1.1391604 0.0746175 -0.0408607
0.1439927 -0.5989342 -0.1319114
0.0890836 -0.4028866 -2.2771096
-0.9592322 0.4712266 -2.3893471
0.2837321 0.2693728 -0.7400354
0.3417138 -0.3929040 0.0564070
0.1310193 -0.5957561 0.3876694
0.5247064 -0.5305882 -0.0229798
0.5642100 -0.6734147 0.2406527
0.6713611 0.4499291 1.3089386
1.0064692 -0.4981235 0.3448694
1.0235155 0.1492933 1.0578443
1.4014820 -0.1409409 1.0700600
0.8051289 -0.1006904 1.0950408
0.5671241 0.2874530 -0.5612314
0.9042626 -0.2088290 1.0402216
-0.1511765 -0.5978604 -2.5434377
0.2815419 -0.0957050 -1.4858677
1.3670601 -0.0097082 0.2519773
-0.0508454 -0.6217013 -1.5845209
0.5991058 0.0170379 -0.7513843
0.6775449 -0.2855672 0.8983279
0.7340847 -0.5538928 -0.6236809
1.5226297 -0.2099881 1.1267861
-0.0737793 -1.1458046 -2.9450588
0.8514937 0.6234322 -0.4938117
1.3612180 0.5204524 -1.9348822
0.5998632 0.2755942 -0.2795660
0.6633379 -0.9203908 0.5487507
0.1082431 -0.7605161 0.0781863
1.2635639 -0.1062414 0.0589924
0.2930338 -0.6849794 0.1897313
1.0698694 0.6578975 0.4079244
1.4262674 0.7001898 -1.0888629
0.9930158 -0.5032824 0.2981117
1.3060684 0.7087432 -2.6238813
0.0817600 0.5180255 -1.4776367
0.5577366 0.3326737 -0.7401466
0.8178671 -0.4056060 -0.3114116
0.1854890 -0.2019119 -1.2576033
1.2369533 0.0774538 1.0252506
0.3372121 -0.6911616 0.4095704
0.2953632 0.0555799 -0.8548735
1.6878103 -0.0687944 0.7208200
-2.2877431 0.9215592 -2.6222713
1.0047820 -0.1415746 0.7285002
0.8604934 -0.5660860 -0.6668966
0.6204066 0.7272336 -0.1733525
-1.4019578 0.6579392 -2.6342957
1.3909515 -0.2211235 0.9416363
0.6931015 -0.3840201 -0.2179182
0.7140301 -1.2336376 0.5200980
0.6104163 0.1291008 -0.5166128
-1.9635561 0.8995829 -2.8774214
0.7396308 0.8782033 0.6511196
0.8746247 0.8598965 -0.8942062
0.5161323 -1.1600395 0.3214397
1.3640836 0.1991217 1.2886746
0.5645846 0.5902262 0.2911049
1.1831733 0.3543397 -0.8748186
1.3263413 0.7335075 -1.0554705
0.0443999 -0.2457708 -1.5952736
0.7025988 0.4428978 0.4048289
0.1772488 -0.2086234 -1.7946337
0.7299762 -0.0845345 1.0225075
0.0522531 -0.6764847 -1.3663679
0.1797319 -0.9117339 0.2965660
0.7221992 1.6673400 2.0029547
0.9283550 -0.5554729 -1.0741419
0.9996549 -0.5602341 0.1252400
0.4752100 -0.3750211 -0.1949998
0.5046173 0.3368400 -0.7329138
-0.0202984 -0.3565754 -1.6185890
1.3353202 0.5932880 -2.7473037
1.3244770 -0.1922481 -1.1423997
1.1052197 -0.3868310 1.1434585
-0.0256664 0.5267633 -1.6024438
0.5929618 -0.4096068 -0.1472379
0.7405978 -0.4955532 0.1386233
1.0736816 -0.1929663 0.2101892
0.7730070 -0.5817192 0.1673805
1.2672222 0.0237893 0.0313348
-0.8942482 0.3930624 -2.5252585
0.7210727 -1.4189345 0.3609832
1.2883859 0.3726316 -2.0594850
1.1016772 -0.5043638 -1.3752751
0.6931649 -0.4237302 -0.4665898
1.5454006 0.5224469 -1.1018757
1.5292643 -0.1994128 1.1221073
0.6512468 -0.9227269 -1.6059841
-0.0562184 -0.4768316 -2.3177903
1.5338684 0.7025028 -2.7373309
0.7797732 0.6860217 -0.2568364
-1.3736628 0.5249349 -2.5627363
0.4145300 -0.3583305 -0.5357388
-0.3332582 0.3568375 -1.5670208
-0.2888041 0.3596910 -1.5076208
0.7198270 0.8503432 0.6323184
0.3575317 0.0521034 0.5517950
0.7150483 -0.4645502 -0.2865700
0.1651259 0.4351037 -1.0124429
1.1129569 -0.0070160 1.2089994
0.4021658 -0.1117393 -1.2750101
1.2721814 0.4110625 -2.1730683
0.8379313 0.8217490 -0.5910617
0.4391489 -0.7226249 0.1828762
0.0083307 -0.7835115 -2.8598738
0.6578838 -0.1282610 -0.4730492
1.0194186 0.3045607 -1.0987095
1.1939260 0.0667256 -0.7442901
0.6863866 -0.4007429 -0.3922091
0.3081076 -0.2251350 -0.0220955
0.6685790 1.4006425 1.7975539
0.8103364 0.6984197 -0.1961457
0.9106178 -0.4671419 -1.2160598
1.4476267 0.7344792 -2.5578809
0.9723989 -0.2694708 0.9514934
-0.1980007 0.5354074 -1.6001599
0.3268445 -0.1036361 -1.7998413
0.8396340 0.2912956 -1.2454684
0.7440647 -0.3476716 -0.2710784
1.2050810 0.4555897 -2.0598655
0.5619062 -0.4558205 -1.4930716
1.5626597 0.6002812 -2.9272881
1.1651040 0.0918034 1.6078944
0.8169019 0.6617609 -0.2693547
1.4298517 0.3532848 -0.8467674
0.1467813 -0.7591636 -1.2626913
0.8609652 -0.1282375 1.1329579
0.6787241 0.7920209 -0.1286257
0.1856642 -1.0715865 -1.5484859
-0.0550776 -0.5753002 -0.0263473
1.3250717 0.2482134 -0.7127776
0.5234599 0.2574958 -0.0119416
0.6451113 -0.5919709 0.8025821
1.4071357 0.6546320 -1.0553516
1.2042880 0.0897383 0.2443658
0.8178272 -0.4788605 -0.4982218
0.6853474 -0.4279952 -0.1690971
1.7586414 0.7464571 -2.9686697
0.9212108 -0.2299564 0.3853348
0.7732936 0.2376081 0.7937382
1.5325985 -0.0079037 1.1575811
0.4515734 0.2819754 -0.5431399
0.5384247 0.2400061 -0.5834235
1.0408034 -0.3588614 1.9934833
0.8738751 0.2885747 0.7218567
0.4987470 -0.0458196 -0.8950265
-0.4933534 0.4654711 -1.8768034
0.3955556 -0.8551653 0.0121045
0.8462788 -0.0919632 1.1445993
0.1437825 -0.5079148 -2.3524187
0.6224443 0.0480452 0.8235815
1.4496179 0.4873675 -1.1948535
0.6139269 -0.5402092 0.4805175
0.8368132 -0.1830090 1.2029510
1.3827298 -0.4111644 1.2511195
1.3217680 -0.2842547 -1.3827577
-0.0490838 -0.9790949 -1.6422405
1.5501460 0.3172995 -1.6342988
0.5430159 -0.3860646 -1.3925687
0.6553012 0.2272788 -0.9569957
0.4670820 -0.9450467 -1.5364506
0.6790373 -0.4431209 0.0115111
0.3388922 -0.4605280 -1.2591038
0.3845362 -0.5098037 -1.0174941
1.0840721 0.3202436 0.4294101
1.3146864 -0.2804059 0.7061204
0.2991577 -0.6169941 -1.3642064
1.3262682 0.1420506 1.0984796
-0.1135253 0.5344574 -1.4562331
1.2572311 -0.0143885 0.0140087
0.6696063 0.6075616 0.8614125
0.7010633 -0.8534540 -1.5497794
0.9438103 0.0311015 -1.1118917
1.2182796 0.7437918 -1.0002283
0.3483928 0.3189131 -0.6647406
0.7224827 -1.4011450 0.3706591
0.5692236 -1.0530976 -1.7830745
0.1837508 -0.4810001 0.5131965
1.0951821 0.3125564 -1.2089229
0.1490583 0.3357351 -0.8229649
0.4738772 -0.8864298 -1.3412474
0.8381714 -0.3947700 -0.3149543
1.5209485 -0.0154669 1.1020246
0.1346285 -0.9916549 -2.9209361
0.9495196 -0.5683712 -1.4406562
1.1312697 -0.2674758 1.6281430
-0.0354626 0.1677085 -1.3271194
-2.2906106 0.9224530 -2.6405208
0.7122896 2.1547401 2.2818630
0.6279355 0.3528462 -0.7151924
1.3461124 -0.3103494 1.2931708
0.0843156 0.3845831 -1.5535676
-0.1026522 -0.5753317 -2.9509494
0.7548454 -0.4929140 -0.5531224
0.3824225 -0.2931592 -0.8522016
0.4629099 -0.0226388 -0.6105106
0.4089462 0.1433370 -0.1694757
0.4533024 0.1024599 -1.1243939
0.5079009 0.1769182 0.7300837
0.7732922 -0.8682045 0.6158085
0.4821520 -0.5381668 -1.6581607
1.3379785 0.1028946 0.1714834
1.1893905 -0.3624859 -1.3578043
0.7529706 -0.6361417 0.7011929
0.3891499 -0.6325503 -0.9089201
1.0013505 -0.5070940 -1.0886561
1.2709473 0.2085945 -0.6741132
1.1052469 0.0416085 -0.7725037
-0.2476219 -0.8650286 -2.9733846
1.2763109 0.5270848 -1.0102197
0.8271394 0.4439551 -0.6845807
1.5518216 0.1813564 -1.4655972
-1.0972898 0.5011843 -2.4582276
0.7321074 -0.5351620 0.7929557
0.5932021 0.8689847 -0.1477862
-0.0117438 0.4312306 -1.1079773
0.5704082 0.2677040 -0.3409487
1.0861788 0.0978598 -0.7319899
1.0198449 -0.3447877 0.1117319
0.3013566 -0.1493787 -1.2343048
1.6620752 0.7142411 -2.8427808
0.6908301 -1.6938843 0.1723270
0.3569300 -0.3565423 -1.0119951
1.3588253 0.4660025 -0.9911305
0.6426630 -1.2481375 0.5563287
1.8283072 0.6754830 -2.9262812
-0.5489751 0.4456110 -2.2043362
0.9913504 -0.4332247 -0.8530737
-1.9843211 1.2133167 -2.7267685
1.4881524 0.1669147 -0.8749927
0.1985113 -0.4236980 -2.0627649
0.8416739 -0.5359749 0.3757259
1.4905998 -0.0060294 0.9771932
1.3866940 0.0957012 0.3041709
0.9185435 0.6934977 -0.6629266
1.1349237 0.3178395 0.5447520
0.3068250 0.2615669 -1.3424739
1.8310069 0.7451737 -2.9664335
0.6443562 0.4739268 0.4289934
0.9410099 -0.3354142 0.3790217
0.5562986 -1.3801190 0.3929872
-2.2361538 0.9915366 -2.5307708
0.9175717 0.0555506 -0.4271112
0.2166921 -0.7285832 -1.4659075
1.2461052 0.1846377 -0.6406260
-0.1568849 -0.7123423 -1.7553605
0.0849233 -0.5800982 0.0718663
0.4123950 -0.2925709 -0.3794555
0.2435173 0.4326275 -1.3692636
1.1825157 -0.2445571 -1.1940911
-0.0124656 -0.7787107 -2.9807484
1.4149709 0.4081596 -0.8623883
-0.1208571 -0.5530348 -1.7974410
0.4312865 0.1817734 -0.1767944
1.4640151 -0.2516530 1.2418230
-0.4722521 0.4901416 -2.0036922
0.4451167 -0.9864653 -1.2950114
0.7445230 -0.5179734 0.1183770
0.1398713 -0.4458631 -1.1707428
0.9727673 0.4537379 -1.1584501
1.0222207 0.7397234 -1.0357571
-1.9299597 0.9255688 -2.8906150
0.9920291 -0.3770636 0.2969854
0.9084275 -0.3124435 0.3806770
-1.4551628 0.5223892 -2.6949675
0.8022230 -0.2039621 0.5451339
0.6065581 0.1429582 0.7384859
0.4681687 -1.3106803 0.2512300
0.9139988 -0.2350442 0.0746106
1.2285295 0.1020090 0.7828205
1.1796319 0.0734674 0.0633003
0.7465748 -0.5732891 0.6555309
1.5538421 0.6973955 -2.9505978
0.2535521 -0.5785546 0.4839688
1.1555300 -0.0687453 0.2206016
1.5264391 0.1498475 -1.4172605
1.1770703 0.5571092 0.2991554
-0.5452338 0.3130358 -2.2474539
0.6957753 -0.4294492 -0.2818197
0.9892213 -0.2832728 0.1977700
1.5477970 -0.0020111 0.9606247
0.4445983 -0.4516438 -0.8718305
1.7194592 -0.1632728 0.5311625
0.9972557 -0.2514136 -0.4618035
0.2751576 -0.8478330 0.2142553
-2.0393879 1.1141169 -2.8675072
0.9765685 0.1606806 0.6345654
1.0345954 0.0107808 0.7097210
1.4573752 0.5322452 -1.3553452
-1.8864547 1.0639017 -2.8774436
1.1460742 0.2394098 0.1824745
0.5510823 0.0811535 -0.6361861
0.4692626 -0.3697661 -0.5896320
0.5901970 -0.1652776 -1.1113679
0.6707112 -1.8796474 0.2025476
0.8372197 -0.3984528 -0.9894057
-0.3324929 0.3716881 -2.0399406
0.4445809 -0.0141100 0.6837949
0.3824528 -0.6267537 0.1253138
1.0390512 0.4643477 -1.0999169
0.2795993 -0.6922215 -1.3797584
0.6825013 1.0363002 1.6909187
0.5257013 0.1815472 -0.4006298
0.1496072 -0.9437660 -1.4827369
0.2944345 0.0690190 0.0091205
0.6787770 -0.8143138 0.5416341
0.9776654 -0.0407997 0.6813909
-1.5603456 0.5983603 -2.7241688
-0.1727386 -1.0533762 -2.9775972
1.4475414 0.1066236 -1.3901929
0.2327442 -0.6940727 -1.1203824
0.8786030 0.8461515 -0.3231834
0.6397856 -0.3607725 -0.2553523
0.7507727 -0.7748764 0.6852257
0.4579520 -0.1222853 -0.8518539
1.1530648 -0.2079751 -0.8438590
1.2320753 -0.0207094 -1.0232309
1.4702349 0.0614572 1.1357528
0.8157397 0.9275719 0.7552212
1.0864906 0.2203797 0.1450251
0.8640895 -0.2286202 -0.0613651
0.4536746 -0.5080261 -1.8085661
0.2743191 -0.1801308 0.2158723
0.1256408 0.3991837 -1.5068285
-2.0195537 1.0511656 -2.5383270
1.0347865 0.1450764 1.0718905
1.0787157 -0.1605206 -0.4562229
0.0795304 0.4260302 -1.5559747
-1.6383351 0.6513471 -2.6833410
0.7827978 0.3070393 -1.0583551
0.5223649 -0.0540765 -0.9259888
1.2538035 0.0110142 -0.9429473
-0.1092561 -0.5632859 -1.5491314
1.1590935 0.1188247 0.5913405
0.4201695 -0.4525638 -1.7390519
1.3269064 -0.2844613 0.9407612
0.8473436 0.3501746 -0.1485748
-1.9400194 1.0588897 -2.5392151
0.6807581 0.8389485 -0.2499261
1.0978509 0.6786626 -0.8839765
0.0320555 -0.5092738 0.0428838
0.5205448 0.0194228 -0.9076669
-0.0251896 -0.6360349 -2.2547758
0.2678719 -0.3941550 -0.9624224
0.3236837 -0.7822404 0.2567380
1.2010195 -0.0127037 -0.9100395
1.5434499 0.5532097 -1.0940771
1.1315935 0.5824491 -1.2966788
1.4717766 0.5091075 -1.0541488
0.5304295 -0.6890421 -0.9550201
0.2540201 -0.5822182 -1.0506514
1.0772672 0.2085846 -1.2211051
0.4984291 0.4441626 0.2796009
0.4235752 -0.5281944 -1.5288417
0.6777194 -0.4365929 -0.6485074
0.4775857 -0.6854239 0.4570610
0.7020490 -0.5064242 -0.8057104
1.1142302 0.3506221 -1.1677504
0.2711026 0.0534435 -0.9014258
0.5667877 -1.3997788 0.3152438
-2.3040247 1.1650975 -2.5287769
0.2920903 0.0648837 0.0166405
0.3967234 -1.1026789 0.1321162
1.0197310 0.4143138 0.5823183
-0.1146549 0.5474652 -1.5871905
0.6408369 -1.7941726 0.2323875
0.7126155 0.1973852 -0.8982036
0.6363294 -0.9232244 -1.5010307
1.0810288 -0.4511518 1.1267037
1.1222670 0.1508342 1.1814754
1.1375676 -0.0001563 -1.1573445
0.2479222 -0.2229089 -1.0932792
1.4845271 0.0030220 0.9656743
-0.8459438 0.3419337 -2.4939713
-0.0352410 -0.4837295 -2.2053638
1.2446148 -0.0697316 1.3199599
0.7137915 1.1857758 1.7767549
0.3918734 -0.9867855 -1.4103804
0.9160588 -0.3350293 -0.6032428
1.2667470 -0.3583578 -1.3880516
1.2557372 0.2958714 0.1786269
0.9805945 0.1510277 0.6265667
1.8008516 0.5983045 -2.9619522
-0.2335449 0.3772501 -1.4059039
1.2293783 -0.3986453 1.0347326
1.1105521 0.0075884 0.3420880
0.6375750 0.9396470 0.1208193
0.0038657 -0.3760345 -1.7013044
1.0038081 0.1670544 0.9545574
1.3880807 0.1066461 -1.6009549
1.0021607 0.8411662 -1.1276119
-0.0333957 -0.9528152 -2.8476028
0.1266714 -0.5732166 -0.0933700
1.3167553 0.1198334 1.3274474
0.8694766 -0.3824767 0.3429511
0.5050780 -1.0006545 -1.5787188
0.6651636 0.2002705 0.7680899
-1.9615483 1.0188180 -2.8998742
0.3230605 0.1216611 -0.7496106
0.5466635 0.1257895 -0.4140018
0.1614127 -1.1008518 -1.5950134
0.3615475 -1.1538512 0.2674239
0.8248280 0.4216470 -0.6295773
-0.0742373 -0.6984197 -1.5505363
0.3213106 -0.9003511 0.2444250
0.1036669 -0.2443002 -1.7032716
0.3876107 -0.6685404 0.0595489
0.8605186 0.8179291 -0.1091494
0.1196420 -1.0096668 -1.5644066
-0.2147559 0.2358353 -1.5136815
0.5505729 0.0189983 -0.6025268
1.5687395 -0.2247857 0.6453690
0.9282650 -0.1854141 0.5344054
0.7810365 0.5378113 0.3558594
-2.2156212 0.8770608 -2.6190541
-2.1314006 1.1778451 -2.8841736
0.8135552 0.3746350 -1.1727533
-0.1728862 -0.7811759 -2.8162677
1.1644634 -0.3957696 -1.1429391
0.0916590 -0.4440735 -1.9601341
1.6480248 -0.1881239 0.6457500
0.8765877 -0.0703887 -0.9842928
0.4596450 -0.4514519 -0.1062691
0.7551531 -0.1275298 -0.4964130
0.4635064 0.1018234 -0.5389262
0.4610930 -0.4497057 -0.0320759
1.2947694 -0.3022852 1.0250695
-1.2820541 0.5879446 -2.6871035
-1.9733814 1.1678020 -2.5860562
0.7039064 1.0630269 1.7459632
1.5531651 0.4764523 -1.6855429
-0.0040813 0.4542861 -1.0224236
0.1712818 -1.1046209 -1.5962411
0.2217875 0.2542747 -0.8034420
0.7963657 -0.4201393 -0.6825500
0.6248482 -0.6046081 -0.8841451
1.0144175 0.4541477 -0.9710001
0.4502906 -0.8558733 -1.2757460
0.7072103 1.9503514 2.2420576
1.3748429 0.2555438 1.2740173
0.9417244 -0.3877608 0.0533446
0.3463330 -0.4676839 -0.8422134
0.9418222 -0.4189855 0.3144293
1.5438149 0.4248568 -1.0659207
1.3574095 0.1346403 1.3785274
0.8226417 -0.5839612 -1.0532804
1.4637275 -0.2553957 1.1520827
0.4403134 -0.0476449 0.6915002
0.2714446 0.0239562 0.0558821
-2.5229373 1.1498578 -2.6570225
-2.0553524 1.1993433 -2.8282206
1.2823288 0.0851235 0.1187864
0.7730521 0.5530828 0.5896289
1.1114839 0.1959069 -0.4889499
0.7797487 -0.4209902 -0.0877609
0.3103853 -0.6631762 -1.5221611
1.1486762 0.6829752 -1.0993992
-0.0523506 -0.4484276 -1.5668678
0.6772491 0.9600564 1.6183553
0.7393042 -1.7691145 0.1214645
0.4829788 -0.5177740 -1.6292276
0.5583000 0.4441580 0.7704006
1.0637765 0.0107203 -0.4490061
1.1734074 0.1594969 -1.3289108
1.0284615 -0.0639659 -0.0648926
0.5191936 -0.7748641 -1.0373555
0.3539335 -0.1284590 -1.6221478
0.4230883 0.1951825 0.1392090
1.3905944 0.3568669 -0.8732778
-0.0064554 -0.9872111 -1.5310916
0.4780262 -0.7002581 0.2497582
0.7345794 0.0377074 1.1089553
0.1198662 -0.3493532 -1.4717443
0.9486641 0.4611649 0.4779504
1.4410609 0.1501350 -0.9879360
1.0065684 -0.3090899 -0.5169919
-0.1226498 -0.3357874 -1.9146090
0.7066358 0.2009645 -1.0436596
0.7429520 0.1730761 -0.4883453
0.6675291 1.8800731 2.0614402
0.5230361 -0.3371217 -1.3409444
0.7339779 0.6861086 0.3309152
-0.6679819 0.2565834 -2.0556026
1.4256333 0.8659219 -2.9233012
1.7154307 -0.1382832 0.4822853
0.3900914 -0.4939274 0.6163970
1.2118560 -0.3598753 0.9266380
0.2161978 -0.2756952 0.4740967
0.3096123 -0.4388711 -1.0342206
1.2082620 0.3352113 -0.6917651
1.0343775 -0.3663369 1.9550056
-0.7409769 0.4519702 -2.2100048
1.0999949 -0.4861161 -1.3167771
0.2199752 0.1053086 -1.2324685
0.3266305 -0.6073384 -1.4586110
-0.0417058 -0.7030856 -0.1162314
1.3257139 0.1870274 -0.7187698
0.6448518 0.5495058 0.3116221
0.8055062 0.3141914 -0.2055588
1.1743594 0.0397607 0.5141317
0.1695543 -0.6904947 -1.7796820
1.0695662 0.0736255 1.2489890
0.6415513 0.2314198 -0.3924828
1.5159321 -0.0477369 1.2501544
0.4674345 -0.8397514 -1.1127001
1.4651215 0.1026702 0.8971569
1.3004744 0.6343482 -0.9503106
1.0109833 -0.2763576 0.8806430
0.1563639 -0.6734493 -1.8640404
0.7045847 -1.1488045 0.4883099
-0.1742028 -0.8584222 -2.8566718
1.1745831 -0.3497749 0.9935079
0.9589633 0.7214206 -0.7326418
1.0284797 0.8671032 -0.4585056
0.3817901 -0.3135104 -0.8510087
0.9445996 -0.4988755 0.4386457
1.6714736 0.2814525 -1.5175507
0.5373654 -0.4471676 0.6522301
0.9172847 -0.0304747 1.2038100
0.5736424 0.5094662 0.8696507
1.1664562 -0.4334587 -1.5739446
0.7154025 -0.8214831 0.7828230
1.5870152 0.2049051 -1.1455622
-0.4653321 0.4374840 -2.1361270
0.6705469 -1.6017977 0.3203314
0.8465655 0.6645005 0.7455792
1.1357825 -0.1528334 1.1918085
0.4137663 -0.2356021 -0.7954085
-0.0038428 -0.4031880 -2.2648127
0.7254322 0.9773198 1.5972928
0.4080840 -0.9481710 -1.3509196
-2.2038677 0.9012136 -2.8465328
1.3344630 -0.2667046 0.8435549
0.9143742 -0.2272496 -0.8418538
0.8267810 0.7757771 -0.7271693
-2.1772385 0.8005832 -2.7035129
0.8903416 0.6050587 -0.2392493
-0.9378319 0.3681330 -2.2935662
1.0556612 -0.0447006 0.6920127
0.4718603 -0.3578343 -0.3725835
0.6613150 -0.5464887 0.6451311
1.4732530 -0.2452597 0.6872843
0.6844583 0.7206586 0.5295041
-0.2804872 0.2377655 -1.8661436
1.4028388 -0.2329037 1.3685151
0.1982267 -0.4458384 -1.1955923
0.4774863 -0.7990620 -1.0590738
0.7378795 -0.6032251 0.8688139
0.4686108 0.1025515 -1.1149935
-2.2692282 1.0813777 -2.5217307
0.5610222 0.2391605 -0.3428389
0.8026088 -0.5634524 -0.9384224
1.0027597 -0.3855612 -0.7708060
-0.0434498 -0.6530713 -2.7512035
0.6720193 1.7519201 2.0553024
0.6534517 -0.6024477 0.6498751
0.5561524 -0.6576143 0.1673578
0.7954341 0.8732994 0.5198729
1.1413093 -0.0867843 0.1289112
0.7299994 -0.2233727 0.9508682
-0.0056493 0.2735174 -1.1413347
-0.4618906 0.2910332 -2.1519969
1.1109793 -0.3781800 -1.3071903
0.4607282 -0.9639336 0.1109629
0.3068577 -1.0065532 0.2895648
-0.1087178 -0.5323024 -1.8000050
0.6027594 -0.3817893 -1.3440235
0.6884294 -0.3797152 1.0142771
0.6615925 -0.9916919 -1.5346698
0.3074208 -0.5667816 -0.0163763
0.3547913 -1.0056924 0.2968839
0.8574688 0.6623215 0.2731104
0.0225986 -0.3908063 -1.6483332
1.4164029 0.1359687 -1.4706588
0.3549244 -0.2335072 -0.4958582
-0.0612792 -0.8391649 -2.8616674
0.9867525 -0.4163682 -0.8215254
-0.0194756 0.4834667 -1.2029979
-0.5648252 0.4880003 -1.7908708
0.9394304 0.3004548 -0.1202658
0.7122344 0.0375001 -0.8884847
-1.5258300 0.5619035 -2.6552258
0.9608675 0.4290333 0.4812437
1.2407702 0.4956717 -1.5215591
1.7430730 -0.1457785 0.6350700
0.3357167 -0.0242809 -0.3375104
1.0622581 0.1912626 1.9772550
0.3511747 -0.0512483 -0.6980801
1.1798756 0.4564508 -1.0216373
0.0475581 0.5186484 -1.5216563
1.5076590 0.1138448 -1.1683356
1.0473398 -0.1182448 -0.4602702
-1.6148285 0.7750325 -2.7587216
0.4777925 -0.7647440 -1.7338896
1.2090522 0.4179504 -0.7480349
0.5468377 0.4396561 0.1815350
0.6391575 0.5749452 0.2846208
0.9559903 -0.4305181 0.3580943
0.3250160 -0.1361888 -1.2540972
0.2604934 -0.6940720 -1.1915375
0.9219072 0.3207821 0.5697343
1.1921128 0.2614208 1.0371236
1.0615710 0.3054515 0.1528615
1.0546981 0.0837650 0.4082696
0.7971117 -0.4175457 -0.5768586
0.3145410 -0.3200061 -0.9909441
0.5646520 0.3259362 -0.7325770
0.6848518 -1.2236825 0.3868468
1.3630127 0.7247300 -2.5870984
0.4396594 -1.1222075 -1.5946014
0.6300179 -1.0665915 -1.7429590
0.5564348 -0.0096294 -0.7484029
0.8306210 -0.5051896 -1.1754792
1.5552926 0.8998089 -2.8936493
0.8152643 -0.3963577 -0.3172352
0.9178789 0.2183073 0.7204533
0.4401909 0.0343071 -0.3602560
0.1623306 -1.0997028 -1.5932562
1.5720344 0.2945108 -1.0818322
0.2861863 -0.3938500 0.5906965
1.0378139 -0.1082218 -0.8087728
0.6363555 0.7502273 0.5777237
0.4929041 -0.1155807 0.7275397
0.2892857 -1.1871519 -1.5972917
0.1508429 -0.6402372 -1.7464434
0.7201084 -1.3081867 0.5130821
0.6340483 -0.3803571 -1.3044215
0.7018821 -1.6374104 0.2216552
0.8840469 0.3233811 0.5308954
0.8982428 0.5113021 -1.1159424
0.9938399 0.2934085 -0.1205786
1.2144234 -0.3066285 -1.0508499
1.0414604 0.2762358 -0.5765070
0.4906034 -0.5410821 -1.6443036
0.9196744 0.7717556 -0.8940591
0.4208452 -0.7056279 -0.9533914
0.5272480 -0.5481495 -1.6777942
1.2937623 0.2108277 -1.4568444
1.0238146 0.1465637 -0.4584109
0.2686561 -0.4783199 0.1286232
-0.0816355 0.3784526 -1.7565403
0.5054875 0.1746384 -0.3870963
0.1261718 0.1043661 -1.2254113
1.7764912 0.5986115 -2.9522831
1.1664345 -0.1396620 0.1889401
0.4867469 -0.2100058 -0.6486740
0.3251956 -0.9751375 0.2150922
0.3065405 -0.6518807 -1.4677584
1.1701335 0.5648824 -0.7585226
-0.1469089 -0.4069863 -2.7194109
0.8545918 0.2682993 -0.5414071
-0.3739610 0.5065170 -1.8614872
-0.2000270 0.5116580 -1.4209335
1.4881968 0.8748482 -2.8378370
1.2166989 0.3845667 -1.0261706
0.0152547 -0.9637524 -1.4848554
0.8507971 -0.6318614 -1.4285343
0.1531119 -0.4631737 -2.3054407
1.0727768 -0.0297802 1.4122573
0.4657000 -1.0268236 -1.5940332
1.4137861 -0.2950197 1.2339091
0.9105303 0.4122805 -1.2070361
1.0491437 0.1863783 -0.4797333
0.3580579 -0.7352273 -1.1108481
0.3000633 -0.0768799 -1.1111183
0.6540554 -0.7444407 0.8046171
0.6803653 0.3815672 1.2509788
0.9847544 -0.0064959 0.6856613
1.5478643 0.1519915 -1.3580602
0.4678799 0.3110034 0.6626084
0.7927999 -0.0544289 -0.5393821
0.5722516 -0.3846143 0.7133157
0.7071474 -0.1146422 0.9950804
1.1954714 -0.3704373 0.9404137
0.7079362 0.6736863 0.3657657
0.7401522 -0.3168260 0.9038963
0.0271739 -0.4145398 -2.0782106
1.5147349 0.6334780 -1.1000980
0.6745682 -1.6237925 0.2461453
0.7654108 0.9254054 0.0325265
0.8060814 -0.0795810 -0.5450974
0.6234985 -1.7810866 0.1769628
0.4490770 -0.7594741 -1.1215538
0.2513293 0.1218630 -1.2439685
1.1975492 0.5816544 0.3628913
-0.0115407 -0.5037845 -2.1342299
0.1462793 -0.3251623 -1.2241771
1.1687570 -0.4380988 -1.3879511
0.6799077 0.0377745 -0.7276438
0.3418638 -0.0200952 -0.7810544
1.7761395 0.6960772 -2.9370208
-2.1640558 0.8700914 -2.7901912
1.0132606 0.0006551 -0.0928521
0.1809532 -0.7151902 -1.7902999
0.1075267 -1.0777551 -1.6209157
0.4988964 -0.4562450 -1.6251523
0.8578981 -0.5500402 0.1466320
0.9940941 0.4792190 -1.2815644
1.4624119 -0.3558445 1.1784711
0.4533503 -0.5403469 0.0618263
0.7197448 -1.2709539 0.4884794
0.1109372 -0.4422295 -2.3390341
0.3353781 -0.1131782 -0.5424584
0.9517398 0.6793504 -0.1969906
0.7646127 0.9075266 -0.2064520
0.2918160 -0.7553514 -1.1776859
1.0407455 0.7772843 0.2141389
1.3397774 0.1780616 1.5161616
0.6621720 -1.8676524 0.2284087
0.7189515 1.6078514 1.9637722
0.1261012 -0.7233598 -1.2794237
-2.0245655 1.2146500 -2.6175213
0.7753634 -0.5742617 -0.9374883
1.2995667 0.0465311 0.1384386
1.1083497 -0.2856946 1.7859224
0.5586891 -0.3600966 -0.1886497
-2.1102138 1.1196775 -2.5277104
-0.2089954 0.5347334 -1.6169052
0.6126416 -1.0012962 -1.7724627
1.4301668 0.4235318 -2.0925126
0.4837986 -0.2033251 -0.5924749
1.0862255 0.1632786 0.9020470
1.1483829 -0.3875765 -1.3741573
1.0340397 0.0955908 -1.2129951
0.3515178 -0.2182512 -0.5895849
0.6733688 0.2070685 1.2376262
1.4981111 0.2467580 -1.6011027
0.5105568 0.3125124 0.7322106
0.4285665 -0.1968482 -1.0354161
0.7252552 -0.4350794 0.9467914
1.2442142 0.1895234 -0.6475194
-0.1713947 -1.0652049 -2.9125707
0.6134867 0.9558794 0.1336327
0.1820814 -0.4564245 -1.1172059
0.9119953 -0.1901275 0.5313075
0.5566019 0.2635661 -0.2842424
0.7306424 -1.2622776 0.4191899
1.0118636 0.1405530 -0.1429697
1.3513432 -0.0506838 0.1824507
1.0986061 -0.1693584 -0.6900492
-1.2482589 0.5892341 -2.6567600
0.7408640 -0.6506761 0.6434954
0.1798566 -0.9600236 -1.3744571
1.3673490 0.7084534 -2.5400023
0.4671966 -1.0422542 0.1498235
0.1835592 -0.6964052 -0.0775944
-0.0018243 -0.4872925 -2.1214905
0.2433200 -0.9045004 -0.0957356
0.1711597 -0.9798920 -1.4938642
0.7132757 -0.4071014 -0.8648992
1.2438148 -0.1891975 -0.9681639
0.9919546 -0.3215287 -0.6791804
0.2128900 0.5064717 -1.1719837
1.4479133 0.0992152 -1.0592052
0.8757925 -0.2873825 -0.1601442
0.6547724 -0.9007124 -1.5538409
1.2394555 0.0659556 1.5560474
0.7533516 -0.4869990 -0.4486100
-1.9766589 0.9173067 -2.8776448
1.4602036 -0.2467142 0.9912249
-1.5495614 0.6997417 -2.6299515
0.2404039 -0.1219769 0.1727854
-1.1597774 0.5607234 -2.5944395
1.2839530 0.3965953 -1.5334548
0.6637757 0.6763781 0.0776250
0.7348497 -1.0790364 0.5728777
1.4877005 0.0962970 0.9758950
0.7983360 -0.4531714 -0.7552208
0.9572151 -0.2128451 0.2823290
1.5195823 0.6417568 -2.9700084
1.0771099 -0.4007011 1.8491409
0.6775479 2.1535499 2.1544442
1.3584299 -0.2288850 -1.4927440
1.2630147 0.3634049 -1.7243384
0.3402038 -0.4999491 0.5967158
0.4725208 0.4480595 0.3738516
0.8764930 0.8248065 -1.3320750
0.3019322 -0.6464748 -1.2917597
0.7873319 0.7008283 -0.1459498
1.4799422 0.6625890 -1.0621094
0.3143326 -0.4518204 -1.0327843
0.2318696 -0.1888982 -1.4550415
0.0723616 0.1331121 -1.1122005
-2.0053706 1.2362535 -2.6911170
1.0941936 0.6700137 0.4603159
0.3679538 -0.5121021 -1.0560285
0.2046726 -0.2744807 -1.3290569
1.4250958 -0.0480217 0.5712924
1.3818731 -0.3105340 1.1921594
0.6714874 2.0331848 2.1368797
0.3496366 -0.0616277 -1.3673861
0.3159797 0.2483044 -0.7180363
1.3497235 0.7115965 -2.5712681
0.5500801 -0.6165906 0.0673212
0.6902092 -1.6041086 0.3316079
0.7259139 1.4596641 1.8015910
0.8941503 -0.5427914 -0.7115237
1.3299645 0.6172118 -2.1647320
0.5151624 0.3066009 0.1203533
1.6118778 0.6406004 -2.8352611
0.7017164 0.6012505 0.9850598
0.1855363 -0.6183829 -1.6376276
0.0712010 0.5045881 -1.5179549
0.8975871 -0.2485082 -0.2844130
1.0928378 -0.4827434 1.2297496
1.3371480 0.2387017 -1.7750964
0.0026001 -0.2351284 -1.7779058
1.1289202 0.5638681 -1.1061327
0.6636268 -0.8051598 0.8799869
0.9935766 -0.2640172 0.1419233
0.3557088 -0.0848922 -0.5770551
0.4934258 -0.3635860 -0.3585317
1.1106042 0.2127558 -0.5313511
0.6641306 -0.2314131 0.9571768
1.2406068 0.7049521 -2.7206342
0.2698583 -0.8936977 -1.2473309
-0.0275965 -0.2339984 -1.9401469
1.1415617 0.2200473 1.1409507
0.6759198 0.3310779 1.2874321
0.8449588 0.8353716 -1.1898879
0.4044524 -0.4063221 0.0133563
0.1982253 -0.7359670 0.0345609
0.5539382 -0.5152363 0.5360301
1.4156967 0.6404965 -2.1640768
1.2007667 -0.4132156 -1.4503937
0.4347296 -1.0912886 -1.5097424
0.2774501 -0.7489755 -0.0933331
1.6571068 0.3237149 -1.1776063
0.8837618 -0.5441580 0.3173375
1.2826335 0.7129292 -2.6606040
0.6901883 0.7466002 -0.2019129
0.3230364 0.2607895 -0.7170953
0.7844975 0.3147229 0.6744356
1.0638574 -0.3670907 1.8221141
-1.0836862 0.5071368 -2.4664190
0.7317172 -0.9406810 0.5432606
0.4696730 -0.1321915 -0.7595600
1.1322763 0.2945097 0.3726964
1.0101757 -0.1388695 -0.0648558
1.3099511 0.7723116 -1.1126251
1.1471542 0.1090049 0.5961528
0.6399939 -0.5154465 0.0115656
0.6742384 -1.8403883 0.1223464
1.2559972 -0.1712702 1.1128955
1.4137679 0.3321960 -1.8917857
1.5638896 -0.0156163 0.9178706
1.7397860 -0.1603603 0.6078867
0.5919414 -0.5353658 0.2360067
0.7184644 2.0844016 2.2085590
0.7256971 -0.1822488 0.7374590
0.3692724 -1.0029509 0.3250084
0.6883598 0.6604648 -0.0284298
1.3316969 0.1648428 -0.8738914
0.4488205 -1.1141908 -1.7329167
0.5162525 -0.9224099 -1.2247441
0.2076165 0.1888337 -0.8695565
-2.1142452 1.1810491 -2.8522162
1.2666322 0.3262018 -1.5278180
1.2914993 -0.0081252 0.6374347
0.7772493 -0.1715232 0.6357188
0.2652014 -0.7637708 -1.8096702
0.3269249 -0.2147063 -0.2749473
0.6630595 -0.7394965 -1.4334791
0.7796919 -0.0483847 -0.5368513
0.7052727 -0.6290577 -1.0750319
1.1007428 -0.0301890 0.6962624
0.4109110 0.1937884 -0.0448723
0.3589527 -0.2473591 -0.2989513
1.4007696 -0.2900983 1.2075697
0.3104584 -0.3834966 0.1019152
0.6318766 0.7500907 0.5689556
0.9121537 0.2701299 -0.0870463
1.5542407 0.0374245 0.6378338
1.8419342 0.5924992 -2.9794900
-0.1522380 0.3780701 -1.8462811
1.4924536 -0.2297343 1.0410769
0.9268126 -0.1465844 1.1495200
0.2900012 -1.0308630 -1.3702977
0.5647458 0.1668022 -0.3997591
0.5200551 -0.3238963 0.7620983
0.5340963 -1.0858171 -1.7814918
1.5695808 0.4683430 -1.6999643
-0.1269696 -0.4503616 -1.9396122
0.7991879 -0.1363380 1.0014813
1.4741436 0.5677906 -1.0125414
-0.0129446 -0.9542961 -1.5301458
1.1042540 0.1874856 1.8847497
0.5424333 0.4584446 0.1074500
0.3057118 -1.1872581 -1.5989585
0.2870152 -0.7353413 -1.5508589
1.1516732 0.4727584 0.2964043
-0.2339401 0.3086545 -1.4604903
0.4427962 0.1800691 -0.2912673
0.9140120 -0.2546805 -0.1640374
0.7465009 0.1705866 0.9094824
0.7330942 0.5404984 0.7752444
0.8853449 0.3727165 0.5026907
1.5614562 0.3734690 -1.7351679
0.3634083 -0.9421518 0.0444682
0.9820677 0.3434701 -0.9209957
0.7223129 1.5516418 1.9085158
1.1371634 -0.2833471 0.9638403
1.1151681 0.3844092 0.3657840
-1.4560782 0.6127669 -2.5883460
1.4677433 0.1910996 -1.5115188
0.1087487 -0.5268005 -1.2511942
0.8235035 0.3187962 -1.2331965
0.3144454 -0.5610346 0.5696272
1.1852577 0.4754320 -1.0381874
0.4670345 -0.0478668 -0.5039920
0.8060747 -0.4465347 -0.5119808
1.1872194 -0.4796669 -1.6430804
1.0999846 0.6094894 -1.3190739
0.2491894 -0.0207031 0.1552634
1.4180419 0.4074858 -2.1958535
1.2059230 -0.1292133 0.2372787
-1.6261358 0.7499105 -2.7736444
0.9242621 0.2459368 0.6977421
0.5215213 -0.4116336 -0.6823956
0.0396333 -1.0107043 -1.6034393
-1.1060125 0.3622790 -2.5985105
1.1638973 0.1626552 0.2935998
0.6707930 -0.9473760 -1.7431368
0.4864812 -1.0649105 -1.6932063
0.4092139 -0.1409566 -0.7905204
0.0603484 -0.5222084 -2.0469992
1.3473923 0.0308139 0.9774537
0.7906575 -0.0340020 1.1181939
1.0255413 0.8307958 -0.9556795
0.6656353 -0.3582195 -0.2437758
0.5522727 -0.6165132 0.4017651
0.2491403 0.0055980 0.3551497
-0.0573653 -0.7627505 -1.6642619
0.0825417 -0.2430326 -1.9264330
1.5011241 0.4753196 -1.0662986
1.5153886 0.6178437 -2.6417763
0.7684985 0.3826818 -0.6266776
0.8132965 -0.4014961 -0.4042569
1.1921057 -0.0419219 -1.0086906
1.2577419 0.2249300 -1.4138182
0.2520347 -0.1158272 0.2347112
1.3214225 0.1550382 1.4055172
0.4834854 0.0796580 -0.5256468
0.8065388 0.5012516 -1.0070026
0.8861783 0.6504030 -0.5453771
-2.0133603 1.0596260 -2.8892841
-2.6152830 1.2328725 -2.5789802
-0.6897053 0.4568550 -2.1571362
0.1517941 -0.5441805 -1.7705845
0.5296876 0.1104711 -0.4705822
0.4729500 -0.9000562 -1.1780851
-0.2542634 0.2319325 -1.8043084
1.4984525 0.6434569 -2.4024069
-0.0200624 -0.8309528 -2.8494766
1.0011476 0.4303198 0.5614741
-1.9766127 0.9271177 -2.8802567
-1.0824901 0.5275435 -2.5288723
0.5498224 0.0283384 -0.8252138
0.9348516 -0.2096737 -0.8340740
-2.1521201 0.8213825 -2.6271420
0.3292132 -0.5905129 -1.4116160
0.6474881 0.3504295 0.7943307
0.3472905 -0.3376805 0.0659692
0.8717284 0.5399974 -1.0150615
0.6443498 -0.0546031 -0.6915824
1.4468457 0.4249930 -1.0183306
1.0986744 -0.0701723 -0.0347548
0.7208804 0.4449569 1.3427366
0.5789238 -0.5371498 0.0485850
0.3828879 -0.1987855 -0.7156422
1.1683627 0.1758865 0.1714186
0.8124704 0.3753242 -1.1709979
1.0114344 -0.3820294 -1.1863260
0.6544796 -1.3168514 0.3675149
-1.6171900 0.6739128 -2.7626798
0.8809192 -0.2332111 -0.3069063
1.0373517 -0.4513430 0.0941285
-0.0003444 -0.4100880 -1.4997854
0.6371192 0.6530216 0.3394588
0.3876167 -0.2569385 -0.9396319
0.4180540 0.1704466 -1.2168773
1.1440246 -0.4407355 -1.1574422
1.2236645 0.2927457 1.1341839
-0.1478118 -0.6090119 -2.5443192
0.7105218 -0.6781426 0.6189387
1.6770637 -0.1638239 0.6062495
-0.0865816 -0.3962020 -1.7242427
0.6918001 1.5502297 2.0064089
0.8047493 -0.6226602 -1.2313782
0.7494439 0.3845819 -1.0839961
1.1366876 0.6851258 -0.9648666
0.7446222 0.1478734 0.9406235
0.4569462 -0.9269106 -1.7178408
0.8878488 -0.3162489 0.3662030
0.2092737 -0.2256125 -1.1999441
1.1077579 0.0612479 1.2640225
0.4379328 -0.5150722 -1.8051759
1.1856633 0.1989368 0.3461375
1.7390243 0.6787636 -2.8694828
-0.4308938 0.4139798 -2.1198227
1.2802905 0.1919974 1.0069726
1.4664215 0.4581726 -2.0961092
0.7303681 -0.5245234 0.6477405
0.8711309 0.5613413 0.4773825
0.3363110 0.0689656 -0.7678433
-0.0981559 -0.6390172 -1.6430206
1.1235579 -0.2989895 1.5771456
0.7043900 0.9624295 -0.1176924
0.8601005 0.7596754 -0.1641716
0.1785099 -0.1198805 -1.9603987
0.5450704 0.4158009 0.2614984
1.0230443 -0.1086016 -0.7913141
0.5771900 -0.9943456 -1.6013174
1.0728618 0.1686625 0.9542729
0.1093832 -0.3023634 -1.3735600
1.1538049 -0.1727238 0.1612303
0.7651889 0.8345522 0.6207756
0.7166314 -0.3540621 0.8589660
0.7013278 0.0287891 -0.7095891
0.8938420 -0.5562754 -0.6770911
0.5706424 -0.6959252 -0.9623794
0.7157567 -0.6285983 0.6068122
0.3222950 -0.8833936 0.2453401
0.5493720 -0.1009886 -1.0019515
0.7293078 -0.8196818 0.9192023
-0.4338245 0.5142310 -1.6169620
0.1745282 0.1033425 -1.2452697
1.1871721 0.1073229 0.1951813
-2.6189563 1.2871443 -2.5653825
1.2906418 -0.1394971 -1.0313314
-0.3770958 0.2206012 -1.8835670
0.2373600 -1.0820163 -1.5523223
0.6001912 -0.4715051 0.0862507
0.5515144 0.5482560 0.2813941
0.4117218 -0.2268077 -1.0622737
-0.1645720 -0.6109661 -1.6273788
1.3303576 -0.2380569 1.0997525
0.7036851 0.8757443 1.5025325
0.5628672 0.4625036 0.6711044
0.7088034 -0.5620971 -1.3385373
0.4751178 -1.0018371 0.2555619
0.6768928 0.5061092 1.3800235
0.1012031 -0.4040013 -1.4406327
0.9115375 -0.6548170 0.6969583
1.4421394 -0.3058276 1.0887280
0.7130506 1.7100044 1.9234483
0.4489731 -0.6564568 -1.7964765
-0.2440626 0.4035649 -1.9409740
1.3142561 0.4018492 -1.3812011
0.1066254 -0.8056293 -1.3229896
-0.2314851 0.2326643 -1.7807417
0.2732785 -0.1564878 -1.6510634
-0.1143908 0.5311354 -1.4176083
0.9454458 -0.6429963 0.3179460
0.3658954 -0.3100125 -1.0508276
0.2778895 0.0411420 0.4399900
-1.1587114 0.3587806 -2.5690892
0.1985833 0.1140589 -1.2570654
0.3976894 -0.5649617 0.0836061
0.6370376 0.1448937 -0.8264025
0.6114123 -0.8572024 -1.5330580
-0.4291623 0.4478334 -2.0957468
0.8515975 0.0143736 1.1819676
1.5236820 -0.2302212 1.1765611
1.3537602 0.5137193 -1.9246638
0.6533716 -0.8512738 0.7582116
0.6383482 0.3368984 -0.1305389
0.6521962 -0.6970077 -1.0084018
0.6789076 1.1007313 1.7062507
0.3169256 -0.9061981 0.0352769
1.8498431 0.7070531 -2.9040551
0.6289920 0.2840846 -0.8449972
1.0719880 0.6095300 -1.2706314
0.6536431 0.0372269 -0.7388393
0.6695191 -0.9855639 -1.5370071
0.8269369 -0.2863165 0.3572990
0.6144754 0.2978049 -0.5817983
0.4527391 0.5037541 0.5571605
1.7231662 0.9083083 -2.9489379
0.7866057 -0.9023403 0.6856226
0.2001633 -0.5018079 -2.1742635
1.8159086 -0.0237233 0.4779274
0.7406220 -0.0221090 1.0134189
0.8300731 0.5639554 0.4473969
1.2006657 -0.4165551 -1.5598780
0.7008159 -0.9485634 0.7530262
0.3830692 0.0011937 -0.8756150
0.3914755 -0.8778763 -1.4140373
-1.9447912 0.7919921 -2.6346114
1.0940750 0.1587419 1.6391419
0.4677722 0.0787685 0.7036825
-0.0805169 -0.5721543 -2.3127606
0.2851475 -0.0698492 -0.1226015
1.1324003 0.3947940 0.3269213
1.0933692 0.0564002 1.1688033
1.8196781 0.8286822 -2.9708533
-0.2831780 0.5012721 -1.8922969
1.2271018 0.0710131 0.1788815
0.9200484 0.1008736 -0.3813368
0.8799301 -0.6667769 -1.5591098
1.4504632 0.1911751 -1.5314938
1.0369520 -0.2052094 -0.6370121
0.1589473 -0.1321755 -2.1455345
1.2993101 0.2426224 -0.7078338
1.0050521 -0.3742693 0.2787575
0.5173007 0.1093251 0.7005069
1.2183697 0.1890505 1.0210423
0.1983681 -0.9156656 -1.3234684
0.8791749 0.3386566 0.5877622
0.6875110 2.2013617 2.3093102
0.1002767 0.3386395 -0.9569753
0.6819990 0.7383213 1.5255499
0.6440924 0.1498880 -0.7956410
0.6995105 0.6297317 0.9579778
1.2463337 0.1153340 0.5210621
0.4642644 -0.3219048 -1.2565722
-0.6435093 0.2112337 -2.1473534
0.9502718 0.2545452 0.0261773
0.9047171 -0.4048757 -0.7082300
0.1692715 -0.7258632 -1.6370344
0.7280657 0.0341164 1.1405693
-0.1891971 0.3614367 -1.8934811
1.2958125 0.4190997 -1.8839433
1.5518079 0.0978912 1.0536914
-2.3313346 1.1484717 -2.5335801
0.7550501 -0.2589737 0.6565755
-0.1536762 -0.5033622 -2.7740698
0.5205739 -0.4422989 -0.1351626
0.8466492 0.9479685 0.7680140
0.8499648 -0.3755312 -0.3683686
0.5688002 -0.6527098 0.3050550
0.8801463 -0.4775104 0.2457747
0.3164361 -0.4882509 -1.8701825
0.4658714 -0.6541968 0.1415891
1.2798023 -0.4116600 1.1439623
1.6769903 -0.0493009 0.7162820
-1.1326640 0.3723101 -2.6108923
0.7621001 -0.8275506 0.6993384
-1.2514137 0.3983586 -2.6044881
0.7747360 -0.1879482 -0.5690283
0.8553003 -0.1160223 -0.5187304
1.2609887 -0.0096941 0.6702973
0.1660675 -1.0583502 -1.5504807
1.6289128 0.2159073 -1.3854665
0.6186059 0.7936775 -0.0306851
1.3332728 0.1064152 -0.7385294
1.2666485 -0.2820106 0.7924545
1.8272890 0.6999983 -2.9279671
1.1318402 0.4770047 -0.7053115
1.4612470 0.4839882 -1.4707061
1.3649952 0.4507300 -1.3843319
0.3095310 -0.0800431 -1.3973831
0.9009606 0.3333968 -0.0960389
0.4928199 0.0824626 -1.0786079
0.1209834 -0.4822876 0.1964148
0.4515534 -0.2897705 -0.7756975
1.7719870 -0.0556939 0.6257681
1.1269188 -0.4759008 -1.5992713
0.6966932 -0.7165876 -1.2073669
0.1257023 -0.6364518 -1.7235699
0.9380692 0.2592386 0.5912095
1.4767076 0.4416603 -1.0427648
0.2762091 0.0287051 0.4166540
0.1099020 -0.2357058 -1.8680646
0.9957145 0.1261393 -0.3012260
1.2109357 -0.4569383 -1.5499220
0.3149319 -0.8477678 -1.1638248
0.1990523 -0.4954030 -1.8167940
-0.1987850 -0.5852376 -1.7125454
-0.0256573 -0.7436616 -0.0867091
-2.1376560 1.2617729 -2.6810868
0.9011347 0.2635256 -0.8260025
0.6622931 0.9814214 -0.1093112
1.0771928 -0.0622311 -0.8409722
0.6381618 0.0197338 -0.5649077
0.9125881 0.7646548 -0.8617547
1.3478419 0.4923900 -0.8735976
0.5381261 -0.6426135 0.0918756
1.1994257 0.2272317 0.1671350
0.8524996 -0.1773889 0.6481605
0.2938077 0.4931733 -1.1243579
1.4877322 0.5365243 -1.6524677
0.4864162 0.2640027 0.5923145
1.2326716 0.0609728 0.3329481
0.3759368 0.3013561 -0.7020636
1.4338903 0.0582144 0.4398672
1.2931825 -0.2242541 0.9874662
0.3892519 -0.2910727 -0.4214393
0.6399575 0.1921839 0.7511503
0.1905575 -0.7812563 -0.0541663
0.6628862 -0.1253877 -0.4730607
0.0848713 -0.8791600 -1.4605098
0.4683451 -0.5269289 0.6117449
0.5703999 0.2180390 -0.3799533
0.6324096 0.7419264 0.3225904
1.3502119 0.5759299 -2.6338005
1.4636700 0.4807385 -1.4695674
-2.1283984 0.8430294 -2.7776039
0.7982489 0.4082411 0.5140089
0.9997007 0.0365968 -0.2670722
1.2109529 -0.3489552 -1.2415470
1.0584905 -0.4151633 -1.2948747
0.6339306 0.1950551 -0.5776768
-1.0933366 0.5063981 -2.4648147
0.8168655 0.7085608 -1.2670418
-0.7386476 0.4521119 -2.3527668
0.6227111 -0.3369778 -1.2814889
1.4246957 -0.2334049 1.3981731
1.0449225 0.3786963 0.5016290
-1.5064565 0.5896453 -2.6166730
-0.9968638 0.3809374 -2.3488491
-0.6228501 0.2107868 -2.1193268
-0.0288509 -0.4630916 -1.6809119
0.2870782 -0.9255065 0.1913992
0.3809316 -1.1267629 0.2534124
0.4846811 -0.0912793 0.7177817
0.2470448 -0.1298587 -0.0823280
0.6693213 0.7333428 0.2642020
1.3333235 0.0390187 1.0228987
1.0084885 0.0730421 -0.3441084
0.8059230 0.8100458 0.4039728
0.4550737 -0.3752447 -0.6857634
0.9282864 0.7323775 -1.1060733
0.4789054 -1.0286716 0.1822971
0.3626680 0.3858624 -0.8429880
0.7887521 0.7992953 -0.3505266
1.0152901 0.0368212 -0.2832709
0.6143443 0.1360112 0.7657813
1.3573177 -0.2294870 0.9838678
1.3391649 0.4535995 -1.3530788
1.5613275 0.0340144 0.7559149
0.8030227 -0.3301162 -0.0292835
1.1051949 -0.3213656 1.6142758
0.1899107 -0.0998677 -2.0480154
0.7881728 0.4276524 -0.0450965
0.6938496 -1.0327311 -1.8183452
1.0170327 0.1911772 -0.1606923
-0.1311784 -0.6790623 -2.5756879
1.2635828 0.6436427 -2.7469189
1.1768645 0.4234556 -0.9683263
0.9707171 -0.4233441 0.0439154
0.8048168 0.9136137 0.5263552
1.2110536 0.6907130 -0.9361072
0.6501352 -0.8608350 -1.2469290
0.7698977 0.4553718 0.3853554
0.7024785 -0.7330849 0.6383153
-0.0027089 0.3582841 -1.0941200
0.5456144 -0.0809188 -0.5224624
0.8932046 0.4506644 -1.0394284
0.7710535 0.2268791 -0.3703784
1.1858734 0.7073380 -1.0995345
1.4779607 0.1023902 1.3326335
1.1487266 0.3235964 1.2362638
0.5024474 0.5634906 0.6219306
0.8888280 0.5025548 -0.9633596
0.7251118 1.4957547 1.8195533
-0.2328498 -0.7301052 -2.9782975
1.4203984 0.2889572 0.5817320
0.9752636 0.7140403 -0.6135899
0.8721139 0.6548568 -1.2997844
0.2700958 -0.1312170 -2.0031021
0.8581447 0.8448033 -1.3005483
0.4228370 -0.3415675 -0.4858506
-0.0945351 0.1933864 -1.4744000
-1.2447300 0.4979176 -2.6983318
0.7300214 0.3892933 0.0094611
0.5301263 -0.3839053 -0.3652744
0.4230031 -0.6908078 -0.9391699
0.8833403 -0.2437912 -0.3024522
0.4497534 0.2417549 0.6239759
1.2386374 -0.3451571 1.0074892
0.9600438 -0.3843239 -1.1224314
1.1622664 0.1366800 0.1158103
0.5026511 0.2250550 0.3910468
0.2246912 -0.3770652 -1.0275252
1.3529778 0.5761270 -2.6016619
1.6766188 0.9060704 -2.9435637
0.6803887 0.8028889 -0.2417962
0.0177749 0.2333197 -1.5123006
0.1891381 0.0814442 -1.1704879
0.5677759 -0.6818662 -1.6494603
1.2825531 -0.3047726 1.0836958
0.1893185 -0.2269050 -1.4386901
1.5007441 -0.2872031 1.1454108
0.8037491 -0.4111296 -0.3837435
0.5737628 -0.3327851 -0.6563324
0.2000417 -0.9992239 -1.4781300
0.2044667 0.1987684 -0.8632218
0.2422264 -0.5593995 -1.6529982
1.1916060 0.0897903 0.0964440
0.7070239 0.7142331 0.1862845
1.3362055 -0.0683705 0.5838839
0.2877506 0.0493433 -0.1184782
1.5366414 0.4605733 -1.0624355
0.7543959 -0.3938059 0.5004075
0.2298340 -0.0642555 0.0839463
0.3428747 -0.5558625 0.5693846
0.6342001 -0.7600781 -1.0715449
0.5825120 0.3478130 0.6129812
1.3309499 -0.2354895 1.0950392
1.0001876 0.4285340 0.6543695
0.6335289 0.3091589 -0.6891542
0.2764390 -0.0481050 -0.1165812
0.6673765 -1.8472688 0.2567546
0.7132856 0.3798758 -0.9352419
0.4029383 -0.5196980 -1.5083803
0.8726452 -0.5536578 -0.7271102
0.2609882 -0.3465494 -0.9630802
-2.4238534 1.2595800 -2.6134527
0.9631954 -0.5217066 -1.3513566
1.0183266 0.0525252 -0.0613111
1.3585643 0.0367883 0.9628741
0.9031159 -0.6488239 -1.4116381
0.1761853 -0.4619835 0.5052859
-0.8641125 0.3599733 -2.5076292
0.6636109 0.3445005 0.5363041
0.8274573 -0.2393476 0.6121978
1.1242392 0.3866405 -0.7239600
0.7128355 0.7107973 0.3663154
0.3002602 -0.3704254 -0.8907107
0.2011608 -0.2919635 0.2040488
1.3280107 0.2031319 1.0565643
0.6833451 -0.6163224 1.0030537
0.5772830 -0.9129679 -1.5520160
0.7999923 0.8691730 -1.2473257
1.2425829 0.2635209 -1.5994772
1.4711967 -0.2556975 0.7956401
0.7378741 -0.8171002 -1.3110834
0.4470683 -0.3930408 -0.0619548
0.2828198 0.4356448 -0.9677137
0.7901129 -0.1834141 0.6767494
0.3121018 -0.1085011 0.5846747
1.4664736 -0.2562081 0.7535553
0.1895865 0.4353950 -1.4340643
-0.1245826 0.2008270 -1.4712794
-0.5516137 0.3237471 -1.8844433
0.6990278 -1.1624943 0.4820420
-2.1997032 1.1104745 -2.8146460
1.2338084 -0.0650077 1.2864016
0.9546132 0.3469322 -1.2606575
0.9557955 -0.3616588 -0.5179428
-1.9476361 0.9862810 -2.9011567
1.1781218 -0.0507190 -0.5025458
1.6339074 0.3031541 -1.5846330
0.7137860 -0.6804481 0.6228825
1.1489053 0.3658915 -1.2064549
1.0507742 0.4008328 0.5556499
0.9968423 0.4327104 0.6677642
0.2777994 -0.1791833 0.4270701
0.7250741 -0.2643676 1.0262125
0.3023665 -0.3481548 -1.0118643
0.6090028 0.1767187 -0.7196276
0.3224116 -0.6765633 0.1908975
1.5160090 -0.2583217 0.7322947
0.8417808 0.5784095 0.4939374
1.1430236 -0.1937254 0.1279141
0.7523098 0.6920261 0.1575991
1.0072538 0.1285622 -0.3276703
1.2179160 0.2406126 -1.5830332
1.8663201 0.6961299 -2.9292684
1.5074493 0.6134892 -2.4290814
0.4687149 -1.0572953 -1.4821224
1.4948723 0.0493804 0.6299208
1.2065594 -0.0712275 1.3805407
1.3952729 0.7468560 -2.9253862
0.4871780 -0.6979114 -1.0398819
-0.2380430 -0.6999181 -2.9779975
0.0481358 -0.4360670 -2.0244079
1.4328434 0.2774862 0.5839976
0.6327609 -0.3545599 -0.2743114
0.2390485 -0.4873110 0.1634603
1.3108735 -0.4579602 1.2864724
0.9680885 0.2942663 -0.1168980
0.1539729 -0.5709413 -1.7357520
0.8708705 0.4513448 -0.8381976
-0.6124282 0.4568543 -2.0458531
0.6397273 -0.5663835 0.2232188
0.0933238 -0.2730093 -1.6199501
0.6730117 0.2344754 -0.3782610
0.5297890 0.2462350 -0.2398413
0.3942609 -0.6527272 0.1617899
0.3779890 -0.4336405 -1.3258541
0.6440166 0.8694498 -0.3152506
1.4089698 -0.2963549 1.2358353
1.0905298 0.5589670 -1.1433685
-2.4398534 1.2160176 -2.5744896
0.2556277 -0.7710972 -1.4168845
-0.2183880 0.2800730 -1.8810747
1.1563513 0.0587129 0.3918357
1.0416369 0.7997866 -0.5389016
1.5088757 0.4836562 -1.4469707
-0.0896838 0.5420616 -1.4937810
0.9675426 0.5576108 -0.9009469
-0.8490628 0.3166358 -2.4844806
1.0059669 0.1609506 -0.1832823
-0.4415564 0.5179028 -1.6127895
0.7791898 -0.3682647 0.4790695
1.1364477 0.3692462 0.6029106
0.1385644 -0.6006480 -1.8485743
1.1516870 -0.4639394 -1.3866218
0.8294022 -0.6820032 -1.5338362
0.6878152 -0.8067785 0.5848433
-0.5035630 0.4806592 -2.0832939
0.9361291 0.8825622 -0.7635344
1.2604113 0.0179530 -1.1191430
0.6736763 0.1686345 -0.4525860
0.2607798 -0.1562215 0.1688027
-0.1132807 -0.9904395 -2.9044628
0.7231002 -0.5165216 -0.5195757
0.2554096 -0.1343477 -2.0383058
0.2449262 0.0381775 0.1654701
0.1342388 -0.2846190 -1.5011760
0.2367171 -0.7957206 -1.4742882
0.0740187 -0.3401968 -1.4129660
-0.2240284 0.4016222 -1.3710604
1.2229379 -0.0343339 0.2098282
0.8199687 -0.1814598 -0.5949202
0.7154521 -0.6638680 -1.3049569
0.0269116 0.2284822 -1.1037427
0.7943243 -0.2695204 -0.9456107
0.3074544 -1.0432687 0.2311359
1.0776998 0.0939936 1.1433327
0.0390203 -0.8408491 -1.5612736
-2.4692433 1.1203429 -2.6683917
1.2895237 0.3250508 -1.7558960
0.1746461 -0.4744095 -1.2424953
0.9695359 0.1444833 1.1301881
1.7315950 0.7511384 -2.8461826
-0.0947880 -0.6652317 -2.5197999
0.1901069 -1.1762687 -1.5907071
1.4627684 0.2470490 -1.6859078
0.6106197 0.1295000 -0.9534889
-0.0105927 -0.4415759 -1.6612531
0.7467931 -0.7901333 0.6769592
0.7106492 0.6673154 0.4025963
0.2024447 -0.1675330 -1.2507513
1.4341823 0.1481619 -0.8186330
1.4297899 0.4611948 -0.8994939
0.6500475 0.0770720 -0.7850257
0.1999622 0.0853922 -0.9698310
0.7891595 -0.4018622 -0.4758334
0.4216365 -0.7431133 -1.0754546
1.2860759 0.0416966 1.0182285
0.7446697 0.8878571 0.5724396
1.3237867 0.1577880 0.9020748
-2.1445138 1.2390733 -2.6097622
1.0125097 0.1692166 -0.4711027
1.4556636 -0.3901851 1.1517224
0.8155780 0.3086109 0.5534042
0.6006601 0.5620604 0.8286874
0.9307134 0.8862060 -1.0407652
1.3091890 0.1363933 -0.7514197
0.2785076 -0.4897508 0.0659965
1.4238831 0.5472319 -1.0105894
1.2262455 0.3942463 -1.0530508
0.0130515 0.4146495 -1.6362977
0.5027913 0.2335306 0.2647493
0.8348354 -0.5072461 0.1959622
1.0387248 0.0491627 0.5162193
1.1963502 -0.0478011 -0.6075208
1.1634290 -0.4263975 -1.5338991
1.3668209 0.4231040 -1.0446130
0.7959265 -0.0921554 -0.4931967
1.0660909 0.7041354 0.5396177
0.9505916 0.7780056 -0.4244297
0.5130770 0.2444556 -0.0015893
0.1210218 0.4030461 -0.8777631
1.1086655 -0.1560830 -0.5128649
0.8062111 -0.2060812 0.6543694
0.6692098 -0.5544348 -1.5182513
1.1656854 0.0499136 -1.2389935
0.7391252 -1.1846480 0.4236775
0.8149279 -0.6909423 0.3392387
0.4810420 0.1824357 -0.4332959
-1.2274275 0.4390731 -2.5036809
0.7942035 0.3672100 -0.6037203
0.7335801 -0.1325263 0.8554539
1.4063044 0.3238313 -0.8115399
0.6798496 -0.4119354 0.9864129
1.5767350 0.1706728 -1.2690462
1.2605371 0.1447988 0.2434864
1.7133926 0.3852236 -1.3655958
1.7228481 0.8968135 -2.9044607
0.3144059 -0.2192340 -0.1770273
0.3187817 0.0602161 -0.1799610
0.7100061 1.9810405 2.2309747
-0.7962826 0.3575627 -2.1487029
0.3010364 0.0899229 0.3480088
0.7804045 -0.4369090 -0.4563806
0.6141178 -0.5496957 -1.6195325
1.4885505 0.3695459 -1.8113117
0.7374641 -1.2215669 0.5411575
0.8206493 0.7062249 -0.2146475
-0.0818530 -0.7232304 -2.6636734
0.7165691 -0.7933251 -1.1799579
1.7385223 0.3943584 -1.5009106
-0.0434788 -0.4624746 -2.2846613
-0.7669398 0.3327840 -2.4411845
1.3916713 -0.0882027 1.1081616
-1.5224169 0.5884872 -2.6293395
1.5607823 0.0189904 0.6135079
0.4746844 -0.8579959 0.0940908
1.3526099 0.5742067 -1.0003072
0.4197583 -0.3892135 -0.5539761
1.6184965 -0.1180919 0.6152694
0.6839593 1.0842446 1.7232252
0.1431595 -0.7326588 0.1266906
-0.0516738 -0.6462387 -1.5957702
0.5021598 -0.3697000 -0.6078734
0.4856413 -0.9705408 -1.5930930
1.1448836 0.0630341 -0.5215240
0.3617569 -0.0169648 -0.5537035
0.6337745 -0.7028741 0.7269378
1.4827974 0.5383096 -1.3096234
0.8204315 -0.4297795 -0.4498399
0.9073709 -0.6082608 -0.8362437
1.3143399 0.0472964 1.0697948
0.5883950 0.1760012 -0.3918740
1.5839287 0.4672527 -1.6438214
0.3926818 -1.1276270 -1.6929343
0.6993606 -0.3902417 0.8209280
0.4389898 -0.3182897 -0.3199887
0.9229604 0.7685069 -1.3759621
0.2860036 -0.4868282 -1.0890521
1.5696318 0.7481170 -2.9673989
-1.0950681 0.3529544 -2.4562705
0.9825886 0.1335646 1.1191431
1.4453148 0.1193854 -1.0202130
0.2481489 -0.1285168 -2.0785656
1.1165279 0.0906750 -0.0390422
0.9681301 -0.4225979 0.0702059
0.3718924 -1.1266005 -1.5142814
1.4328898 0.3484620 -0.9968498
0.4064628 -0.2322398 -0.6682467
0.7779840 0.3619641 -0.6065510
0.7319849 0.1696385 1.1700116
0.7322225 0.8673306 0.6476195
0.3169470 0.0991958 0.3412383
1.2884433 0.3957742 -1.4999584
0.0908229 -0.4259048 -1.4267321
-0.0767267 -0.4908741 -1.5381280
0.7720443 -0.8579348 0.6830124
0.4984273 -0.1298641 -1.0140963
0.8589352 -0.4989865 -1.2117894
1.3331182 0.5195934 -1.6873775
-0.1174649 -0.4682794 -1.9196388
1.2337039 -0.3390746 1.0106810
0.5032477 -0.7487100 -1.0086453
0.3171006 -0.8750712 -1.3887950
-2.3045983 1.2631437 -2.6510534
0.6077769 0.1128204 -0.9433444
0.4308220 0.1405167 0.5971485
-2.1140211 0.9843573 -2.4804060
1.5046992 0.6118770 -2.6985066
0.9008703 -0.3511414 -0.4563193
0.6112630 -0.1540627 -0.5111238
-0.6652784 0.3111994 -2.0172441
1.0373831 -0.1782498 0.3002835
1.0783892 -0.3640178 -1.2656659
0.7534041 -0.9493462 -1.7352926
1.0144721 0.5276932 0.5196177
-2.0176904 1.1243789 -2.5577037
0.5072458 -0.6871426 0.1974250
0.4888616 -0.7129975 -0.9606357
-0.2575498 0.2315618 -1.5891272
1.7209675 0.3130221 -1.4729937
0.8802360 -0.2265948 0.4323438
1.1009845 0.1964577 0.1176047
-2.0246854 0.7765582 -2.6460423
0.6500874 0.6151481 0.9212579
0.4232831 -0.5818910 -1.8401988
0.6960284 -1.0156955 -1.7742807
0.3743771 -0.0559265 -0.8345834
0.7623694 -0.8936259 0.7139478
-1.7423090 0.7500877 -2.7557938
-2.0590034 0.9244271 -2.5066853
1.7030183 0.4253654 -1.4473122
0.7121841 0.0720643 1.0711584
-0.7564080 0.4523892 -2.2493296
0.1608095 -0.7118748 -0.0725893
0.4049867 0.0971283 -0.6485108
0.4017484 -0.3578569 -0.1130925
-0.0072205 0.1804768 -1.4250379
1.0616986 -0.3997355 -0.9126002
1.0743134 -0.2818902 0.8475046
1.2647079 0.0909431 0.9552980
0.7493185 -0.7790256 -1.2429972
0.7457688 0.9075785 0.0334654
1.1716940 0.2064147 1.1301126
0.0424422 0.3790416 -1.5983174
0.9437187 -0.6404243 -1.4066014
1.1695149 0.0387129 -0.8280867
0.9337640 -0.6600152 0.4760083
0.2795412 -0.8060676 0.2413123
0.5092248 -0.6545832 0.1029941
1.4995390 0.1974972 -0.9157506
1.3064721 -0.3390504 -1.4364593
1.1869197 -0.0745390 1.2723750
0.3956534 -0.0452300 -1.0467808
1.0593822 0.3323770 0.5155482
1.1473618 -0.0719602 0.3730306
0.9760004 0.6678115 -0.3864203
0.7132409 1.3179024 1.8495179
1.1688683 -0.0451135 0.2078399
0.5070752 0.5725898 0.1188708
0.6157445 0.2873983 -0.9285277
0.9756184 -0.0556838 -0.6418058
0.4163589 -1.0697031 -1.6168609
0.8060341 -0.1518734 0.9787478
1.2460799 0.2451778 -0.6809545
0.4062950 -0.4107549 -1.3447216
0.9164094 0.2837099 -0.1280941
1.0626255 0.1021829 0.7619630
-0.7304686 0.2500254 -2.1363268
0.7784594 0.4705326 0.9923009
1.1856158 -0.4307379 1.1252508
1.0523194 0.0596410 0.3657861
0.4217310 -0.4969820 0.6188743
0.7077748 0.3238856 -0.2013493
0.7255837 1.1247067 1.6763614
0.8602243 -0.5824123 0.2377423
1.3387368 0.4014802 -0.9349450
0.8256765 -0.2034880 0.4951967
1.1580399 -0.1159025 -0.4968237
0.6642128 0.0505403 1.1354810
-0.0278678 -0.2776866 -2.0476675
0.3686969 -0.4846680 0.6164079
0.1286510 0.3863589 -1.5054370
0.6961930 0.3430974 -0.7913733
0.7894138 -0.6776630 -1.2616776
0.1230112 -0.4171758 -1.3272409
1.4959719 0.6222797 -2.2771983
0.6852399 -0.6937681 0.9176638
0.6713247 -0.4305167 0.9516268
0.7728971 0.7008947 0.1093773
1.5921654 0.0182900 0.7420402
1.4312414 0.0267112 1.2310882
0.4888566 0.1135998 -0.5576870
0.2444390 -0.1265492 0.0760092
1.3472794 -0.2558035 0.7733722
1.2535472 0.1773476 0.5419890
0.1751030 -0.6280264 -1.9669092
-0.1011137 -0.6794822 -2.5628004
1.1929032 0.0058897 -0.7017768
0.8445851 -0.4272938 0.0606056
1.3927420 0.4915661 -1.2388479
1.1394569 -0.0436864 1.2198405
1.3380107 0.0140892 0.5953957
1.0843692 0.1460893 1.8768905
1.3236624 0.3372695 -1.8340203
1.3522509 -0.2578381 0.9061313
0.9910809 -0.3184804 1.9992495
1.4732606 0.3071323 0.7603057
1.0701250 0.1629816 1.9227756
0.8346063 -0.3165710 0.5020830
0.4372747 -0.3952660 0.0146106
0.7232100 -0.3026983 1.0212893
0.0931542 -0.6532488 0.0187438
0.7837480 0.3785237 -1.0644517
1.2561936 0.2535228 0.3936560
0.5410318 0.0739600 0.7010925
0.7636868 -0.4511184 -0.4786019
0.5721903 -1.1287466 -1.7880853
0.6656761 -0.3645108 0.8726642
0.2217059 -0.7147751 -1.5942864
0.9303393 -0.6397853 0.4515480
0.7024619 -0.8667967 -1.5774425
-0.2641035 0.2427754 -1.5792139
0.6376253 0.2757054 0.8539990
0.7997137 -0.4246243 -0.2928841
1.0429493 0.1898178 -1.1911659
1.2535295 0.7560558 -1.0638826
0.3327282 0.2464823 -1.3168666
0.9123797 0.0719292 -0.4300685
0.6258239 0.1560198 -0.6822892
0.5738711 -0.3664561 -0.1430406
0.3168654 -0.8871499 0.2434585
0.2480721 0.2175930 -1.3717613
-2.0003462 0.8820692 -2.5133038
0.9626610 0.5152395 -0.1494503
0.6797759 0.8743599 1.5854101
0.3182854 -0.1566334 -0.2720018
0.9634297 -0.5084397 0.2384865
0.9984579 0.7036940 -0.3546521
0.9560441 -0.6228997 0.2667199
0.4850463 0.3206005 0.4959452
1.1664431 0.2431414 1.1548905
0.4789497 -0.3538614 -1.3255365
0.7156683 -0.9829317 -1.7151433
0.1635732 -1.1754845 -1.6013774
0.9040779 -0.1868957 0.7515352
0.4024882 0.0777119 -0.4431494
1.3377092 0.6540459 -2.4608254
0.5040403 -0.3424872 -0.3374268
0.8544108 0.9042890 -1.1323332
-2.0897703 0.7762564 -2.6438150
0.1810337 -0.1302506 -1.8836974
1.1169208 0.1453771 1.7861490
0.8230225 0.6352732 0.2853951
1.0923243 -0.1507513 0.3135470
0.4093888 -0.3085103 -0.6223654
1.2869513 0.2968683 -1.4695338
1.3603320 0.7194738 -1.0458133
0.6956235 -0.7343766 -1.3313594
1.0912179 -0.2145550 -0.4800933
-2.3088777 0.9461397 -2.6620646
0.7094772 1.6403730 2.0644372
1.2097644 0.0694909 -1.2733734
0.7164342 -0.4558661 0.4537418
1.2726457 -0.1223808 0.0585850
0.9064690 -0.2188534 0.4424129
1.2855669 0.3086605 -1.4508725
0.3201260 -0.1401362 -1.4319254
0.3392759 -0.1171126 -0.6183455
0.3309985 -0.8555303 -1.5811672
0.0282536 -0.2828245 -1.8268472
0.3792480 -0.3195163 -0.8563306
0.7172429 0.7214937 0.6560168
0.9194883 0.6714988 -0.0809994
1.2552503 -0.2150172 -1.0693873
0.0662898 -0.5790887 -2.4793046
1.2528456 0.1421532 0.7563998
0.6921613 0.0109031 -0.8603275
1.1428505 -0.1012328 1.2252719
0.7155845 -0.4053485 -0.3099450
0.2751082 -0.3329151 0.5708855
0.8529351 0.7151107 -1.3646958
0.9310743 -0.1567053 0.7303414
0.4724310 -0.6944177 0.3832299
0.8244909 0.2717962 -0.9479127
0.8657863 0.2914505 -0.9241217
0.4179795 -0.9163607 -1.5004267
1.1048720 -0.0780072 -0.6647516
0.3434764 -0.2215056 -0.2888576
0.2950788 -0.1542284 0.5999151
0.7244848 1.3464900 1.7464340
0.9484180 0.6018518 0.3589220
0.3780590 -0.7224808 -0.0279537
0.6680629 1.8666774 2.0256526
-0.8734748 0.4279398 -2.5001230
0.8757792 0.6129009 -0.3538680
0.9882491 -0.6028417 0.3308148
0.2851211 -0.1597830 -1.4022192
-0.0924468 -0.4513350 -1.6763965
-0.2598400 0.5236360 -1.8204789
1.7588229 -0.1615315 0.5683821
0.5991139 0.6860591 0.4466482
1.4224215 0.5472898 -2.5277216
1.4253776 -0.2597659 0.7850679
1.7049074 0.7408238 -2.9834790
1.3072914 0.3178318 1.3287835
-0.1011541 -0.4262644 -1.9308903
1.5841552 -0.0128236 0.5724593
0.0752996 0.4079425 -1.5632174
-2.2314463 1.2517436 -2.7152743
0.9513584 -0.1603443 -0.2874927
0.0552150 -0.5341136 -2.0583999
0.5921673 0.3207094 -0.0113281
1.2441270 0.4706064 -2.2360108
1.4197264 -0.1876835 1.2391976
1.1763704 0.0119108 0.0903183
1.0445175 0.0227949 -0.3776967
1.2580737 0.1497927 -1.4121310
0.9388186 0.3806288 -1.2657781
1.0637233 -0.0199983 -0.4534796
1.3526620 0.0520730 -1.0802214
1.3193169 -0.3888066 1.4989678
0.4171615 0.1581742 0.5204407
1.0330173 0.0275822 -0.6866831
0.1774599 -0.5830854 -1.6061327
1.3829099 -0.0611393 0.5796211
0.2014929 -0.8456387 -1.2383195
-2.0244167 1.1978050 -2.5815611
1.1719997 -0.3257556 -1.3025166
1.0202636 -0.2205675 1.1145380
0.8442175 -0.7171035 -1.4950922
0.7887082 0.0294748 1.1321893
0.1964376 -0.2612900 -1.3608999
0.4715898 -0.4027113 -0.1421660
-2.1083050 1.2605449 -2.6675272
-0.1050884 -1.0257992 -2.9049296
1.3844454 -0.4059297 1.2346035
0.2316992 -0.8499681 -1.3279136
0.3716238 -0.2971266 -0.2390094
1.0270773 -0.1914867 -0.9133623
1.0833179 -0.0235183 0.6999163
1.5543832 -0.2206077 0.6302107
0.9479489 0.2339371 -1.0935045
0.6604431 0.8376769 -0.2323895
0.5709412 0.3504921 0.4931431
-0.0197219 -0.9085242 -1.6832663
1.1945066 -0.0092062 -0.8917176
0.8101508 0.9056661 0.5268458
-2.1734185 0.8612526 -2.7827003
0.7614039 0.4914134 0.9920510
0.9680282 -0.1443882 -0.2975620
0.3192846 0.0855724 -0.0661475
1.0423346 -0.3185410 -0.7543269
0.1618452 -0.4894708 -1.1584433
-1.8834884 1.0850021 -2.8388226
0.8674023 0.3689439 -0.5759315
1.4709116 0.5290462 -1.3191007
-0.1188581 -0.6244975 -1.6638254
1.1015507 0.5449750 -1.3371471
1.0959200 -0.3741110 1.6946238
0.2026057 -0.6464946 -1.1421878
0.1449033 -1.0290760 -2.9274402
0.3498724 -0.0631572 -1.4318259
1.2758381 -0.3404204 1.0077615
-2.0243609 0.9557636 -2.5132179
1.2692810 -0.2896845 1.1444350
0.8739295 -0.3998708 0.3375503
-0.0293087 -0.5031450 -1.6050923
0.6691859 1.9897156 2.1101117
1.3255392 0.0530707 -0.9556593
0.8121735 -0.3583604 -0.3452869
-0.0596397 -0.6295694 -1.5034665
0.8816103 0.7627872 0.0769192
1.3743179 0.0763696 0.2985176
1.3285300 0.2618396 -0.7109815
1.1823521 -0.3961046 1.1026667
-0.3320377 0.5073425 -1.4128408
-0.4383600 0.2626379 -1.7927461
-0.9501762 0.4171328 -2.3149564
0.5623090 0.2603073 -0.5915251
0.1486308 -0.7616398 0.0755215
0.5028575 -1.0877825 0.2729880
0.7259519 -0.8172717 0.5754888
0.3068432 -0.0753749 -1.2060657
0.4215662 0.3689140 -1.1994030
1.1353236 -0.1218489 -0.5173121
0.8791649 0.3381736 0.5203631
0.8214418 -0.4630043 -0.5338758
0.4397977 -0.5343536 -1.6706321
0.7055493 -0.6152557 1.0150133
0.3010609 -0.9150738 -1.3275570
0.6915392 0.3757878 -1.0555645
0.5144646 0.2316597 -0.2485326
1.1066586 -0.2248739 -1.0597842
-0.0653431 -0.3258883 -2.0083694
0.0819292 -0.3616420 -1.9896373
1.9313287 0.7576788 -2.9643750
-0.1108767 -0.9030877 -2.8553855
0.8097383 0.2848633 -0.4405755
-2.5373871 1.2369535 -2.5733385
1.0080723 -0.0519306 -1.0649424
0.4733490 0.0740110 -0.3842771
0.4389176 -1.0478467 -1.6028503
0.2810160 -0.7647672 -1.1946005
0.1935373 -0.4734479 -2.0743630
1.0017263 0.1431351 -0.1469927
0.1763821 -0.6081516 -2.1174638
0.7362165 -0.8003005 -1.2434858
0.5046564 -0.0049967 -0.8315004
1.2135668 -0.1408708 0.0379564
0.9024385 0.6135191 -0.3703664
0.7470350 -0.6170760 0.6913767
0.9368898 0.2862678 -0.9038528
1.1281400 0.4718964 -0.6984146
0.7006419 0.2481044 1.1693844
0.6830901 2.2720084 2.2704971
0.8717757 -0.6503010 -1.3482167
1.1858865 0.0065905 0.1055712
1.2941239 0.2239919 0.3536004
0.8777572 -0.2398599 0.3474137
1.3383898 0.3100655 1.2752043
0.9009005 -0.1880167 -0.0969423
0.7405506 -0.4104205 -1.1460639
0.9114689 0.3327564 -1.2039399
1.2489930 0.0645603 0.0564575
0.5885105 -0.8825017 -1.5634395
1.0252105 0.7670590 0.2008460
0.6542037 0.6787587 0.0931645
0.7290488 0.4287310 0.0116338
0.3781998 -0.7041017 -0.9712889
0.3646789 0.4637567 -1.0409514
0.2915733 0.2978443 -0.6437904
0.9662003 -0.1867059 -0.8316350
0.4273655 -0.3685441 -0.0270782
1.2056760 0.1523227 0.9908977
1.1402071 0.0970880 0.5082863
0.8195837 0.2144182 -0.3729324
0.7603508 -0.9257281 0.7623493
0.7785548 -0.3792222 0.4656950
0.2234937 -0.0452300 0.1384819
-1.1605856 0.4444160 -2.4535663
1.3108894 -0.0415381 1.1209663
-0.0697200 -0.4981496 -2.3633564
1.5392230 0.3956084 -1.7843934
0.6671267 -0.3601437 -0.3106273
1.0269551 -0.5290036 -1.2991186
0.8832537 0.6375508 -0.1959283
0.3648403 -0.6431990 0.1343687
0.5411426 -0.5264067 -1.5899673
1.4673382 0.2681246 -0.8798611
0.3646318 -0.8290576 -1.1085922
0.5686471 -0.4521751 0.6644294
0.4998875 -0.2307410 -0.5995599
1.2591429 0.1169017 0.7994779
-0.2444202 -0.7725235 -2.9811127
0.9541153 -0.1577408 1.1734705
-0.2121380 -0.7353514 -2.9729295
0.8774680 -0.1339117 1.1379691
1.4159720 0.5248296 -1.2778839
0.4651318 -0.0587135 -0.5048448
-0.0578038 -0.3478652 -1.9075087
1.5531857 0.1418919 1.0340484
0.5253719 0.3877859 -0.9353379
0.8818205 -0.3796138 -0.3527707
0.2057488 -0.9378194 0.2954389
0.2491561 -0.1806963 -1.3804454
1.2748826 0.0669289 -0.6701417
0.8250957 -0.3203133 -0.8549970
1.1749834 -0.2534796 1.0309575
-0.6693659 0.4510833 -2.0929945
-0.7811650 0.3920846 -2.4454834
-0.5832835 0.2207300 -2.1507003
0.0694596 -0.7556385 -1.4842703
0.8480518 -0.4513762 0.3017779
1.6560093 -0.1654550 0.6070955
1.2520062 0.0655464 -0.8664207
0.9599608 0.6093084 -0.1050476
0.1669676 -0.9826831 -1.4041629
0.3760353 -0.9719267 0.2900788
0.1540475 -0.2867253 -1.2678454
0.7571651 -0.3196965 -0.3934153
0.9584932 -0.4719218 0.2996271
1.3216906 -0.2151423 -1.2322376
0.2831947 0.4709816 -1.2657681
0.2287522 -0.3468728 -1.0160908
1.1293993 -0.4370822 -1.4913818
1.1665181 0.3768770 0.6272751
1.4004395 0.1647491 0.5237224
0.3464729 -0.2527916 0.0523494
0.8017374 -0.0879832 -0.9277685
1.1252741 0.4064315 -0.7441686
1.0422381 0.7642987 0.1920360
1.2615788 0.0433140 0.3175499
1.1136866 -0.1516853 0.3228280
0.7293166 -0.5940923 0.6252320
1.5886732 -0.0752941 0.8994745
0.6324819 0.4433360 0.5636924
0.8663750 0.7259945 0.7795964
0.8268785 0.3774966 0.4951592
0.1366907 -0.5695595 -1.8549665
0.7781558 -0.3408589 -0.2874692
0.7598262 -0.4381092 -0.6907258
0.4831365 0.3188247 0.6573163
1.1086379 0.1545901 0.8640461
0.5137016 0.2415642 0.6499965
0.4356210 -0.5380494 -1.8375325
1.0047169 0.5886797 -0.9064484
1.1646355 0.3813029 -1.1907966
-0.4399407 0.2548247 -1.8066698
0.7242782 0.2396071 -1.0012063
0.6396520 -0.4818678 -0.0677408
0.7622424 -0.8366231 -1.5654665
0.6936358 0.5121646 0.5239318
1.1462315 -0.0026627 1.3269306
0.8482412 0.3389714 -1.2425982
1.1958512 0.6307700 -1.1144850
0.6401239 -0.4194850 0.6172777
1.6439953 -0.1862365 0.6775048
-0.3469950 0.2230595 -1.8644400
-0.0855108 -0.6681836 -2.9707639
0.6895211 -0.0789237 0.8931650
-2.3871899 1.0384263 -2.7027156
0.4237690 0.2094296 -0.5745729
0.6741332 1.9707798 2.1498942
1.0270541 -0.1183094 0.3496207
0.7535825 0.4395710 0.3513660
0.0174586 -0.2781823 -2.0469155
0.8895897 -0.1764510 0.6005375
0.9915287 -0.3116983 0.1574394
0.9048082 -0.0066541 1.2302494
-0.0592892 -0.6958629 -2.8291333
1.1517943 -0.3596780 -1.3370633
1.5089769 0.0051773 0.5966409
0.9926357 -0.3370456 2.0325155
0.7728437 -0.5679452 -0.7152167
-0.0878959 -0.5895674 -1.5238346
0.6716053 -1.0079195 0.6539626
0.3079023 -0.0869893 0.6618865
0.2336764 -0.1508096 -1.9563425
0.9945664 0.0705123 -0.1610798
0.4195735 0.1925613 -0.0286643
0.3414899 0.3944433 -1.2830745
0.7127085 2.3341417 2.2756116
0.8964946 -0.6739079 0.5969576
0.3841530 -0.0504712 -1.0258988
0.5723885 0.1384949 -0.4339569
1.0168366 0.6467715 0.1374453
0.9979594 -0.3014001 0.0763950
0.8704136 0.7554367 -1.3688618
1.4368142 0.5679233 -1.4936875
0.6167905 0.0619330 0.8085563
0.9720557 0.2011051 -0.0250875
0.9455916 0.3166069 -1.3168468
1.2432369 -0.2765373 -1.3297780
0.1115971 -0.9147602 -1.4603215
0.6835300 0.4528787 1.3815089
-2.0555675 1.1653599 -2.5575161
1.1642220 0.5910070 0.3266796
1.2813965 0.4474960 -1.9231309
1.5378292 0.3509076 -1.7198368
-2.4540610 1.0887439 -2.6587968
-0.2167195 0.4220482 -1.3525341
-2.4059188 1.0633262 -2.6915302
1.0277369 0.3949135 0.4627927
1.0110562 -0.0369920 -0.0954455
0.4569795 -0.4468067 -0.8012441
1.4886295 0.5190596 -1.5152944
1.2222667 0.4172521 -0.9537044
1.3171897 0.1599878 1.3967518
0.9075026 -0.4303552 -0.5483995
0.0674405 -0.7360284 0.0799174
0.6167001 -0.9164365 0.6864117
0.9501481 -0.5119821 0.4994576
0.5981262 -0.8960708 0.6337885
0.1916492 -0.5708999 -2.2076666
-1.3269116 0.5421157 -2.7245862
1.4714140 0.2912002 -0.9258701
1.0604656 -0.3533571 1.8215847
0.5158669 0.3257207 0.1292144
1.4569913 -0.2501002 0.9328815
-0.0620386 -0.3405654 -1.9719532
0.7415186 -0.3515860 0.9007527
0.4160620 0.1923015 -0.0628818
1.4489675 -0.3131225 0.8697048
-1.8426497 0.8203825 -2.7985342
1.0396748 0.0320083 0.7224479
-0.0197560 -0.3407891 -1.7987114
-0.0091744 -0.7979717 -1.5044607
1.3714643 -0.2712828 0.7044524
0.8999393 0.3758280 0.0996630
0.5998648 0.0614497 0.7783312
-0.0195747 -0.2301517 -1.9723988
0.6455925 0.3224342 0.9710619
1.5117326 0.5585755 -2.3508275
0.7578394 0.4637354 0.3562191
0.7151787 -0.4958525 -0.4325752
0.6204492 -0.4246005 -0.1584189
-0.0498874 0.4932065 -1.2462289
0.4829501 -0.5217503 -0.0589196
0.4890792 0.4214720 0.1211063
-2.3409297 0.9600016 -2.6307237
0.3835340 0.1323301 -0.1390748
0.9042075 -0.2579478 0.2240779
-2.3602083 1.0106430 -2.6641769
0.7439287 0.3491437 -1.0462617
0.6099821 0.2760853 -0.9605336
1.1592551 0.3725263 -1.0411433
1.7439313 0.6940868 -2.8888111
-0.0344629 -0.4675849 -1.6908339
0.6708183 -1.0238247 0.5612980
-0.0643477 -0.8862716 -1.7245810
0.5965445 0.0077680 -0.5280720
0.8550112 -0.2764519 -0.1890510
1.4247416 0.5439967 -1.7698723
1.9785134 0.6008163 -2.9822009
-1.9201459 0.9628408 -2.8956304
0.4779462 -0.1252432 -0.6809137
0.5619018 -0.0257720 -0.9116734
0.6123938 0.6822904 0.3802313
0.7196786 -0.3360254 0.7691973
-0.0282161 0.2851314 -1.6193002
0.6466049 -0.7032061 0.7997324
-2.4967093 1.2941453 -2.6272633
0.4734161 0.0538377 -0.6818621
1.0022534 0.3673050 -1.3405310
1.2886022 -0.2253271 1.0864788
1.5909945 0.6051405 -2.8875260
0.7463517 -0.4370715 0.1155778
0.7984194 -0.4301417 -0.4551706
0.6322988 0.9131120 -0.2342543
0.7774340 0.6292984 0.6674883
-0.5071939 0.4613558 -1.8831462
1.0969003 -0.3115699 1.7734306
-0.6633461 0.3362305 -2.0065897
1.1024723 -0.3268657 -0.8678676
-0.5560171 0.4337320 -2.2238033
0.7809159 0.8448148 0.6647505
1.6364518 0.4439654 -1.5671574
1.1097308 0.5972803 -0.7667605
1.4776201 0.0743045 -1.4120926
-0.2121937 0.2437784 -1.8025210
1.4301463 0.1840582 1.3012518
0.3460071 0.4285251 -0.9393452
1.4367505 0.0259276 0.6261217
-2.0638511 0.7817686 -2.7334926
0.2959090 -0.0812819 -0.2526636
-0.2260258 -0.5728040 -2.8180010
0.2538102 -0.7563294 -1.6256872
0.6380173 0.3047849 0.9396837
0.6884028 -1.1783217 0.4773580
0.8176707 -0.1298606 1.0906758
1.0691073 -0.3587515 1.6705631
0.1354285 -0.4553390 -1.9712579
-0.1272107 0.4369762 -1.8016611
1.6250089 -0.1782904 0.6403056
0.3270243 -0.9930690 -1.4213505
0.2586685 0.0346826 -0.0384169
0.6756750 1.6800302 2.0245585
0.5231140 0.3114597 0.8563565
1.4546103 0.6173974 -2.9490268
0.0982956 -1.0264101 -2.9620385
0.1037898 -0.8392838 -1.3324810
0.7210626 -0.3448340 -0.3476373
0.8849519 0.3439678 0.6626231
0.8552510 -0.4054889 -0.6736290
1.3900875 0.1516009 -1.5361447
0.0311876 0.4090968 -1.0468242
0.9553297 0.6932369 -1.1323737
1.3943462 -0.2865720 0.8607672
0.7294815 -0.7104618 0.6515296
1.9295131 0.6353565 -2.9413326
1.0423197 0.0273705 0.5540925
0.1686761 -0.4372719 -1.9715707
0.1640664 -0.5524043 -1.7736658
1.5142568 0.5032738 -2.2529542
0.5383479 -0.5681558 0.0530957
0.9308218 -0.3908035 0.0250575
0.3996231 -0.2565213 -0.9089277
0.3742772 -0.4902622 -0.8066569
0.4971328 -0.4734549 -0.0666038
-1.8177750 0.9576519 -2.6297174
1.2281078 0.5181012 -2.2059133
0.5856878 -0.0094273 0.7873968
-1.2274084 0.5404416 -2.4594412
0.8053631 -0.3166391 -0.2614791
0.9718487 0.2026607 -0.4617403
0.4995562 -0.4562707 0.6557538
0.7307628 -0.1557497 0.7645106
0.6911592 -0.6949226 -1.1672641
1.2457252 0.0875159 0.3675613
1.0015178 0.8543347 -0.3953009
0.7593681 -0.4039552 -1.0509176
1.8044600 0.7022553 -2.8928390
0.8380962 -0.3897413 -0.6344971
1.3867347 0.1638950 -1.4895871
1.2601211 0.2618380 -1.4170892
1.5050260 -0.2159707 1.1423575
1.1610693 0.3396794 -1.2533706
0.2702693 -0.1005951 -1.3585478
1.2771564 0.4495943 -1.5440595
0.9306753 0.2682322 -0.8385381
0.2429082 -0.6714370 -1.5413479
1.3700998 -0.0119371 0.2379007
1.0942768 -0.4441328 -1.0943537
0.4185791 0.1333453 -0.2496725
0.7008070 -0.4908438 -0.4036766
0.1855202 -0.9349454 0.2903228
0.9065350 0.8272821 -0.5992954
-0.2168349 -0.8101639 -2.8230782
0.0005016 -0.9566508 -2.9145956
0.9450903 -0.3404554 0.2709302
-0.2744038 -0.7242447 -2.9795654
-0.1995189 0.3190603 -1.3983742
0.1336692 -0.5970869 -1.6447102
-0.8075880 0.2743915 -2.2125192
0.3475434 -0.8350507 -1.3887329
0.3844272 -0.6239657 0.1252513
1.2824401 0.2283408 1.0451086
1.4644966 0.0813065 -1.1855428
0.4765048 -0.2379415 -0.7077919
0.6453007 -0.5997016 0.6695043
-0.1167873 -0.4846799 -1.6892595
0.8533508 0.7080104 0.7710647
0.3944638 -0.0099547 -0.8507286
0.3167126 -0.9893968 0.3231646
0.1143685 -0.2036689 -2.1217024
0.3282348 -0.5554461 -1.5220063
1.2855377 -0.0316894 0.6288705
1.6266611 0.3507982 -1.1783930
0.4047707 -0.1211316 -0.8044084
0.6090278 -0.3509037 0.6883317
-0.3580770 0.2593106 -2.0119405
0.7632789 -0.6918492 0.7065403
-0.2075959 0.5084466 -1.2157378
0.9629987 -0.0269115 -0.1570753
0.8335431 -0.3213622 0.0261549
0.7222598 -0.5245949 0.7854066
-2.6681111 1.2833456 -2.5544901
-0.1709883 -0.8112156 -2.8430290
1.1731302 -0.3682612 -1.1218834
-0.2516438 0.2378563 -1.8284163
1.6383772 0.5973818 -2.9361675
0.6890569 -1.2185507 0.5398440
0.4482037 -0.4742857 -1.4810485
0.1445734 -0.7768386 -0.1150384
0.6887472 1.7101564 2.1037905
1.4366086 -0.3943464 1.1879798
0.8333849 -0.1826665 1.2097552
1.0704701 0.6296003 -1.0815667
0.4372447 -0.3652900 -0.2153408
1.2155710 -0.1654623 0.1436620
0.6418914 0.2084134 -0.9465946
0.2176209 -0.2259525 0.4083430
-2.1524742 1.1494066 -2.5171583
1.1184472 -0.1547037 0.3513944
0.7103670 -0.4430787 0.6826813
0.4508587 -0.0879606 -0.4784594
1.4662081 0.1431839 -1.0216308
1.0177138 -0.3712635 -0.7750952
0.8950733 0.6167566 -0.2986664
0.2507022 0.0204789 0.0173792
0.6007819 -0.5011706 0.1675250
0.8472713 -0.5093905 0.1871445
0.2109557 -0.5491623 -1.6769536
1.1135319 0.3617072 -0.9078816
1.5346119 0.0556147 0.6931825
0.6294803 -0.0319711 -0.7130539
0.5656129 0.4416919 0.7582968
0.1486457 -0.6542123 0.0419836
0.9626343 -0.6393474 0.5272715
0.0785789 -0.6874266 -0.2281311
-0.0399157 0.2016667 -1.4909347
0.8013456 0.2278144 -0.3582240
0.6256899 -0.9871030 -1.4754205
0.3473081 -0.5070954 0.0530849
-2.2811441 0.9154671 -2.6142936
-0.0192561 -0.3514578 -1.7834500
1.0666251 0.1697915 0.9483399
-0.1881232 -0.7349678 -2.9701774
1.1410453 -0.2751451 1.6226667
0.7039456 -0.9886185 0.5625080
0.6572922 -0.7429556 -1.4668865
1.1066155 -0.1031882 -0.0151905
1.7185587 -0.1516309 0.6531259
1.4346288 0.4591171 -2.3622043
1.0558687 0.4522514 0.4112479
1.0984297 -0.1457806 -0.9479012
1.1170098 -0.1683290 -1.0031019
0.5448804 0.2924224 -0.6607495
0.2863410 0.0424813 -1.0552882
1.4977330 -0.2960596 1.1474708
0.5344581 -0.4228919 -0.6993192
0.2809407 -0.3909940 -0.9383150
0.0096542 -0.2118605 -1.9589330
0.7283797 1.8621397 2.0888278
1.0229309 -0.0226668 -1.1109471
-0.2079068 0.2330847 -1.5082781
0.5686086 -0.1438658 -0.4818941
0.6949279 0.7502266 -0.2837729
0.3118006 -0.2289914 -0.0372920
0.3306518 -0.2200652 -0.8242910
-0.0817679 -0.8087521 -1.6179309
0.7261634 0.7061581 1.4323568
0.1432481 -0.6465856 0.0502018
1.1627418 -0.4275319 -1.3239657
0.5982078 0.4546525 0.3274020
0.4116242 -0.4168247 -0.8349028
0.7945524 -0.1306831 -0.5506423
1.2196913 0.1808132 0.9829106
1.2775875 0.1734557 1.0695901
0.4743299 0.1991765 -0.5605280
0.8285052 0.4224729 -0.6284567
0.1802403 -0.4761071 0.1335909
0.3744249 -1.0920483 0.2812350
0.4651126 -0.6708439 -1.7577773
1.0975316 0.1396252 1.8844942
1.3026748 0.4344369 -0.7435417
1.4679532 0.5313278 -1.6094822
0.3258495 -0.6531652 -1.9017811
1.2740252 0.1835306 0.9429550
0.8744416 0.8531712 -0.3121856
-0.0908379 -0.2910399 -1.9160465
1.4811165 -0.1899099 1.0579075
0.5207127 -0.4534913 -1.6290138
0.0608848 -0.2055787 -1.6590835
0.5287704 -0.9600728 -1.3163532
0.6190009 0.6064313 0.2661074
0.8995808 0.3395561 -1.1754353
1.0789526 -0.3564501 -1.2592415
0.4784426 0.3075129 0.5077661
-0.3128487 -0.7067527 -2.9150655
1.2359978 0.5267615 -2.1502240
1.1228235 0.6429088 0.2142826
0.2777497 -0.6734298 -1.9379888
-1.9872662 1.2093993 -2.7333543
0.3130642 -0.7168728 0.2950633
-0.1778025 -0.7742814 -1.7629509
0.1074008 -0.1799411 -2.1279056
0.2375862 -0.3682342 -1.0048658
0.4851659 0.3920117 0.5244486
1.1151041 0.1804145 -0.5331066
0.5305555 0.5405688 0.4796176
0.3705693 0.0388177 -0.7342321
0.6689969 1.1644391 1.6721321
0.7616312 -0.7987500 -1.4908148
-0.2135762 0.2132331 -1.6754239
1.0569288 -0.5068185 -1.2865871
0.7184909 -0.8027118 0.8643366
0.3767773 0.1607294 0.1607109
0.6037599 -0.0033781 -0.8816825
0.6554533 0.0389963 -0.5663567
0.8002015 0.4543475 0.4228928
0.6722766 0.5042682 0.4804721
0.6326118 0.2303202 -0.9170367
-0.0385818 0.5105024 -1.3015877
0.6397113 0.3493111 -0.6994346
0.4899379 -0.3625818 0.7255686
0.7176261 -0.7285526 0.6428580
1.4668715 -0.2708284 0.8934080
1.2782154 -0.2139063 1.1070718
0.6424909 -0.3559919 -0.2689524
1.4595715 -0.1815720 0.5872070
1.4937197 -0.1710624 0.5561059
1.5560484 -0.3242656 1.0595711
0.6285844 0.4953998 0.9004279
1.5456845 0.0039874 0.9858953
-0.9052980 0.2552366 -2.3825707
1.2454159 0.2267637 0.5723006
1.5111203 -0.1210132 0.5391766
-0.0127591 -0.2246511 -1.9287434
1.2523520 0.0878740 -0.7356511
0.5882871 -0.6210582 -1.7012098
0.4219560 0.1292417 -0.5284218
0.0156703 -0.9008772 -2.8554606
1.5562859 0.3273659 -1.0811391
1.5258062 0.4897462 -1.4214698
0.8816794 0.3316793 0.5805918
0.9446993 -0.6575264 -1.5113819
-0.4466639 0.3978988 -2.1395149
0.1783238 -0.5675942 -1.1574231
-0.6202838 0.2107958 -2.1063101
1.0361693 -0.2452650 -0.5271074
0.7904026 -0.0412610 1.1217366
0.6087283 0.7080932 0.5245594
0.5786534 0.4444849 0.7266938
0.7224214 0.3576243 -0.0441707
0.6241682 -1.3476354 0.3097661
1.0603129 0.1013004 0.3901777
0.9632048 -0.6342039 0.3098288
0.8899100 -0.2751912 -0.1661464
1.3378496 -0.2538373 0.7423877
0.3598848 -0.5858511 0.0075583
0.5151166 0.3572846 0.5646282
1.3984162 0.4056488 -2.2245562
1.5270448 0.4225476 -1.1461741
0.9669293 0.7511193 -0.3230510
0.9617258 -0.4069698 0.4677951
0.9435706 0.2142466 0.6931185
1.0597510 0.1560056 1.9273783
1.5709996 0.4721679 -1.6370999
1.6830486 0.6073959 -2.9633408
1.2862129 0.1280267 0.7298923
0.7135474 -0.6439822 -1.1660864
0.2292003 0.4492772 -1.0027117
0.7386279 -0.4964141 0.8874229
1.5341041 0.2642757 -1.5911468
-0.3917744 0.2319473 -1.7904979
0.3375325 0.1108144 -1.1943282
0.0736744 -0.5517484 -2.0495903
0.8900455 0.3343025 0.5545747
-1.0315210 0.3241875 -2.4187586
1.0188092 -0.2642770 -1.0161586
1.1984620 -0.3558308 1.0629591
1.4868125 0.0074380 0.6042881
0.3478983 -0.5198983 0.0468201
0.7206988 -0.7080444 0.6459617
0.3642208 -0.4921439 -1.8420155
1.6479642 -0.0016621 0.7816659
1.4180205 0.0328134 1.3738730
0.8877812 -0.3333153 -0.5661069
0.7494665 -0.8526635 -1.4601349
-0.5553737 0.4546230 -1.9358873
0.7090868 -1.2298257 0.4508471
0.7310362 -0.0065810 1.1100326
1.1309135 0.3552947 -0.6938003
-0.0232601 -0.6911950 -1.5861361
0.7236839 0.3130900 1.2354088
0.0610834 -0.6700438 -1.3507109
0.2456093 -0.4544389 0.1095977
0.2233669 -0.0998705 -2.1209302
0.6472463 -0.0493926 -0.5256151
0.8718546 0.7024807 -0.0497290
0.5973514 0.7988027 -0.0844943
0.4623896 -0.7133037 -0.9527615
0.6237937 0.8092304 -0.0677190
0.7193351 -0.2032604 0.7230068
1.0398518 0.3305109 -0.6223512
0.1380899 -0.5507056 -1.8115941
-1.5308447 0.6562196 -2.6158273
1.3485383 0.1361756 1.0122918
1.2458644 -0.2993688 1.5183381
0.8123975 -0.1742365 0.9266397
-0.0618214 -0.6322192 -2.8509090
1.3020995 0.5041969 -2.3668315
0.5935721 0.0796265 0.7572900
1.5445366 0.4345217 -1.7737720
0.5118136 -0.9128961 -1.2039000
0.7133839 -0.8845662 -1.4062626
0.1839847 -0.6574842 0.3683628
1.1975768 -0.0674006 1.2761962
0.6130459 0.0371475 -0.5245596
-0.2028934 -0.6058937 -2.6422367
-0.0187838 0.5292315 -1.3479404
-2.1515324 1.2441033 -2.6113403
1.3636518 0.2588607 -0.8509466
0.6502113 -0.8104702 -1.4176660
0.0389956 -1.0932065 -2.9240263
0.9657217 0.0413984 -0.1723360
-0.0972287 0.3290049 -1.7649224
0.4662061 -0.4138939 -0.0218622
1.2853407 0.1275449 1.2118193
0.1744391 0.1167390 -0.9627456
0.8529552 -0.2402650 0.3791790
0.5182334 0.4158958 0.0632490
0.1939681 0.0740438 -1.0188340
1.0989767 0.2796107 0.4400809
0.6799653 2.2011738 2.2417223
0.7190413 -0.3232165 0.7176783
-0.2755006 0.2923691 -1.5381382
-0.9925791 0.3801209 -2.3457448
0.6890237 0.3675289 -0.9231999
1.6723875 -0.0342409 0.6964596
1.1101125 0.5905814 0.1854542
0.4142508 -0.0924227 -1.1732210
0.4365684 -0.3075319 -0.3692502
-1.9110663 0.8473218 -2.8460150
0.8054472 -0.3083588 -0.8282323
-0.0901391 0.4849747 -1.2896502
0.6606085 -0.8627892 0.8658959
0.6207564 0.4454492 0.5284421
-2.1059630 0.9623970 -2.5365076
0.3898417 0.0912684 -0.2544123
1.0903492 0.1756051 0.0911292
0.4600151 0.0452026 0.6968802
0.2977412 -0.7752414 -1.3950275
0.6858832 0.0171794 -0.5234281
0.9403085 0.8366955 -0.6500860
1.3516562 0.0270401 1.0892668
0.7377393 0.3824877 -0.6465676
0.9726014 0.6530617 -1.2289308
0.4675318 0.1943940 0.1509549
0.1445531 -0.6469501 -1.7403903
1.2700473 0.5516723 -2.3446310
0.8789131 0.4201546 -1.1286565
0.8391311 0.0430073 -0.4866881
0.7052491 0.1461040 0.9030492
0.7397245 -0.6474811 0.8504079
1.4205159 0.3107947 -0.8235911
0.3862533 -0.0672170 -1.4489489
1.6392109 0.6430092 -2.9813650
1.4976169 0.3130029 -1.7634211
0.7031979 1.2370952 1.8403053
1.0369180 0.0069603 -0.0673157
1.1770829 0.5583595 -0.7777669
0.8332320 0.2836865 -0.4772099
1.5606843 0.4741140 -1.6203557
0.3424062 -0.6551214 -0.9551153
1.2420557 -0.2826996 0.7963715
-2.3252146 1.2356737 -2.7114534
0.4094521 -0.2714360 -0.8796862
0.7070276 -0.2447484 -0.5728039
-0.0989479 -1.0158368 -2.9518566
0.2145262 -0.7719973 0.0218335
0.3613597 -0.2754960 -0.9018013
0.2652256 -0.1696236 0.5004978
-0.2411088 0.2940916 -1.4824879
0.7537256 0.5292219 0.5581501
0.1017861 -0.2905054 -1.4078666
0.0931650 -0.6706576 -2.3196864
1.0271955 -0.2128046 -0.4628379
0.8936122 0.3207106 -1.2690508
0.8645551 -0.6595251 -1.3949221
1.0017178 0.6487359 -0.3446882
-2.0578783 1.1301930 -2.8911006
0.9849822 -0.5187911 -1.3535756
0.9537774 -0.6646789 0.6987071
1.2500365 0.4415676 -1.5413259
1.1711866 -0.1025122 -0.8089876
0.8843238 -0.4680012 0.0914076
1.1039469 -0.0427315 0.0483249
1.0999987 0.2157047 -1.2513262
1.3731039 0.1907433 -1.6900326
0.7058076 0.3836284 0.9161356
0.3996341 0.2551638 -0.5848627
0.9678310 -0.5580751 -1.2336564
1.0059396 0.6539037 -0.1016230
1.0340499 0.1609619 1.0071002
0.8982611 0.8838543 -0.9448839
0.6030615 0.4201740 0.4296065
1.0598137 -0.2336424 1.1053960
1.1044978 0.2733023 -1.2435852
-0.5509266 0.2154413 -2.0863583
1.2443627 0.6050628 -2.7066407
0.9957021 0.0264112 -0.0941990
1.6452684 0.3994324 -1.2808264
-0.2796682 -0.6544291 -2.9742489
1.3849303 0.1349115 1.2690337
0.7424231 -0.4263227 0.8656561
1.0638652 0.1731080 1.8807936
1.4088058 0.1517529 1.1971076
0.4595042 -1.2747719 0.3029526
1.5360928 0.6524807 -2.6808636
0.7889722 0.2770295 -0.2870636
1.8383573 0.7389955 -2.9690280
0.2353070 -0.4792602 -1.8141965
0.9780485 -0.5924206 -1.5020974
0.7974405 0.2961411 -1.1717933
0.8601030 0.8411978 -0.2394807
0.7585210 -0.4162471 -0.2694606
-0.0545716 -1.0520915 -2.9250987
0.4008579 -0.7421495 0.1727170
-0.1362848 -0.7266768 -2.9611025
0.2249648 -1.1179698 -1.6054710
0.4501189 -0.1551299 -0.6334045
-0.1809576 0.3713365 -1.3201655
1.3692882 0.2761925 -1.8096992
0.7329137 -0.1964496 1.0349948
-0.0815707 -0.8366382 -2.8384814
0.9241816 -0.6541682 0.4088908
1.3515142 -0.3382772 -1.5406481
0.3915151 -0.8227629 -1.7658768
1.5169790 0.5337250 -1.4500299
1.1105741 -0.3063634 1.7487464
-0.0083766 -0.6529977 -2.2239702
1.1352936 0.2649410 0.2339379
0.7006319 1.4123256 1.7757483
0.1482333 -0.2121548 -1.9208164
0.7064558 0.3244558 -1.0202413
0.3340853 -0.2025627 -1.0466594
0.7137008 2.1087370 2.2524304
0.6650728 -0.9451522 0.7561332
0.8530822 -0.6873004 -1.5162101
0.8763084 0.1316547 -0.4419544
-1.2521342 0.5196735 -2.4624891
-2.2143564 1.0762244 -2.5253205
-0.3056080 -0.7361713 -2.9072320
1.4263330 0.6836681 -2.3963616
0.1308803 -0.5976807 -1.6147807
0.8678403 0.3943196 0.0137852
-0.0781653 -0.7090713 -2.7229662
0.6666349 -1.4319390 0.3947190
1.4753890 -0.2169821 1.1066766
1.6321597 0.2216953 -1.3049006
0.2998534 -0.0776416 -1.7315893
1.1182970 -0.3899567 -1.3490186
0.2324673 -1.0893899 -1.5636801
0.5921974 -0.5208240 -1.5598688
0.4771940 -1.1249043 -1.6541849
-1.6074848 0.6395245 -2.6637723
0.5865035 -0.9860251 -1.5898935
0.2196251 -0.8603017 -1.3455656
-1.8916947 1.1388217 -2.6209924
1.0714027 0.1743595 0.4585594
0.8636014 0.7540261 0.0499790
-2.5466230 1.2241864 -2.6579993
0.4856347 -0.9450588 -1.5132762
0.6751920 -0.4965357 0.1760333
1.3087174 -0.2168348 0.6642861
1.0209798 0.6955723 -0.3718497
1.1721183 -0.0662076 1.3113865
0.8643941 0.7745017 -0.1837031
0.6898633 0.3747348 -1.0430077
0.6557942 -0.6885704 0.8073215
0.8121288 0.6423953 0.2642661
0.0203142 -0.2852517 -1.8413060
1.0147603 -0.0214892 0.6489388
0.3861326 -1.0941373 0.1149577
0.9940343 -0.6018994 -1.4391247
1.3312159 0.5725179 -1.0023572
0.6815382 -0.3388112 1.0171564
0.9566267 -0.6537182 0.7182301
0.3039521 -0.9237164 0.0864733
-1.5024524 0.7292833 -2.7075379
0.5120284 -0.5682734 -1.6510136
1.2456052 -0.3516119 0.9852396
0.9268712 0.5002682 -1.1510736
0.9918815 -0.3295855 0.2169382
0.9460378 -0.3177191 0.0071216
0.2096177 -0.5720437 -2.0810683
0.8463874 -0.3253908 0.3702944
0.6721069 0.2055064 1.2218910
0.7246140 -0.1019506 1.0099750
0.8015922 0.7968245 -1.2704382
1.1131549 -0.0351454 -0.6833128
1.1217031 0.2151298 0.1299168
0.9968591 -0.2548691 -0.4652108
0.8660718 0.6640162 0.1334866
1.3115327 0.2644213 1.3151215
0.2947206 -0.0743958 -0.1423098
0.8378751 0.8997690 -0.2764844
1.1040362 -0.2041776 -0.7661853
0.3969157 0.1018513 -0.6402845
0.4532474 0.0311869 -0.7159420
0.7000148 0.3031389 -0.2467486
0.6187297 -0.5514333 0.2530064
1.1762236 -0.2379867 -1.1883788
0.0339071 -0.7851188 -2.9124496
1.2167585 0.0760174 1.5043672
0.5506055 0.4240012 0.1356182
0.7204467 -1.3553922 0.4448187
-1.7442188 0.8551168 -2.6747169
0.6552174 -0.1386541 0.7493166
0.9825329 0.2387353 -0.7707148
1.2722673 0.0782818 -0.8694576
0.4497754 -0.9068512 -1.4364001
1.2440472 0.0490574 1.0845550
0.9930938 -0.1891977 0.3811813
0.7885180 -0.1734470 0.8767073
0.3849815 -0.0634020 -1.0677189
1.1351206 0.2281853 -1.2928022
1.5883265 -0.3931128 1.1496482
0.9224686 -0.4408851 0.0591786
1.5405192 -0.1980850 0.5925500
0.9000874 -0.5706022 0.1883401
0.7787458 0.5534688 0.6125632
-0.6760626 0.4389334 -1.9332640
0.1913880 -0.4142304 -1.9823390
-0.1152312 0.3275159 -1.7902517
0.6850895 2.0874817 2.2543263
0.8448630 0.0009062 1.2537690
0.7369221 -0.4432125 0.9393248
0.5441706 -0.0291431 -0.9081117
-1.0863280 0.3285244 -2.5162597
0.2241889 -0.4288390 -1.0437201
1.3668902 -0.0146592 0.2383347
0.4376532 0.1691646 -0.3116586
0.2875418 -0.9402422 -1.2710685
-0.0503666 -0.5816705 -0.0301114
0.5124526 -0.9443077 -1.4718281
0.1450332 -1.0854138 -1.4973975
-0.4625202 0.4473028 -2.1244059
-0.1111107 0.2654288 -1.7124354
0.0837785 -0.5236459 0.2663733
0.7348179 0.3465812 -1.0730426
0.2175310 -0.7585817 -1.6024301
1.5448174 0.2231963 -1.5568807
0.6996452 -1.0088320 -1.7602693
1.4875849 0.5320525 -1.6407027
0.3125146 0.1495965 -0.7341781
1.0910459 0.0298477 0.5514436
-1.8875431 1.0776041 -2.5606120
0.4619514 0.1780163 -0.1406193
0.9483066 -0.2076383 0.4557965
0.4316387 -0.3320303 -0.3858850
1.3464061 0.4976543 -2.4135730
1.2766465 0.0895365 -0.7112976
0.7722682 0.3922031 -0.8877941
1.3467568 0.6543970 -2.4057403
0.1886507 -0.6002563 0.0342847
0.2344905 -0.9008773 -0.0206816
0.6420702 -0.7988670 0.6552503
-0.1112764 -0.6219267 -2.4628432
0.7038215 0.6499560 0.2287631
0.6837949 0.6594502 0.2990676
1.2303598 0.1242750 0.2841875
0.5126973 0.6130158 0.1009416
0.7240935 -0.5026263 -0.5551457
-0.0127546 0.5191246 -1.3071494
1.4912843 -0.1076905 0.5405291
0.7434500 -0.3112730 0.9519846
1.0163356 -0.4362167 -0.9029480
1.1388003 -0.0525206 0.6834378
1.4168826 0.5416408 -2.0235426
0.9983639 0.4426868 0.0765146
0.9792610 -0.0625764 1.2014655
0.5043524 0.4295097 0.3581592
0.8000102 -0.4323209 -0.5038689
0.9979168 0.1470463 -0.3264556
-2.1137547 0.8834524 -2.5307710
0.6908028 0.0481325 -0.6078534
0.1885803 -0.8026590 -1.3130293
0.9471261 -0.1086514 -0.1367130
0.5603907 -0.6825327 0.1813153
0.5109767 0.2769662 0.4567422
1.4299928 -0.1138048 1.0756987
0.6023499 0.8572674 -0.1558581
-2.3532834 1.0068470 -2.6522231
0.5529189 -0.5486315 -0.0083352
0.1713314 -0.3728909 -1.1168770
0.9205225 0.3633298 -1.2726007
0.6381662 -0.4987734 -0.5380684
0.5649044 -0.5205343 -1.7002532
1.3218690 0.6915635 -1.0975410
0.6043558 0.2013011 -0.6916718
1.4367884 -0.2730822 0.9456393
1.0717810 -0.2059197 0.0828274
0.0950529 0.1080389 -1.1714545
1.1550435 0.4019221 0.5932019
-2.6147530 1.2494328 -2.6238940
0.7545295 -0.7718547 0.7132545
1.2628162 0.0794906 1.5404497
0.4274626 0.1313116 -0.5349234
1.1147143 0.6825378 0.5769266
1.7696171 0.6887706 -2.8998065
0.6555657 0.3118655 -0.2224150
0.9447308 -0.5892808 -1.2818872
0.7634520 0.2197279 -0.3897001
-0.1930795 -0.5622457 -2.8241458
0.2866825 -0.8849582 -1.3187178
0.5246200 -0.7095152 0.3650658
0.9151765 0.4181790 -0.6062326
0.8905718 -0.6143118 0.2417131
-2.0846550 0.8213436 -2.5785446
0.2079738 0.1652182 -1.3321898
0.4768402 -1.2191365 0.2166222
1.1104628 -0.1122716 0.2546798
0.7948971 0.6287795 0.2542385
1.3120178 -0.0289638 1.1207384
0.2640658 -0.1475695 -1.8512745
-0.0538567 -0.2537003 -1.9735162
1.1931450 0.1898663 1.1426744
0.6226113 0.0965155 -0.5143290
1.2970672 0.2584037 0.3977405
0.8279742 0.7210166 -0.1349225
0.0571141 0.5129418 -1.2965704
1.4009894 0.1096069 -0.9675185
-0.0357639 -1.0358536 -1.6249194
0.3616851 -0.1217552 -1.6197908
1.3875149 0.4221296 -0.8086973
-0.0052469 -0.9127860 -2.9405262
-0.0558458 -0.6306193 -2.7856848
0.3516765 0.2925542 -0.6985996
0.6753389 -0.3933166 -0.8060464
0.0338087 -0.6790856 -2.2239990
1.4103496 -0.2507372 0.9824789
1.3182011 -0.3855172 1.4254572
0.0101378 -1.0996755 -2.9098942
0.8651623 0.1335497 -0.4560902
-0.1454268 0.2063457 -1.4812527
1.0329748 0.0594745 0.4950929
1.2689981 0.2937207 -0.8700868
1.3450854 0.5533883 -2.4869277
0.7625952 -0.8814149 -1.5774114
0.4934545 -0.2223471 -0.6117808
-1.9832397 0.8071789 -2.8468399
1.3191977 0.1530170 0.8816429
1.3922206 0.0839193 0.2791052
1.2114047 -0.0800380 1.3870336
1.5597957 0.0389203 0.7820256
0.6843490 0.6109192 0.8908797
0.9220289 0.8111666 -0.4306598
0.8875105 -0.3466187 -0.0029789
0.2826753 -0.4417616 -0.9609055
0.8632473 -0.2200534 0.9325724
0.6105946 -0.4770624 0.6213057
0.9636621 -0.4760997 0.2312582
0.1233940 -0.3437628 -2.0542958
-0.7192426 0.4408056 -2.3567288
0.9464343 0.2933830 0.5380458
0.2191870 -0.7688730 -1.4446701
0.4675525 -0.4048978 -1.3790431
0.5703402 0.2325312 -0.3845949
0.4406033 -1.0863405 0.1447438
-0.1003987 -0.4131490 -1.7396324
0.7384463 -0.1662987 -0.9780707
0.6584315 0.5939871 0.4018481
0.6876903 0.6694602 0.3204774
1.0041171 0.3973814 -1.3541348
0.6614003 0.4096788 0.4724516
0.6893286 0.3306652 -0.7700047
1.1862638 -0.3974465 0.9544316
1.4148145 0.2245894 0.2341278
0.3524643 -0.6572862 -0.0287375
1.5751308 0.0046294 0.5842814
0.3392484 -0.1294028 -1.3756818
1.3201176 0.5123760 -1.5957747
0.8380440 -0.6649923 0.3128875
0.0746601 -0.7117749 -1.3498319
-2.4699831 1.0941298 -2.6517062
0.9630594 -0.7378255 -1.0039217
0.1543745 -0.8732342 -1.3915603
0.4002071 -0.0672145 0.6865964
1.0902554 -0.3966931 1.1387947
0.5022513 0.0464782 -0.6745238
1.3370742 0.0408750 1.0323839
0.5003858 -0.1803359 -1.0955602
1.4711173 -0.2563680 0.7382498
0.7681391 0.4243203 -0.0298368
-2.4689679 1.2586277 -2.6858089
0.9817696 0.1250456 0.7073326
0.3004473 -0.6691034 -1.0048070
0.0044582 -0.6655259 -2.2429183
1.0419159 0.7864034 -0.9916973
0.7160596 -0.2537431 0.6845207
-1.4297049 0.5630855 -2.7432842
0.4390320 -1.2415270 0.2469463
0.6754824 0.2170051 -0.3964256
0.9799657 0.5873124 0.5782390
-0.1656091 0.2703762 -1.8035837
1.2724288 0.1986258 0.2751804
1.3955382 0.6384916 -2.1635029
0.0905142 -0.3061309 -1.4181432
1.3600781 -0.2750768 0.8651639
0.7219481 -0.5035453 -1.1497363
0.9033564 0.3268937 -0.9406871
1.1129142 -0.4259161 -1.0996442
0.7186720 1.5449048 1.9262197
1.4771525 0.6393988 -2.2879078
1.0740412 -0.0353361 1.2625042
1.5565504 0.2916904 -1.0161206
0.0637123 0.5388234 -1.4317049
0.8527775 0.8375038 -0.3741531
0.6867406 -0.3738236 -0.7809773
-1.3720565 0.5781453 -2.5657632
0.9991871 0.1247261 1.2422236
0.7447214 -0.8506668 0.7552919
0.8928128 0.2508390 -0.4103353
0.9005258 0.2613840 0.7068873
0.6614587 0.2937489 -0.5413523
0.4517177 -0.2205164 -0.8029749
1.3267791 0.2317986 -1.6018616
1.2851272 0.4444601 -1.5706701
0.8713023 -0.4028344 -1.0441817
0.9261922 0.7678688 -1.3630799
0.7137050 1.6981549 2.0867548
1.1902164 -0.2444931 1.5203787
1.3125392 0.4863451 -1.9012598
0.1389581 -0.2256284 -1.7716943
-0.1570463 -0.5918764 -1.8218441
1.0067531 -0.5063056 -1.0971278
1.4059179 0.2085526 -1.5427957
0.5096439 -0.5799414 -1.6392952
0.1246083 -0.6000561 -1.6290802
1.3457594 0.2034073 1.3945589
0.1976697 -0.5470823 -2.1255093
0.8324451 -0.6745569 -1.4212843
0.3953002 0.0646621 0.6084858
1.2716590 -0.3019815 1.0210081
0.6870146 -0.5154288 0.7956324
0.8191276 -0.5891747 0.4617608
-0.6776361 0.3533012 -2.0206380
1.3117640 -0.2168196 0.6596847
0.7445834 0.2434189 -0.9557697
0.8243044 -0.5915892 0.3940377
0.3592189 -0.2651499 0.0389404
0.4631673 -0.0719341 -0.7361460
0.9129552 -0.5446358 -1.0528103
0.3313283 -0.5653180 -1.1840848
0.2324481 -0.2647035 0.1843446
0.6370808 -0.9030466 0.7334708
0.6363207 -1.0786636 -1.8359845
0.8999192 -0.5784506 -1.1881658
-0.1232584 -0.7420578 -2.7902133
1.5435293 0.0551424 0.8855726
0.7297506 -1.3185166 0.4484544
0.1265061 -0.5535833 0.4096957
1.1194482 -0.2651188 1.5750394
-2.2603800 0.9121759 -2.7474601
-1.0282795 0.4461809 -2.3670065
0.4313391 -1.0755665 -1.4669347
0.4229215 -0.3067364 -0.3178272
0.8470870 0.3844933 -1.0264301
0.2960436 -1.1974804 -1.6603875
0.4583088 0.3259152 0.5837837
0.8916838 0.6834061 -0.0607317
1.4633940 0.0974246 0.8564160
0.7432141 -0.7738173 -1.4215351
0.9276568 -0.0132492 1.3408213
0.7394137 -0.4686657 0.9092476
0.8857948 0.8445526 -0.3700756
1.0569654 0.6556753 -0.9024664
1.0111122 -0.2041365 0.1127620
1.1504680 0.4857740 0.2814024
0.1255360 -0.9208794 -1.3657130
-0.0284523 -0.6322008 0.0523482
0.4324588 -1.1395874 0.3224199
0.2762187 -0.9155495 0.1750595
1.2661690 -0.0976255 0.1493878
0.6626192 -0.4490243 0.8710232
0.7183362 0.5076948 1.3906244
0.6422754 0.5108300 0.3969442
0.9211026 0.3759156 -1.1812450
0.3662066 -0.0507080 -1.2514789
1.4716518 0.1723728 -1.0109184
0.9489183 0.7652682 -0.9658128
0.9829881 0.6799592 -0.3205246
0.6636696 -0.2475653 1.0052564
0.1152619 -0.9402617 -1.3954164
0.8033370 0.4202825 -0.8785830
0.3923249 -0.2364639 -0.9956185
0.5867818 -0.4038024 -0.0680790
0.9176624 0.7648711 -1.0722653
1.0189847 0.7861570 -1.1431226
1.5118461 -0.0275035 1.0062698
0.9992377 -0.3837732 0.2438802
0.2327999 0.4078949 -0.8904924
1.2246898 -0.2273055 -0.9594158
0.5534763 -0.1487650 -0.4791109
1.0745707 -0.2200078 -0.7091211
-0.1317983 -0.6400203 -1.5910753
0.7100804 1.9563888 2.2303753
0.8681373 -0.6828513 -1.4801078
0.8504400 0.6210343 0.3453782
0.3113296 -0.0602433 -0.8866733
0.6577634 0.2618885 -0.9321223
0.2452376 -0.7107925 0.3153358
0.6863164 -0.3986259 -0.3882653
0.1513772 -0.2200095 -1.7230045
1.2950828 0.4214356 -1.4923524
0.7739460 -0.2988121 0.5819269
0.6976500 0.9655563 -0.1398521
1.1002947 -0.2360196 -0.5193775
0.2974791 -0.9657182 0.0392377
1.3137982 -0.2744574 -1.3146126
1.4797517 0.0841600 0.9665841
0.3284032 0.1249677 0.0856920
1.0327774 -0.0970307 0.5802086
-0.0808430 0.2463093 -1.6288780
1.1261865 -0.0122377 -0.6947351
0.4670145 -0.7500553 -1.7375894
0.9671853 0.2094001 -0.4923283
1.2836182 0.5377888 -2.0247483
0.3432745 -1.0595988 0.2637095
0.9774551 0.7694355 -0.9060275
-2.3857844 0.9916853 -2.6308436
0.7283333 -0.2127856 0.7124417
0.8498093 -0.5126339 0.0719636
0.7286333 -0.8148047 0.7782773
0.6604496 -0.5682378 -1.5673832
0.6901431 -1.4677738 0.3275118
0.4677333 -0.0022725 -0.4434530
0.7398088 -0.1908067 1.0014055
0.2318939 -0.0736847 0.0783049
0.6128421 0.2983786 -0.0208950
0.1534232 -1.0123719 -2.9527194
-0.0815980 -0.6013166 -1.6112505
1.2563058 0.1478014 0.5508719
-0.1128015 -0.4419057 -1.9367013
0.4985854 -0.5500253 -1.6497310
0.5242652 -0.4456871 -1.6965134
1.1391193 0.3898349 0.2933248
-0.1405684 -0.5566244 -1.6011330
-1.7190126 0.7856856 -2.6662827
1.1910626 0.0389825 0.0179665
0.1526295 -0.7443268 0.0594943
0.4739029 -0.9952037 0.2501720
1.1348428 0.0865194 -0.7692986
0.9648139 0.8738739 -1.1598200
1.2701570 0.3038079 -1.6903838
-0.0720133 -0.6678058 -2.9703462
0.9365720 0.4529343 -0.9998312
0.5011946 0.5045670 0.1262600
0.1249246 -0.9138765 -1.3586437
1.0100901 -0.2052736 0.7725541
1.1921084 -0.2537511 -1.1997000
0.7103730 -0.0010064 0.9760057
0.8700784 0.4897769 -0.7824903
0.5562040 0.1172800 -0.4685415
0.7042004 0.0627972 -0.8821415
0.7069376 1.7713914 2.1721361
0.3629025 -0.2592361 -0.0103194
0.5017114 0.2227999 0.3676852
0.0215263 0.3681907 -1.0228732
0.4653644 -0.5852355 -1.7695997
0.9114259 -0.0632579 1.2080643
1.3526651 0.2337129 0.2470561
1.0571058 -0.0440111 0.5070670
0.8994491 0.8813457 -0.9309188
1.2655150 0.6564426 -2.6639926
1.5752317 0.1613130 -1.2186083
0.4324453 -0.3035087 -0.2296925
0.2102328 -0.4685056 0.1206865
1.0229698 0.6840181 -0.3906643
0.7991148 -0.5464406 -0.6881307
-0.1113694 -0.3146476 -1.9521716
-2.3938484 1.2620711 -2.6332166
-0.0864585 0.5364794 -1.4436531
1.0834628 0.0413150 -0.7499369
0.6490508 -0.6259972 0.6523520
0.8938602 -0.1736220 0.6064929
0.5404451 -0.1426780 -0.4832289
0.6956003 -0.9338502 0.7923725
-0.9463983 0.3979008 -2.3065722
1.0557945 0.2989750 -0.5250470
0.0769050 0.2523908 -1.4966478
1.2776552 -0.2845378 1.3663833
0.2039841 -0.6690631 0.1703824
0.7071989 0.7436064 -0.4582654
0.0811908 -0.4963928 -1.3669879
0.2639896 -0.1778013 0.1302938
1.4961549 0.1356057 1.1680201
0.7000675 -0.0467801 1.1666294
0.5421218 -0.4951885 -0.5483068
0.2308644 -0.1823699 -1.6385666
0.7223125 -1.2349341 0.4101245
0.6609183 -0.0112484 -0.8754096
1.5391830 -0.1637119 0.9790041
1.3271579 0.2175612 -1.6822057
0.2608425 -0.2001287 0.4353092
1.2521080 0.4380351 -0.9819796
0.6568331 0.0885781 -0.7000943
-2.1872201 1.0614046 -2.5027099
-0.2562240 0.2721605 -1.9153452
0.4079701 -0.8391031 -1.2954783
0.7201410 0.1177629 1.2043922
1.1231458 -0.3181233 1.6385912
0.2449953 -0.6901650 -1.2116936
-0.3099652 0.5198316 -1.8396181
0.4181356 0.0608416 0.6448332
0.3971145 -0.7137754 -1.8198569
1.2460270 0.1302569 -0.6203470
1.1003344 -0.1522055 0.3481859
0.7247175 1.7367458 2.0483820
1.0077065 -0.2431464 -0.6271772
1.0631487 -0.0274255 -0.4205148
-0.2451024 0.2534758 -1.5352015
0.9331053 0.2741780 -0.0266789
0.1970782 -0.5549924 -1.1271957
0.9613651 -0.5676363 -1.1427284
0.0685971 -0.8572845 -2.9496205
-0.3388281 0.3204761 -2.0432765
0.0439400 -0.5030152 -2.4598920
0.1037367 -0.2846023 -1.4090418
1.7594857 -0.1643170 0.4717717
0.6590297 -0.5159793 0.7100984
0.0264851 0.3627380 -1.0198230
0.3389599 -0.4460784 -1.1369033
0.2650623 0.0720191 0.0985980
0.7164196 0.8075792 1.4678471
0.2610998 -0.3886622 -0.9718444
0.6237425 -0.9352414 0.6644540
0.5538540 -0.2051622 -1.1669970
1.3525276 0.0438763 0.2211857
-1.9561596 1.1665280 -2.8174915
0.6526001 -0.6910413 -1.0030223
0.3039595 0.2971335 -0.7318624
0.2995509 -0.0013509 -0.2733962
1.3633652 0.1811868 0.5736258
0.2369535 -0.3754089 0.1548605
1.0095595 0.3733057 -0.6192889
1.3027999 0.0884725 1.1391785
0.7095461 1.5135784 1.9661485
1.0365865 -0.1876759 0.2919978
1.2962806 -0.2365725 -1.3368683
0.7072309 -0.0805522 -0.5029562
1.2491559 0.5962478 -2.7394311
1.2133911 0.1830015 0.5292293
1.0111356 0.1531451 1.0444534
0.6832291 -0.1658329 -0.4634430
-1.2664068 0.4005644 -2.5829465
1.0155107 -0.0753311 -1.0004025
0.0040545 -0.3494525 -1.7287103
0.4255395 0.0007665 -0.9421534
1.1348021 0.3109125 0.2187611
0.9835198 -0.6167074 -1.4556919
1.0675017 0.0495742 -1.2045977
0.7232466 -0.7132447 0.8646896
-2.2331624 1.0712055 -2.5042286
0.9038401 -0.5249876 0.5803466
0.8951853 0.8174007 -1.2766480
0.4628167 -0.5725195 -0.8309801
0.2513450 -0.7326239 -0.0908739
0.1618520 -0.5661818 -1.7469544
0.3318536 -0.5924605 -1.4273396
0.5461535 0.3228332 -1.0453197
0.1081208 -0.6636907 -2.3108644
0.2813437 -0.4259199 -0.9554682
0.6213473 -0.5554703 0.2778785
0.7420687 -0.2552893 -1.0391781
0.5144973 -0.4732050 -0.1084970
0.5171270 0.2196776 -0.2082243
0.9467207 0.7224465 -0.2120972
1.3213867 0.2478675 -1.5032138
1.0031127 0.7607005 -1.0069094
0.4584195 0.5079364 0.5481069
0.1687648 -0.4315784 -1.9613680
0.7156900 -1.3733307 0.3790348
1.4901685 0.6047443 -2.9221015
0.7401368 -1.6496634 0.2300518
0.8917121 -0.6215699 -1.2873863
0.7115175 -1.1242282 0.5027449
0.6594761 -0.4079707 0.9144074
1.4166112 -0.4326631 1.2771420
1.3098228 -0.3325147 -1.4037676
0.5349300 -0.6867704 0.2525251
1.4014016 0.4583037 -1.4159405
0.4075347 -0.2486481 0.7765482
1.0630533 0.0389237 0.4359450
0.9793583 0.2095853 0.0588086
-0.6092343 0.4179990 -1.9405085
0.1952389 -0.7075726 -1.6801573
0.8315852 -0.6508130 0.2941538
1.2263520 -0.4379626 0.9068891
-0.1405248 -0.7442830 -2.9658084
0.8836748 -0.0216277 -0.5091726
1.4423227 -0.2155028 0.6449761
1.1382833 -0.2805631 -0.8888423
0.3936338 -0.6080933 0.1279301
0.4008197 -1.2017728 0.2249413
0.8039174 0.2288996 -0.8402944
-1.1412326 0.4683765 -2.4410670
0.9654076 -0.3444701 0.5078904
0.2171355 -0.5132176 -1.1949203
0.5162630 0.5476849 0.1422016
-1.2860100 0.6092713 -2.6227181
0.8035903 0.7141910 -0.1330238
1.3232595 0.4586753 -2.3487058
1.0664476 -0.2472938 -0.4860001
0.7488854 0.4776045 -0.0931793
0.1493314 0.1652810 -0.9593155
1.3047732 -0.1249001 0.1106251
0.9425006 -0.2028516 0.1617226
0.6776955 -0.8910824 -1.5929836
0.3267928 -0.2605187 -0.8319367
0.6562797 0.2084906 -0.9902569
0.5862051 -0.1471492 -1.0868034
-1.5022215 0.5596773 -2.7201898
0.7220888 -0.4636929 -1.1814150
1.1488136 0.2900951 -1.2898664
0.4831609 -0.8541904 -1.2600070
0.5578328 -0.3858428 -0.6236191
1.4624362 -0.3025461 1.1945462
0.6180746 0.1850549 -0.3871575
1.5665163 0.0359672 0.8774245
0.5194126 -0.2801537 -0.5460221
-2.3823934 1.1919186 -2.7094915
0.7287489 -0.4294917 0.7559677
1.1106000 -0.1108098 0.2555264
0.5571098 0.2599798 -0.5136782
-0.5837096 0.3975551 -1.9075857
0.6854895 0.7533746 -0.1056169
1.1075184 -0.1452020 -0.4599885
0.3794077 -0.3020506 -0.9258330
0.6295052 0.1453806 -0.9197765
1.0817666 0.3026310 -0.8673189
0.2509894 -0.4803253 -1.7342565
1.0222149 -0.0277077 1.4566439
0.2745824 -0.3952605 0.1222685
0.5889665 0.8145251 -0.0248071
0.7435197 -0.1940662 -0.5568985
1.0650730 -0.0425802 -0.0437636
0.7256138 0.5661516 1.3792942
1.0926851 -0.3892232 1.6769735
0.8995665 -0.4235092 -0.7338802
1.4416019 -0.2811051 0.8312562
0.3164685 -0.5281381 -1.2459850
0.3163887 0.3973378 -0.8604165
0.8520975 0.6718564 -0.2208125
1.3649844 0.4410215 -1.0823575
0.6669155 -0.5572768 0.3006524
1.0378171 0.0201810 -0.3653698
0.1209169 -0.1666901 -1.6923286
0.1429538 -0.2945396 -1.4727024
1.1735014 0.6013021 0.3348534
1.4738234 0.8812124 -2.9178863
0.4522784 -0.9072751 -1.7277987
0.2157885 -0.3608484 0.1576888
0.1748133 -0.6200802 -2.0233088
0.0804644 -1.0707525 -1.6380843
0.0282042 -0.2838508 -1.8200375
0.8166538 -0.2636234 0.6029577
1.3354846 -0.1067941 0.5839875
0.9804158 0.8456742 -0.4449944
0.6347037 0.7237771 0.5882902
0.3451318 0.1218714 -0.1307717
1.4065521 0.5657313 -2.5747387
0.4742300 -1.0856068 0.1681476
0.6039742 0.3572622 0.0123577
0.8480647 0.6684762 -0.1827473
0.3652823 -0.6659016 0.4483371
0.1718467 -0.5791735 0.2894367
0.9422315 0.2623882 -0.0035531
1.2424663 -0.1100671 0.0893172
1.2939694 0.4607125 -2.3148515
1.7979645 0.5961115 -2.8771148
1.3280537 -0.1802092 0.5964883
1.1281313 0.0661402 -0.5329946
-2.2367759 0.8928861 -2.8144107
0.7052730 -0.4634955 0.7407414
1.1310172 -0.3080125 1.5824316
0.2340143 -0.6663631 0.3709189
0.8720928 0.4874234 -0.7790890
0.6667733 -0.4041850 -0.5660022
1.4465625 0.4332245 -2.0428255
-0.6812274 0.4335989 -1.9625912
0.5282813 0.8937130 -0.0906096
1.7991455 0.6042178 -2.8653965
-0.2350456 0.2398132 -1.5403141
1.0969005 0.2000353 0.1299985
0.5789784 -0.0181178 -0.7429767
0.9091218 0.7301293 0.7577249
1.5352044 0.4999474 -1.6667514
0.9691443 0.1558069 -0.2713258
0.7217129 0.2856998 -0.5460871
0.6626781 -0.4918479 0.8536091
0.9009549 0.7932608 -1.3637198
0.4741328 -0.0990371 -0.6912223
0.8267814 -0.1012721 -0.4535064
0.5205733 0.5039456 0.5465121
1.4347078 0.5573775 -1.3950325
-1.8867335 0.8824110 -2.5840824
0.9231326 -0.0171610 1.2111298
0.5152409 -1.0605515 -1.7048723
0.3379335 -0.5792149 -1.0214342
0.4604477 -0.3476742 -0.1853160
0.6115670 -0.5888452 -0.8583932
1.1526017 -0.0253686 0.2350692
0.5512926 0.7292362 0.1855769
1.2222418 -0.3730069 -1.3098732
0.5219359 -0.4559126 -0.7276377
0.2377952 -1.0191231 -1.3721845
0.4030116 -0.1774933 -0.8040370
0.5084441 0.4867826 0.2489024
0.8309639 -0.4724753 0.3400325
1.0433209 0.0192074 0.4387197
0.5132948 0.0403439 -0.6993840
0.9632528 0.6494870 -1.2322487
1.5288073 -0.0574083 0.5372435
0.1689491 0.4470879 -1.0384982
0.7170876 -0.5420917 0.7692912
0.1590687 -0.2227869 -1.3142247
0.5407789 0.3594613 0.4141196
0.9920371 0.3101162 -0.8637226
1.4344033 0.4262260 -2.0961940
0.6672782 -0.7505482 0.8979497
0.5236062 0.3636938 0.1263608
1.4079657 -0.2779489 1.1716681
0.4341580 -0.3182620 -0.8061498
0.4806084 0.2815680 0.2572565
0.5972242 -0.3949130 -0.6121711
-2.4201949 1.0218270 -2.6600015
0.6789640 2.2242804 2.2313471
-2.2097611 0.9003498 -2.8453047
0.8341194 -0.4799407 0.2577448
0.9174169 -0.5984148 -1.4541788
0.2676347 -0.4472468 0.0940415
0.2260742 -0.3661141 0.5445238
1.1293501 0.3603434 -1.1694641
0.9348032 0.3828499 -0.5816660
0.7875597 0.1989190 -0.8909550
0.9221141 0.3960789 -0.5885468
0.7569023 -0.6759092 0.7287288
0.8922315 0.1911709 0.8370136
1.1817167 0.1072822 0.7848971
0.6312796 0.2273961 0.7810967
0.9941990 -0.1104953 0.7074553
1.4736866 0.5789273 -1.0297878
1.1802130 -0.3574091 1.0391374
1.0190442 -0.5155788 -1.4547943
1.1140521 -0.2522388 -1.1193029
0.4200606 -0.3076303 -0.1735104
1.3455149 0.0819244 -1.3613242
1.0625905 -0.5223415 0.1240455
1.5192150 0.6323738 -2.8077497
0.4086868 -0.0456209 -1.2569822
0.9354345 -0.5243663 -1.3066922
0.6706284 -0.5584168 0.3421307
-0.4102944 0.3462958 -1.6798800
0.7181557 -0.8955798 0.5292264
1.4992598 -0.1490119 1.0010414
1.8573829 -0.0836185 0.4673580
-0.5521876 0.2328015 -2.1567683
0.5387402 -1.0149336 -1.6276914
1.1558714 -0.2883374 -0.9338591
0.6386869 0.1149808 -0.7331426
0.7603194 -0.8043795 0.6619355
1.2721070 -0.2758480 -1.2512450
0.0211838 -0.2786924 -1.6094846
1.0635946 -0.0797989 1.2121831
0.2731774 0.0376181 0.3922229
0.3625337 0.0135603 -0.7169694
1.8383976 0.8159361 -2.9325154
0.2718755 -0.2695006 -0.9505295
-0.2229079 0.2097395 -1.6335671
1.1268655 0.0108653 0.7096910
0.6567624 -0.3696229 0.9289497
1.1473496 0.1727553 -1.3031360
0.1903040 -0.9172809 -1.3305891
0.2156525 -0.1901895 -1.6860129
1.0832474 0.1019332 -0.4677182
1.5669874 -0.0144168 0.5710819
0.7890814 -0.3210464 0.5025123
0.7268503 0.3847030 -0.9283128
0.7448402 -0.4157395 0.8883879
0.8564531 0.2431624 -0.8431581
0.2582913 -0.3682464 -1.0868452
0.0631074 -0.3708111 -1.3938491
1.4494470 0.5487439 -1.3270799
1.2366503 -0.0679758 1.2250963
-2.2681868 1.2272832 -2.5748994
0.1873739 0.2082431 -0.8911566
1.4181978 0.0443764 1.0406777
0.9210430 -0.0062574 1.2881862
0.9416622 -0.5067161 0.3099151
0.6896560 -0.0881096 -0.5045468
0.5706201 0.7349929 -0.2865880
0.7800688 -0.1784261 -0.9356926
-1.5846286 0.7197776 -2.7705524
-2.1690664 0.9148782 -2.8536005
1.9645858 0.7633951 -2.9369216
0.2908094 -0.5750512 -1.5273594
0.3609699 -0.3803822 0.0663095
0.7297727 0.3763261 -0.8123974
1.0573987 0.1203121 1.1154586
1.4590628 -0.1744264 1.2330751
0.6932080 -0.6310487 -1.0629174
0.6556433 -1.8408815 0.1416013
1.0867180 -0.5170422 -1.6083502
0.3534793 -1.1784747 -1.6028101
0.6454190 0.7158328 0.2401311
0.6940480 0.3303955 -0.1857793
1.1036597 -0.0416644 -0.7675315
0.5808381 -0.1090884 -1.0288645
0.7453237 -0.3984983 -0.5772360
0.7365400 -0.4865534 0.6847840
-1.9779538 0.9922190 -2.9044490
1.1195811 0.1370332 -1.2866789
0.7807882 -0.1733525 0.6226983
1.5006593 0.6727456 -2.5086145
0.6889915 2.2054858 2.3170054
1.3182538 0.5897400 -2.5763206
1.2976282 0.3911679 -1.4930832
0.8081217 -0.5150448 0.1581945
0.6572533 0.3561109 0.5304004
0.8531988 -0.4347545 -0.4047702
0.7452716 0.5466151 0.5390736
0.7130036 0.7701911 -0.4236355
0.8038634 0.8093923 -0.5048575
1.1344714 0.0112621 -0.0106322
0.3129630 0.3310148 -0.7615554
1.3214769 0.0655857 1.1080765
0.9899307 0.1462659 -0.2843104
1.4502381 0.3657176 -0.9807816
1.2139969 -0.0275272 0.0361228
0.7049670 0.3802719 0.8909293
1.0228317 -0.4181255 0.5109316
0.7731794 -0.8673800 0.6148360
0.4078104 -1.2083734 0.2504229
1.1838169 0.0893572 0.0713873
0.3594105 -0.1151513 -1.6501499
1.0116417 0.2692877 -0.8111244
0.4016692 -0.9806130 -1.4009743
1.3017434 -0.2368677 -1.3649930
0.3377659 -0.3036102 -0.8015131
1.0007137 0.4800577 0.0604603
0.3767831 -0.2701186 -0.4271936
1.3449961 -0.2635382 0.8152739
0.4823738 -0.0681585 -0.8981574
0.6754960 -0.7793605 0.7976254
1.2413156 0.4867684 -1.5291388
-2.2220554 0.8933317 -2.7847984
0.7421968 0.4173779 -0.9188848
0.7098570 -0.6930906 0.6316565
0.5100635 0.2506654 0.6267442
-0.0921259 -0.5979720 -1.6242166
1.0492887 0.7934658 -0.9945189
0.7249550 -1.0944687 0.5261253
-0.5701284 0.3325123 -1.9014329
0.7074932 -1.8125036 0.1104228
0.4403066 -1.2425385 0.2451257
0.3288925 -0.2692546 -0.2104161
1.5993127 0.4062527 -1.2088537
1.3349838 0.2122871 -0.7486190
1.3137670 0.4112246 -1.3642396
0.2924048 -0.9144524 0.1430098
0.2510979 -0.1719595 -1.0929077
1.2586162 0.3312935 -1.5634292
0.9774170 0.5302191 -0.7376355
0.7722847 0.4289756 -1.0338995
1.0359935 -0.0126611 1.4242213
0.3159951 -0.0736974 -0.3259768
0.8218663 0.9365503 0.7240747
0.2698067 -0.1765356 0.3860617
-0.5102608 0.4468688 -1.8543611
1.0981886 -0.5113875 -1.3962138
0.6973251 1.1190563 1.7798851
1.0290128 -0.0616167 0.3200744
1.2911701 -0.2203793 1.0535392
1.4416589 -0.4531201 1.2086626
1.2476058 -0.0076222 -0.0023970
0.1293646 -0.2255939 -1.8868593
1.0442845 0.2819093 0.4602252
0.4028725 -1.0948309 -1.4735914
0.1610399 -0.3540854 -2.0361485
0.0958045 -0.2433818 -1.8216016
0.7741674 0.5798464 -0.2435219
0.2318028 -0.2445647 0.2675643
0.1089515 -0.3563262 -2.1204727
-0.9864755 0.4461750 -2.5694680
0.8097144 -0.4113615 -0.0294024
1.1976819 -0.2334514 1.0678627
-1.4956255 0.5499372 -2.7086115
1.4145631 0.1735559 0.4158323
1.3095357 0.3433081 -0.6949729
-0.7945189 0.2345331 -2.2514033
0.2359503 -1.0163103 -1.3704717
0.7094833 1.5048972 1.9617500
0.5754815 0.3659636 0.0305802
0.0543476 0.3846918 -0.8659710
1.4536104 0.4826528 -1.1733940
0.8370647 0.8002711 -0.0740792
0.2815226 0.1016403 0.0701507
1.4595351 -0.2838558 1.3230594
0.9659960 0.5660540 -0.9760108
0.8040766 -0.5480769 0.1376106
0.7420087 -0.5982279 0.3269436
0.5607054 -0.4479591 -1.4739592
1.5976446 -0.1508589 0.5409816
0.6915474 -0.9707496 -1.5993001
-1.5635635 0.6309447 -2.7565789
0.7920510 0.6028070 -0.3579022
-0.1711332 -0.4996679 -2.7596722
-0.0854655 -0.6453362 -2.4588792
-1.9709417 1.0880568 -2.5417485
0.7610545 -1.2568172 0.4621841
0.9787909 -0.2435980 -0.9216348
0.9359841 0.1178191 -0.3625089
0.4524993 -0.1443503 -0.9061214
-2.4998903 1.1189830 -2.6261134
0.2914034 -0.2274398 0.6518682
0.6718351 0.6115563 0.7944782
0.6640208 0.5986513 0.1871858
1.2134573 -0.0200428 -0.6093630
1.5009820 0.2566359 -1.6203232
0.2687050 -0.1568612 -1.6940384
1.2755882 0.7585024 -1.1223220
1.3958027 0.3420666 -1.9153659
1.0795885 0.0919627 0.3184597
0.4704514 -0.8877501 -1.3499421
1.6223605 0.7806784 -2.9757304
0.1971312 -0.6186894 -1.1411409
0.3214506 -0.8358303 -1.5571485
0.4623054 -0.9156039 -1.4233052
1.4194876 0.1221521 0.3434362
1.2270250 -0.3054474 -1.3652061
0.5719358 -0.7922178 -1.0631894
1.1358348 0.1776354 1.7808856
1.4586331 0.1755502 -0.9960922
-0.1523189 0.2349024 -1.4005733
0.6885710 0.7937155 -0.3574929
0.2135524 0.4965123 -1.3056889
0.2465540 -1.0026275 -1.3492181
1.0043505 -0.3018623 -0.4894011
1.4107981 0.5809357 -1.5853536
1.4158462 0.2923501 0.6945830
0.6872535 -0.0280276 -0.8854180
0.7222473 2.0908189 2.1814115
0.0823747 -0.5459578 0.3069934
0.6850473 1.2315809 1.8103185
-2.1897299 0.9617890 -2.8790321
1.4709034 -0.2518213 1.1437601
0.7163841 0.5387696 0.7328845
0.6915575 0.3645296 1.3677332
1.3714006 -0.3833535 1.2948966
0.8561582 -0.2269099 -0.0793468
0.0494551 -0.6960115 -0.2745075
0.6906011 -0.5570173 0.5984541
1.3336167 -0.2259237 1.0714589
0.7890827 0.6335506 0.6452855
0.6138833 0.8105240 -0.0312038
-0.7556921 0.4477478 -2.3811584
1.3372273 0.1885383 1.3069715
0.9353775 -0.2685720 -0.0036966
0.3643011 -0.2915623 -0.5776455
1.2822226 -0.0868205 0.0971459
-0.1065623 -0.7133570 -2.7714946
0.5016851 0.2111522 -0.2487606
1.6852804 -0.1030038 0.5952282
-2.2293346 0.9980851 -2.5212474
-0.0686185 -0.6209041 -2.9632916
1.4703897 0.1150588 -1.0621338
0.8644890 -0.4962114 -0.5870363
1.4366925 0.3983568 -1.9310424
1.1495639 -0.2031690 0.7156124
0.5226247 0.2971652 0.2090234
0.1844988 -0.6201742 -1.4249985
0.6180395 0.3057204 0.7432682
1.1856368 0.2312240 1.0474122
1.5076028 0.6180080 -2.4373572
0.0081716 -0.2928029 -1.8486887
-0.2708196 0.5115942 -1.5560423
-1.8478982 0.8772554 -2.8296900
1.8600621 0.8188313 -2.9630549
0.9454593 -0.4839416 -0.5995414
0.7160910 0.9846355 1.6543813
0.8814814 0.3819651 -1.1095415
0.4736862 -0.8436879 -1.2457659
0.9998596 -0.2459999 -0.4648620
0.6260420 -0.9097414 -1.3081983
-0.0567136 0.2016118 -1.5015475
0.6714097 -0.8005886 -1.2961594
0.6758967 1.9594269 2.1617854
1.5341079 0.6280711 -2.8392296
0.7030924 2.2229502 2.3316762
1.0421211 -0.3358174 0.1697748
0.6871949 1.1346822 1.6353076
1.1487750 0.0963820 -0.4813990
0.1359525 -0.5067461 -2.3662629
1.1606393 0.3597313 0.5767555
-2.0843768 1.0541366 -2.9016147
0.4477197 -1.1652349 0.3337378
0.5178314 -0.4409378 -1.5619879
1.2880716 0.4591313 -1.6387337
0.2194903 -0.5523732 -1.6610583
0.4483480 0.2597489 -0.6285691
0.3072294 -0.1094406 0.6584660
-0.1439438 -0.6040472 -1.7238425
1.0828365 -0.1477537 0.2200424
1.4370241 0.4055267 -1.0547318
1.7668939 -0.1279084 0.5200953
0.4350076 -0.5033017 -0.9204256
0.6444635 0.1906717 -0.9672244
0.9415262 0.5133198 -0.7504488
0.1152230 -0.5167941 -1.9678781
0.6339609 0.3265839 0.6458325
1.4568033 0.4377327 -1.9639342
0.4736124 -0.5478508 -0.8011702
1.0499090 0.4888778 -0.6920059
0.6545584 -0.4998509 -0.5463906
0.3918930 0.1661671 -1.2345773
1.0811632 -0.2843377 -1.1224005
-1.4101452 0.6759322 -2.6799061
0.6124679 -1.0706587 -1.8561305
-0.1545126 -0.6317044 -1.7239182
0.7115986 2.2667606 2.3033967
0.4718191 0.2923436 0.6244478
0.1559331 -0.4111080 0.3916979
1.0703131 0.6332137 -1.1529679
0.2080044 -0.1340839 -1.3990765
1.5175461 0.6932967 -2.5890834
1.1455692 0.6658952 0.2336582
1.3255124 0.2368892 -0.8237196
0.7632256 -0.7557248 0.6922979
0.8760597 -0.5175858 -0.6102183
1.1280373 -0.0278303 -0.8439016
1.3611008 0.5951818 -2.7414732
-0.5948230 0.2198284 -2.1540082
1.6029018 0.2880919 -1.5554893
0.2510078 0.5001033 -1.2151358
1.2977182 0.2533734 0.3733628
0.7896847 0.7743213 -0.6378227
1.5193834 0.5694723 -2.3078370
0.8697324 0.1581919 0.9674305
0.8713728 0.3995804 -1.0982660
0.4030521 0.0232827 -0.7379869
0.0196016 -1.0519353 -1.6434410
0.8714108 0.0179132 -0.4866251
-0.1967569 0.2183838 -1.5319786
0.7316562 -1.2659441 0.4834040
1.3022367 0.1376090 0.1951570
1.1743011 0.2801524 -1.3418310
0.7336302 -0.8493544 0.8383040
1.0740659 -0.0627106 -1.0386268
0.7456298 0.4908244 0.6592574
1.1943316 -0.2065443 0.7048001
0.3392734 -0.5796344 -1.1662151
0.3963919 -0.7103245 0.3654438
0.4430311 -0.9307328 -1.7114588
1.0516725 -0.0572188 1.2230058
0.7621870 -0.4238266 0.3718369
0.7234844 0.4986376 -0.0712168
0.2373187 0.2470706 -1.3976377
0.3214068 -0.8278698 -1.2372792
1.3845587 0.7129051 -2.5352683
1.0365587 0.2555861 0.7328080
1.5389849 0.6734823 -2.6936786
1.3793596 0.1303872 1.3300735
-0.0348255 -1.0244554 -1.6023151
1.4144570 0.3877158 -0.9679307
0.4838187 0.2349954 0.3114632
1.8331084 -0.1107064 0.6434034
0.4004833 0.1303348 -0.2025265
0.4740899 -0.9525895 0.1318415
-0.0074613 -1.0006034 -1.6576490
0.6608334 -0.7133140 0.6585991
-1.0953722 0.4534400 -2.3914962
1.2879111 0.4473505 -1.7788656
1.4258770 -0.2637224 1.1390661
0.6251025 -1.1721785 0.3334964
0.6758440 0.3060223 1.2810215
1.5789930 0.3506476 -1.6868970
1.0192424 0.2037997 0.6241337
0.7141216 -0.4069091 0.7804856
0.1363344 0.2471405 -1.4633054
0.0341896 -1.0020469 -1.5040568
0.2549909 0.3012672 -1.3928965
0.9060025 -0.7629568 -1.0415441
0.7008968 0.0125812 1.0511816
0.7729532 -1.3399367 0.4297445
1.3295668 0.4932151 -0.9901078
1.1318607 0.3416087 -0.6836158
0.1703186 -0.3388016 0.3883044
1.4572748 -0.4363179 1.1687068
0.8247791 -0.5457482 0.3989531
0.8178988 -0.3861023 -0.4490762
0.5836193 0.2664858 -0.1349377
0.7916137 -0.4428761 -0.4977828
1.3845814 0.4053321 -2.0648808
0.3741138 -0.4779699 -1.7233256
1.7397668 -0.1274698 0.4600678
1.6383291 0.3422844 -1.1638832
1.2537717 0.0375789 1.0813813
1.1412615 -0.0060366 0.6966591
1.0970500 -0.0257038 1.3561900
0.7249002 0.2353666 1.2263899
0.6229767 -0.5336599 -1.5256041
1.2996351 -0.4927962 1.2876915
1.0076473 -0.0304360 -0.3362187
1.5052224 0.0062547 0.9679405
0.5338200 0.2416561 -0.4760400
1.3491465 0.5140536 -1.9987531
0.0997543 -0.6730620 -2.1924906
1.4151801 -0.2082406 1.0262783
0.5207840 0.1172181 -0.4041098
1.3919582 0.5371396 -1.9909852
-0.1910270 -0.7086678 -1.6954610
0.9642315 0.2796909 -0.8501334
1.2620956 0.2326871 -1.4168556
1.3724415 0.2633441 -1.7495917
1.2098101 0.7476429 -1.2161303
0.5153214 0.3342233 0.2221286
0.8982244 0.7648702 -0.1665591
0.6391445 0.7645068 -0.0791682
0.4696650 -0.4922146 -1.5376233
0.3144706 -0.1446819 0.6256104
0.9207349 0.2692347 -0.9807154
1.5025862 0.2902169 -1.7216738
1.3704844 -0.0156078 0.1448825
0.3042210 -0.6988907 -1.0224547
0.7090535 -0.9011635 -1.4232738
0.8016835 0.6815611 -0.1676411
0.4914313 -0.4604349 -0.0981186
0.8957767 -0.3692177 0.0121718
0.8793532 0.4584118 -0.1141560
1.0280540 -0.4803592 -1.0551742
0.8526491 -0.5440739 -0.7036120
0.6807252 0.5387288 0.4885167
0.0737387 -0.6871964 -2.2355504
-2.4385099 1.0669774 -2.6997278
1.4659398 0.1668962 1.1664819
0.2070990 -0.9386126 -1.4268011
0.2488389 -0.8496781 -0.0189117
-1.3172033 0.5521214 -2.5450852
1.0621929 -0.0666903 -0.4358288
0.4225351 -0.3942029 -0.0038650
-0.1159903 -0.5524193 -1.5608637
0.0921740 -0.2376091 -2.0638540
0.0712898 -0.6840553 -0.2504800
0.1614868 -1.0641974 -2.9534740
1.1962560 0.0005974 -0.6969962
0.5299080 0.4899449 0.1598760
-0.0668461 -0.7682658 -2.9638510
0.7025430 -0.4816583 0.3669552
0.8295613 0.1683772 0.9371146
0.4625345 -0.4775128 -1.6511281
0.3069507 0.0339558 -0.2226434
1.2732192 0.5951564 -0.8596914
0.0026688 -0.7478168 -0.0597840
0.1201641 -0.3445450 -2.0605087
0.7130583 -0.4690385 -1.2000370
0.9320630 -0.1752523 -0.2503783
0.2294611 -0.2104486 0.4000188
0.9412557 0.2487790 -0.0312244
1.0139909 -0.2114521 -0.5553272
0.8801547 -0.1683764 0.6541037
1.0420823 -0.3466282 1.8652457
-0.0098424 -0.5095534 -2.5225089
1.9669626 0.7647185 -2.9415185
0.7901723 -0.3573847 -0.3155889
0.8429281 -0.2298737 -0.9135033
1.5064694 0.0120446 1.1574795
0.4368744 -0.5681255 -0.8339218
0.3245707 0.1755404 -0.7020272
-0.2110165 0.3690953 -1.3768444
1.2147037 -0.3605150 -1.2027187
0.6845374 1.4007204 1.8935459
0.7664506 -0.2798584 -0.9942331
0.7427564 -0.4176495 -0.3231869
1.1830505 0.0774143 -1.2818820
0.3505821 0.1338456 -0.0094120
0.6555868 -0.9356252 -1.6525884
1.3260590 0.1306393 1.4531610
1.1440905 -0.4809489 -1.6298673
1.3045037 0.1047466 0.7652950
0.8171548 -0.2170513 0.6020103
0.1562874 -1.0236074 -1.4440308
0.6741339 -0.5278443 0.2500704
0.9084286 -0.4746120 -1.2376217
0.8700333 0.6732944 0.7480813
1.3755760 0.0822421 0.2564148
1.6487415 -0.1569927 0.5495418
1.1558313 -0.0882424 -0.5585157
0.6714708 0.8629075 1.5067915
1.1408254 0.1161546 0.5982988
0.0878639 -0.7781528 -0.1303535
0.9404424 -0.4217940 0.5604943
0.8172347 0.3596199 -0.1223519
0.1984124 -0.5829688 -1.6835938
0.6749457 -0.2415832 -0.5387450
0.4926932 -0.3646582 -0.7345952
0.3062809 0.3525466 -0.7965629
1.2870004 -0.3212012 0.7197613
1.3864630 0.0510757 -1.1170286
1.1632465 -0.4061821 -1.3694544
0.6459890 0.2969294 -0.8178196
0.4148138 0.0031859 -0.9556896
1.2969531 0.7013459 -2.6293228
0.8421899 0.2701964 0.7327964
0.5818126 -0.1070411 -1.0255253
0.1691561 0.4971208 -1.3880697
0.3777167 -0.3156264 -0.2078630
1.0142477 0.1707514 0.0593246
-2.1996000 1.2657819 -2.6770625
1.0287489 0.5113917 0.5461583
0.9682453 -0.3407940 0.5027032
1.0047442 0.6506634 0.1492486
1.3037525 0.2462537 -1.6839343
1.5279341 0.2872758 -1.6414344
0.6668649 -1.2549869 0.4766475
1.0356398 0.5910635 0.3750840
0.9485204 -0.6069583 -1.5200901
1.7085348 0.3056925 -1.3567497
1.3036836 0.2786177 -0.7660847
0.7237490 -1.3416122 0.3931889
-0.1419860 0.2066247 -1.5684031
1.0052147 0.1528669 0.8324297
0.7091910 2.0051594 2.0539157
1.7311572 -0.1326113 0.6539140
1.4163820 -0.2193454 1.4177496
-0.4067238 0.3211214 -1.6931934
0.3813300 -0.4635220 -1.6657497
0.7255956 1.8996634 2.1206589
1.0408961 0.0475383 0.5004086
0.8177570 -0.4909810 0.3746766
-0.0073579 -0.6557378 -1.4452108
1.3318188 -0.3419624 1.2614672
0.0873268 -1.1147503 -1.6394619
1.5335627 0.3482037 -1.7202431
0.3161771 -0.2332698 -0.0624257
-0.4600846 0.4020822 -1.7448714
0.8713279 -0.1992107 1.0101737
0.9614701 -0.4640118 0.2093297
0.8319898 -0.2945920 -0.8405964
0.2140490 0.3006030 -1.4317528
1.2044164 0.2416694 -1.3724184
0.7781045 -0.5069183 0.2237720
0.8122314 0.8247173 -0.6898063
1.1087418 0.1252438 -1.2793031
0.9291036 0.3058116 0.0389051
0.5356726 0.0022037 -0.8553911
1.1718518 0.3657741 -0.7258629
-0.8873880 0.3882897 -2.2434566
0.5849051 -0.0802746 -0.9846550
0.4043655 -0.4193581 -1.7268516
-0.0816692 -0.3254956 -1.7884477
0.3234365 -0.1248892 -1.6262364
1.6731554 -0.0511722 0.6130148
0.6968623 0.1209224 0.9419391
-2.1005371 0.8073442 -2.5948241
-0.0969253 -0.6144086 -2.4074011
-2.4482579 1.2862371 -2.6419263
1.1961582 -0.2944594 1.5188540
0.8271780 -0.6597022 0.3596363
-1.5934256 0.7533712 -2.6595132
0.7999862 0.6236591 0.2687854
1.1243137 -0.1470517 0.1499029
0.7846268 0.3464215 -1.1320293
0.6920818 1.5441674 2.0002964
1.2946998 -0.2110630 -1.2198890
0.9881797 0.1751738 0.0172328
1.3123211 0.6988471 -2.7643754
1.2480354 -0.0679052 1.2880756
0.7486879 -1.3216189 0.4943562
0.5559501 -1.0140988 -1.4981381
1.1000328 -0.1273172 1.2257016
-0.9681681 0.2771525 -2.4129124
0.3241828 0.3259974 -0.6758673
0.8502350 0.3997297 0.0058379
0.6943512 0.0434341 -0.6331043
1.1727027 -0.3839526 -1.1367024
0.6680626 1.2738005 1.7302160
0.8755051 -0.7692114 -1.0358583
1.0378044 0.2078592 0.6533128
0.8211800 0.6732467 0.7240757
0.1192042 -0.8863326 -1.3360229
0.1769239 -0.7028947 -1.8420870
0.7663512 -0.0218479 1.0636870
0.5959222 0.3289886 -0.9018859
0.2663513 0.4458037 -0.9875765
1.0192595 0.8065681 -1.1364663
1.2630980 -0.3108844 -1.4562639
0.6825198 0.5732235 0.3678962
-0.1131098 -0.7245945 -2.7573359
0.9830657 -0.5833893 -1.4896207
0.1159080 -0.7112227 -1.4011712
1.2684216 0.3393124 -0.6968738
1.4835941 0.5188383 -1.5719646
1.3828536 0.1299002 0.3428925
0.3965492 -0.6289334 0.1409087
0.6610249 0.5959215 0.8208920
0.3880161 -0.3862634 -0.9163494
-0.1330116 -1.0745285 -2.9882224
0.6276044 0.3311825 -0.1262708
0.6793019 0.3373414 0.9871824
0.3813595 -0.5784765 -0.9660973
1.3400654 0.5167654 -1.7322669
0.6829233 0.2689579 1.1882435
-2.0968885 0.7822805 -2.7032449
0.8092046 0.0022379 -0.9923850
1.0380660 0.0783232 0.7402464
0.8988072 -0.6256441 -0.8612632
0.7551376 0.2989307 -0.5407813
1.0849907 -0.1322503 -0.4641559
-2.1043189 0.8032495 -2.6501508
1.1019710 0.5591500 0.1824910
0.8984691 -0.1724294 1.1520437
1.5190369 0.0514866 1.1825744
0.9511058 0.4502693 -1.1913600
1.6645504 -0.0816431 0.5109471
0.1751081 -0.7134702 -0.0929809
0.5077471 -0.5638798 -0.8939157
0.7926484 0.3098886 -0.3127036
0.6564316 0.7952695 -0.1903800
1.4869790 -0.2546620 0.7675629
0.6587797 -0.1704839 -1.0954847
0.9569385 -0.2817290 -0.4417530
-0.0769043 -0.7487561 -1.6789037
0.2723194 -0.3032181 -1.1178148
0.9633144 0.7921612 -1.3204087
1.2473130 -0.0592530 -0.6486608
0.0058866 -0.5689200 -2.5774362
1.0953021 -0.2730093 1.7738750
-0.1318423 -0.5535522 -1.5858643
1.4241009 0.5373637 -0.9800292
0.1136947 -0.5726138 0.1085651
1.5059814 0.6256368 -2.7415872
-0.2784868 0.4609576 -1.4763857
1.0351532 0.6201332 -1.0179501
1.1185013 -0.2825693 -1.1851330
1.3434161 0.6231019 -1.0461960
1.3047916 0.4603378 -1.8573320
1.5677208 0.6708698 -2.9589252
1.2625246 0.0866073 0.9507363
1.5033876 -0.2693960 0.6914754
0.3316690 -0.2681464 -0.1643439
1.0148525 -0.1882630 0.2449912
0.2838596 -0.6859598 0.3945482
0.9944848 0.8639902 -0.9908277
0.5067658 -0.9037461 -1.1875795
0.9710836 0.6257463 -0.2763961
-1.2422944 0.5608524 -2.5474498
0.8928975 -0.7341632 -1.0378746
0.4103552 -1.0788370 -1.6279037
-0.0912082 -0.5303497 -1.7459791
1.4355223 0.5865441 -1.0340021
1.3083142 0.0450727 1.0712196
-0.2689009 0.5035639 -1.5157288
0.4698631 -1.2395282 0.3375710
0.1745329 -0.6136082 -0.1062776
-0.2036879 0.5250846 -1.4970797
-0.0805674 -0.5144082 -1.5093546
0.9636585 -0.2785761 -0.5862666
1.5110227 0.5233846 -1.4900934
0.2232331 -0.2868559 -1.0696000
1.1275733 -0.1411327 1.1973848
1.4265360 0.2196877 0.5469987
0.3528618 -0.2730773 -0.6015018
0.6706672 1.7507925 1.9606106
1.4216385 0.2660021 -0.8192267
1.0406386 -0.2293025 -0.4682440
0.6253148 0.2807704 -0.3494322
0.6737282 1.4374617 1.8517563
1.2965695 -0.3365282 1.3977727
-1.8262211 1.0175891 -2.8579445
1.1148607 -0.0198486 -0.6898135
0.7311392 0.3765207 -0.7684226
1.2100122 -0.2812234 0.9310100
0.1256354 0.4900458 -1.1863607
0.6914310 -0.1467249 -0.4660585
0.6762882 1.6021472 1.9430343
0.2614734 0.1389242 -0.8237342
0.8894019 -0.7558044 -1.0494202
0.7054750 1.7677677 2.1733472
0.7429079 0.5145096 0.5619775
0.8697637 -0.1492527 1.1177186
0.9529918 0.6370656 0.1845839
0.0912642 0.1172838 -1.1125760
0.0592826 -0.2487794 -2.0814743
1.2808030 -0.3364971 1.0229619
0.9006947 -0.5612680 -1.3258594
0.2650494 -0.1274856 0.0239947
-1.8222131 0.8097382 -2.6771860
0.3551766 -0.1615258 -0.7757641
0.6780748 1.1591829 1.7327353
0.9177587 0.2932962 -0.0542006
0.6836182 0.6423208 1.4855688
0.1634103 0.4868403 -1.1391562
0.9493707 -0.1130683 -0.2433083
0.2872846 -0.0925256 -1.3445506
0.7176463 -0.5131833 -1.1674160
0.9617718 0.2024667 -0.3244654
0.3098858 -0.6381502 -1.4590245
1.5083159 0.1284398 1.1109490
1.1713694 -0.4090896 -1.5045635
1.1719810 0.2101679 1.0634494
0.3908042 -0.9351215 -1.3381869
1.0282296 -0.0265943 0.3229921
1.4509574 0.0650470 1.2672861
0.3391698 -0.3288379 -0.9461970
1.2063111 0.7364073 -1.2008452
-0.0413676 -0.6345703 -2.3181486
0.3534788 -0.8760304 -1.6806622
-0.6012263 0.4305281 -2.2672875
0.2858694 -0.6888141 -1.4377279
1.4636867 0.7062884 -2.9664798
-0.0957150 0.2431993 -1.6383076
0.8428107 0.8843353 -1.0908086
1.4323833 0.6160541 -1.0476203
1.2961791 0.5887457 -2.6573453
-0.0151809 -0.3034906 -1.8909851
0.6895367 1.4927723 1.9631979
0.2649176 -0.6442441 0.4558603
0.2128381 -0.7321609 -1.1656876
0.2599435 0.0450551 -0.9516832
0.4772420 -0.6777123 -0.9143083
0.7461553 0.7349925 0.6619551
0.8300281 -0.6550027 -1.2933553
1.2229044 -0.3740228 -1.3323262
0.6307848 -0.3641632 -1.2954705
0.0054288 -0.4177065 -2.1522243
0.5124670 0.1721631 -0.5740243
0.9594114 0.5370127 -0.1636100
-0.0810225 -0.4002509 -1.7068425
1.2125109 0.3311045 -0.8961630
0.7323897 -0.0480054 1.0478092
0.7440792 0.4100134 -0.9590625
0.7507131 0.9296820 -0.0726649
0.5512784 0.2996470 0.6117203
-0.0325025 0.2646159 -1.1885266
1.2671971 0.2083914 0.5735604
0.0689285 0.5232125 -1.3182787
-1.9162904 0.7741325 -2.6808000
0.5515594 0.0928313 -0.6337333
0.8519904 0.7930173 -0.7880266
-2.2373979 1.0321223 -2.8016729
0.7715451 0.2152733 -0.3929515
0.2252503 -0.7045033 -1.1368219
0.8757716 0.7643702 0.0644845
-0.0399578 -0.3836020 -1.7942247
1.2356561 0.4687871 -2.2159753
1.0472609 -0.2120723 -0.6626528
0.5007358 -0.3544618 -1.3481371
0.8842220 0.8011785 -0.1005863
1.1204156 0.0837422 0.7594830
0.1838833 -0.2892159 0.2658438
-0.0847652 0.4627711 -1.7422947
1.5512582 -0.2205978 0.8828800
0.3315800 -0.8120443 -1.3450606
1.1217406 -0.1949781 0.0661186
-2.0742538 1.0741416 -2.5411775
1.0460541 0.4758055 -1.1317539
0.0726315 0.1209734 -1.1913612
0.4130040 -0.8336100 -1.2815198
-1.8110596 1.0617261 -2.6866593
0.5078084 0.3741682 0.6291909
1.3708651 -0.3327017 1.2157440
0.7623716 -0.6844413 0.7016984
0.6750039 1.2482888 1.7623513
-0.0815095 0.4439968 -1.1232610
1.2082039 0.0757538 -0.7505642
0.2583092 -0.7096463 -1.9089289
0.8147521 0.6255184 0.2847287
0.7370462 -0.7445623 -1.1315153
0.4343433 -0.3667532 -1.2853979
1.4379072 -0.3714889 1.2514956
0.1388515 -1.0664644 -1.5825267
1.5680636 -0.2054051 0.8901603
0.9149284 0.2398410 -0.4175740
0.5525216 0.4841410 0.5690043
1.4803652 0.2392954 -1.6506977
0.4498898 0.3824166 0.5852648
-2.0879405 1.1273240 -2.8946083
-0.0336578 -0.6515251 -2.3636994
0.2693993 -0.8450617 -0.0435373
0.9682354 -0.0398820 -0.2522595
-0.6111716 0.3400658 -1.9465160
0.9376289 -0.2987983 -0.0017012
0.9973090 0.4523173 -0.9699045
0.1913243 -0.4018436 -1.1864070
0.1750899 -0.5958083 -0.0322787
1.3472848 0.0082982 0.1606233
0.1513637 -0.3992200 -2.1801853
0.5249945 -0.4262317 -0.4993782
1.0632014 -0.4573823 -1.0548649
-0.1333808 0.4448964 -1.2660216
0.9021392 -0.3971615 -0.5043031
1.2044480 0.0414397 0.1216239
1.2915462 0.1512126 1.0509430
0.8477131 0.6647651 -0.2576544
-1.3067672 0.5508644 -2.5430443
1.4581966 0.2960996 0.7389482
-0.2138298 0.4546544 -1.8872359
1.7275648 -0.0413400 0.5913773
0.7110672 -0.5339165 0.5950499
1.0205066 0.7591282 -0.5511712
0.7140139 0.6168462 0.1459559
0.1445982 -1.1720922 -1.6100160
0.5369151 -0.7122919 0.2311765
0.2702120 -0.4679567 -1.8611033
0.7400420 0.1736097 -0.4844649
0.7154146 -0.1301795 0.8087050
-0.2223376 -0.6587449 -2.6950080
0.8861229 -0.6621376 -1.5543669
1.4045476 0.1326884 1.3080063
1.4198006 0.2672338 0.6861573
0.9797997 0.2258150 -0.1850958
1.1605387 0.0866374 -0.5470373
0.6826040 0.3119110 -0.2243901
0.9246373 -0.3204243 0.3486999
1.6099805 0.2561059 -1.5344043
0.4009031 -0.3693215 -0.2720983
1.1365784 0.6854061 -0.8884369
1.1516554 0.6985182 -0.9821182
-0.2259332 -0.6225848 -1.7459680
0.6206186 0.2675408 0.8068048
0.7123480 0.0219750 -0.6898989
0.7755465 -0.5811126 -0.7442563
0.9749176 -0.1072148 1.2219032
1.1449531 -0.1790096 -1.0537260
0.3570876 -0.7410643 -1.1180944
0.0865981 -0.4062915 -1.9601134
-2.4388103 1.0722449 -2.6722207
0.6544997 -0.0941069 -1.0005715
0.8907655 0.3944092 -1.2259368
0.8510215 0.7179012 -0.6914285
0.5733439 0.0442079 0.7494660
0.2140393 -0.5888419 -1.6685250
0.1062382 -0.1739516 -1.7930592
0.6545651 0.9535987 0.0811373
0.8546491 0.1409999 -0.4683577
0.6879572 -0.7600021 0.8337994
0.3883544 -0.5063708 -1.4766623
1.4618446 0.2447022 0.7607790
0.6441513 -0.1606225 -0.5220090
0.1597615 -0.7316351 -0.0428894
-1.5257767 0.6251534 -2.7608969
1.0120866 -0.6069857 -1.4911424
1.0719166 0.6183697 0.1818417
0.6689731 -0.2235272 1.0309342
0.7029204 -0.5005319 -0.7884803
0.5664849 -1.0783783 -1.6371400
1.2590041 0.1489684 1.0728989
0.3094962 0.4802231 -1.2018051
-0.0737731 -0.6991454 -1.6462189
0.5456553 0.0361543 -0.7944610
0.7992361 0.8836708 0.6421101
0.7046924 2.3419724 2.2700298
1.0226665 0.4639970 -1.1113836
0.5661442 0.2590474 0.7519390
1.0447712 0.1099105 0.5572257
0.6627066 0.4390047 0.5715214
0.4707470 0.3150606 0.5676619
0.4138819 -0.4141509 -0.8876569
0.2566273 -0.6949299 -1.0819091
0.3569966 -0.5237308 -1.5516535
-2.0474813 1.1296291 -2.5583260
1.4420024 0.3546711 -1.0078645
0.8432045 -0.7204146 0.4087646
0.9980229 0.5720555 0.4992428
0.6149186 0.5549887 0.2445395
1.2773451 0.5358395 -2.3529489
1.0097058 0.7681884 -0.7231881
0.1728727 -0.9932688 -1.4058105
0.7056487 -0.8196366 0.5392463
0.5668192 0.3111835 0.6270684
0.2857439 -0.7526556 -1.3967258
0.3977316 -1.0208846 0.1002017
1.5678968 0.8332261 -2.9778740
0.7127520 1.8711339 2.0012159
0.2337412 -0.2168775 -1.1436434
0.8612986 -0.1875943 0.5818977
1.0196867 0.1570286 -0.4434804
0.2665454 -0.4193787 0.5772471
1.0395558 0.1002382 0.5620617
1.0146837 0.3134841 -0.8658215
1.1277275 0.1599673 1.8008653
1.0652239 0.5839485 0.2129730
0.6895320 2.3745766 2.3353400
1.3246673 0.6845949 -1.0050092
-0.0117185 -0.5072612 -2.1329911
-0.7021608 0.4564148 -2.2816203
1.5125788 -0.2595161 1.1045603
0.1285899 -0.6030155 0.1065500
0.6310987 -1.2065179 0.4532329
0.8096442 0.8229378 -1.2438451
1.0936631 -0.1904595 0.7316177
0.7017978 1.3888178 1.9236813
1.4113549 0.3718444 -0.8310666
0.7064744 -0.8283731 -1.2418547
1.0432534 0.7782042 -1.0070682
1.3663559 0.3121270 -0.9234165
0.8854595 -0.3576297 -0.4534384
0.9746568 -0.0178545 0.6910906
0.6791418 -1.2189541 0.4623447
-1.0418538 0.3580146 -2.4042547
-0.1085998 -0.9399996 -2.8744564
1.0155150 -0.0013447 1.2921877
0.7198260 -1.0688126 0.6060389
1.4123336 0.4335925 -2.3191965
-0.6860587 0.2146814 -2.2024999
0.6348910 -0.9438207 -1.5890774
0.0385960 -0.7919449 -1.4336530
0.8904933 0.7675571 -0.1567591
1.2941555 0.6784590 -1.0180306
0.1128148 -0.3124180 -1.3487446
0.6271292 0.4882278 0.4018972
-2.1397583 1.0989636 -2.8540576
1.0276059 -0.3568411 0.1162913
0.7242213 -0.3629758 0.7513251
0.6067520 0.4468509 0.2860814
0.8551746 -0.1068728 -0.5021530
0.3970409 -0.7786947 -1.0340862
0.4311861 -0.5242569 0.0506085
1.8027413 0.7005139 -2.8993876
-2.1480691 1.1833093 -2.8174114
-0.0063846 -0.4395076 -1.4410212
1.0468791 0.5837920 -1.2625722
0.2985608 -0.9219483 0.1428071
0.2084038 -0.8707739 -1.3655012
1.2500117 -0.1846687 -1.0003852
1.4610400 0.8351681 -2.7595909
0.4506990 0.1164796 -0.6024466
1.5347070 0.4157298 -1.8027927
-2.0884285 0.7879125 -2.7280684
0.8106378 0.9173141 0.7049266
1.4339746 0.1115576 -1.4224901
1.2525388 0.1504106 -0.6294292
-2.1432633 0.9691408 -2.5345323
1.5629100 0.1638642 -1.1329149
0.2808313 -0.1845022 0.6276526
-0.2976257 -0.7858031 -2.9081752
0.6412930 -0.9507952 -1.6569895
1.0079334 0.1058829 0.6405895
1.3361245 0.5720377 -1.4139111
1.9234900 0.6144981 -2.9097195
0.5175393 0.3600201 -0.7817657
1.2405484 0.4529616 -0.7380770
0.6377170 0.5200501 0.1398238
0.5869701 0.7892160 -0.0323280
-2.1296506 0.9739228 -2.5358937
0.5553516 0.5280913 0.2005363
-0.6732684 0.3085624 -2.0273643
-0.9764656 0.3550325 -2.5671384
0.6741257 0.6324179 1.4335082
0.7578964 -0.4871724 -0.4380352
0.5394423 -0.5532884 -0.8920656
0.7876098 -0.2943502 -0.9445943
1.1986769 -0.4491303 -1.4661473
-0.1183706 -0.5395718 -1.8234522
1.4316713 0.0984835 0.7438948
0.3338261 -0.1419756 -0.5266113
0.6983704 0.0622335 1.0630022
0.1299666 0.3701429 -0.9178697
-0.0886112 0.1928834 -1.3804977
0.5511043 -0.3549179 -0.1399468
1.2723256 0.3670364 -1.9831377
0.6322709 0.0063468 0.8643528
1.2435731 -0.2001885 -0.9816802
0.7730486 0.1893286 -0.4893804
1.3609488 -0.2660311 0.8070520
-0.0229150 -0.9004219 -1.5646137
-0.2925947 0.3320128 -1.9994212
1.2648631 -0.2016606 -1.2023836
0.2063245 -0.4238028 -1.0687639
-0.4394025 0.2512164 -2.0859039
0.5872793 0.5415192 0.8635827
0.1538154 -0.5816173 -1.1989961
0.9672043 -0.6133816 0.3499359
0.3753079 -0.1944321 -0.6128641
0.6306724 -0.6531374 -1.5570997
0.7797776 -0.1668136 0.7026336
1.0540252 -0.3257793 0.1923392
1.4822140 0.2463490 -0.8987699
0.8355092 0.5040910 -0.1515771
0.1904411 -0.5524086 -1.5511398
1.3380389 0.5182354 -1.7966409
0.3649646 -0.6611682 0.1194519
0.5875869 -0.5612565 -1.5902961
-0.3264995 0.5111001 -1.6807804
0.0317472 -0.6233010 -1.3789611
1.7688012 0.8094061 -2.9526343
1.1829304 0.2232558 -0.6487612
1.2855711 0.5831903 -2.7195640
-0.0541576 0.2992286 -1.6711326
1.4222637 0.1281143 1.1586229
-0.1952444 0.4938657 -1.3441961
0.8957518 -0.4671333 0.2380743
1.5976107 0.4687697 -1.5841415
1.5009569 0.1653466 1.1734890
1.2234960 -0.3345207 -1.1374243
0.6577967 -0.8744188 0.8602642
0.9594339 0.2985453 -0.9566908
0.5421724 0.2387903 -0.1439832
1.1310582 0.4174108 0.2660148
0.4804766 -0.5017202 -1.5591090
0.5606452 -0.3447734 -0.1339302
0.4787634 0.0267594 -0.9829779
0.7780333 0.3763062 -1.0538449
1.4935352 0.5450080 -1.0901570
0.2272252 -0.1304528 -2.1445611
0.7202103 -1.2651045 0.4269199
0.4067453 -0.5007315 -1.7912692
1.0430452 -0.1490026 1.3364897
1.1878440 0.1264033 0.8352135
0.7247291 0.9419197 -0.1669952
1.0223794 0.0781289 0.6245791
1.2364907 0.1203477 0.9350571
0.6755373 -0.7247791 0.9384222
1.0413551 0.0778289 -0.3866107
0.4439489 0.3936397 -0.8555848
0.3818450 -0.2732054 0.7307599
0.4716902 0.3641098 0.2773598
0.2630771 -1.0033746 -1.3429745
1.2840990 0.6096942 -0.9167324
0.6217771 -0.0932322 0.7577872
1.0769517 0.0070131 -1.1613311
0.6812969 -0.1969975 0.7230463
0.6921488 0.4972945 0.5007563
-2.0174298 1.0844898 -2.5235834
0.3064856 0.4227194 -0.9389325
0.9424523 -0.0082253 1.2709802
0.9033160 -0.2378714 0.2458079
-2.1677930 1.1281807 -2.8347440
0.3805929 -0.9819589 0.2937022
0.5132408 -0.3888963 -0.6387051
0.6896462 0.9673363 -0.1804322
0.9684677 0.0945624 -0.1533325
1.2759714 0.3644919 -1.7625812
0.9010041 -0.5443530 -1.2869081
0.6306613 0.1514786 -0.6617586
0.7834932 -0.5754602 -0.9426327
0.9972781 -0.3096897 -0.6705644
1.4795781 0.3130442 -1.7927639
1.1918211 -0.1782165 0.6910011
0.1321552 -0.5821053 -1.8750753
1.1018955 -0.1873626 0.1648953
1.1796831 -0.4210431 -1.3932234
0.0955432 -0.7721790 -1.4541126
1.3684901 -0.2554463 -1.4987137
0.3156516 0.0404146 -0.2317504
-0.4668756 0.3360950 -2.1712785
0.2637731 -0.6158775 0.2216141
-0.0073736 -0.3292080 -1.7865335
1.3049860 0.2608353 -1.5669427
1.4860774 0.0765662 1.1752489
0.9106977 0.2521650 -0.2885436
1.2487807 -0.0037110 0.0006463
1.2832559 0.3456873 -0.9232619
0.5695623 -0.0562118 -0.5172525
-0.8797818 0.2780054 -2.4490895
0.4874849 0.3835290 -1.0705671
0.6625055 -0.5770099 0.7906345
1.3608412 0.1885969 0.5997909
1.0348679 -0.0447472 -0.0680464
0.8466957 -0.5040696 -0.8856252
1.2802969 -0.3338547 1.4014642
0.1185178 0.2595991 -0.9440359
-1.8013180 1.0070591 -2.6543744
1.6332883 0.7419779 -2.8196683
1.1195194 -0.1035244 0.0275306
0.6443133 -1.2927041 0.3593838
0.4459467 0.2260540 -0.5717583
1.2675083 0.1265291 1.5021909
0.8989259 0.8990747 -1.0876807
1.0623296 0.1946219 2.0037372
0.1150624 -0.7344103 -0.1519503
0.5820667 -0.4302684 -0.6994004
0.8941209 0.7096813 0.7763208
-0.9682539 0.4328374 -2.2778661
0.0389671 -0.6893423 -1.4991478
0.6256264 -0.8376684 -1.3162062
1.4425523 0.2385709 -0.8284833
0.0743041 -0.2628072 -1.4983599
0.1484957 -0.4158176 -1.9178392
0.7764348 0.7085764 -0.1089118
0.9589813 0.6038722 -0.2680022
-2.5434380 1.1887635 -2.6764767
1.2998013 -0.0370415 1.1231641
0.4738863 -1.0532087 0.3065288
-2.1865332 0.8787734 -2.8323050
1.2259800 -0.4574385 -1.6441379
0.4998862 -0.6169811 -0.8584318
0.2586988 -0.6198851 0.2185239
0.7031804 0.7187973 0.1715591
0.7399884 0.5442434 0.3408750
0.7822408 0.0941964 -0.9644268
1.2549529 0.3932182 -1.8350366
0.9864133 0.7103792 -0.4411520
0.9734343 0.0239542 -0.2617433
0.8648495 0.0954976 1.1273390
0.0008070 -0.3009089 -1.8404669
1.4537114 0.1543964 -1.5441118
0.9220495 0.2728466 -0.2002082
0.3258284 0.1148602 -1.2061895
1.2465547 0.0483643 1.0757158
0.5414706 -0.9812315 -1.5587529
-2.3512897 1.0193743 -2.7088027
0.6661542 0.3063493 -0.0779175
0.7989163 -0.5475102 -0.5956917
1.1371802 -0.1053945 -0.9644081
0.2456510 -0.4596808 -1.1347252
-0.1530191 0.4952749 -1.7965964
0.1668013 -0.6906375 -1.8077596
0.9266704 -0.1431249 0.7184773
0.7592863 -0.3779975 0.5224661
-0.4571860 0.2516301 -2.1041081
0.6759854 0.3347220 1.0046080
0.8766119 0.3437071 0.6028927
0.6121934 0.0976252 -0.5158052
-0.2599517 -0.8929815 -2.9269221
0.8127736 -0.4005623 0.3471755
0.4230302 -0.8497953 -1.2943170
0.6654264 -1.4303393 0.3719735
0.9606079 0.1602387 1.0199887
1.4179993 0.4832262 -1.3887435
0.4259641 -0.9831569 0.2835121
0.7347509 0.6830866 -0.4872023
-2.1180277 0.8057763 -2.7359724
-0.1115560 -0.3959398 -1.7837521
0.6583825 0.2708982 -0.3062100
0.5369503 0.3669727 0.8175164
-1.2257379 0.3924066 -2.6098487
0.1088375 -0.7833419 -1.4347962
0.7302313 1.8626022 2.0263107
1.1184511 0.1489270 0.8529858
0.7261451 -0.4651396 -0.5272666
0.1432457 -1.1367017 -1.6337779
0.6757939 0.8106051 -0.3466312
0.6301622 0.1062684 -0.5246889
0.6571211 0.3064654 0.9782807
0.3669381 0.0079795 -0.6435722
1.4844660 -0.1719817 0.9926962
0.6401623 0.0638154 -0.7595709
1.5107619 0.1789883 -1.0442610
0.8656798 0.3928103 0.0148226
0.5043326 0.0061786 -0.5462779
0.9387957 -0.1831939 1.1845849
0.8706824 0.5409443 0.5711572
1.3966131 0.4852665 -1.4812512
1.3647661 0.7105289 -1.0263782
1.1963065 -0.3375843 0.8264924
0.0519660 0.4122432 -0.8599833
0.9198953 -0.3538888 0.6095451
1.0592752 -0.3631171 -0.8410884
-0.2821385 0.5019146 -1.4501530
0.9348516 -0.2126140 0.1774543
0.1760489 -0.5670933 -1.5399946
0.3444355 0.3306622 -0.7545255
0.5369845 -0.0135758 0.7484101
1.3327167 0.5333300 -1.5262275
0.7763612 -0.1700987 0.7096403
-0.1942544 -0.6070654 -2.6243572
1.1896822 0.1362138 0.9466431
0.5254110 -0.0408212 -0.5229903
-2.1000860 1.0090714 -2.5304070
0.4643126 -0.6952412 0.3932447
0.1248828 -0.2538942 -1.5716590
0.7755460 -0.7777804 -1.3404757
0.6485209 -0.5754899 -1.4955798
0.9586203 0.5681027 -0.9782160
0.9433926 -0.3182614 0.2557322
1.1348110 -0.0044147 -0.0195935
1.2701828 0.2427299 -0.8441824
0.7715013 -0.2143057 -0.5866942
-0.0555550 0.3992850 -1.1321636
0.7052530 0.7374547 -0.4485601
1.2645102 -0.1124705 0.0545601
-0.0284265 -0.3845194 -1.7675977
1.1399537 0.3281502 0.2417256
0.6898023 2.3549235 2.3401287
1.2572342 -0.3566136 0.9918506
1.6893859 0.2786007 -1.4928777
1.3938040 -0.2153601 0.6722009
1.0592476 0.1494011 0.4228351
0.4407699 0.1938509 0.1182895
0.9674291 -0.2118806 1.0996230
0.5740425 -0.0854718 -0.5246054
0.3193990 -0.9922935 0.2898350
0.0093369 -0.2876392 -1.6283370
0.6702294 -0.5590292 0.3432367
0.5897940 -0.8163517 -1.1272558
1.2499658 0.1479392 0.5077644
0.0916098 -0.9805475 -1.5527799
0.4476474 -0.5049258 -1.5171833
0.6773790 1.9891262 2.1798959
0.5077836 0.0474961 -0.6596538
0.9499263 -0.1758070 1.1683422
0.7241025 0.9481758 -0.2065424
1.3863693 0.4827197 -1.3536750
0.0665899 0.4179853 -0.8729421
0.6543174 0.5645208 0.1293792
0.4042808 -0.1997535 -0.7996693
0.6225152 -0.9051964 0.6100444
0.6205951 0.5665610 0.2577232
0.1120232 -0.2391535 -1.6894169
0.7354193 0.0596530 1.1176940
1.0055245 -0.0007422 1.2477441
0.5551006 -0.8151466 -1.6823177
0.8272265 0.4486467 -0.8735947
0.9952747 -0.0957757 0.6338296
0.7999188 0.8350521 -0.2793024
0.7331372 -0.0157836 1.0806915
0.9292077 -0.3380489 0.3243979
1.4584539 0.6113272 -2.8859844
-0.2595775 0.4841717 -1.3919523
0.6725159 -0.3863090 0.7478219
0.3219354 -0.7407696 -1.2787991
0.9323938 -0.2855334 -0.9383135
0.8864774 0.8008771 -0.1825943
0.5539744 -0.0087021 -0.7373193
0.2578181 -0.7950823 -0.0500840
1.1380152 0.0008982 0.2431513
1.8093225 -0.0253718 0.4600027
0.9880618 0.6077035 0.5925559
-0.8282759 0.2785110 -2.4366827
0.4398378 -0.5356020 -1.6672231
0.1666993 -0.4327824 -1.2273545
0.6917514 -0.8873916 -1.6071156
0.9860939 -0.3182676 0.2166495
0.9568422 -0.3249294 0.2492954
0.7094087 0.6920418 0.6410424
0.6686235 -0.6542268 -0.9767998
0.9986580 0.5039327 0.0531517
0.4529157 -0.2587077 0.7731887
-0.1154946 -0.5079767 -2.5066309
0.1550729 -0.6163261 -1.2073758
-2.2086031 0.8645980 -2.6380036
0.9104037 0.7567996 0.1996293
0.9993108 0.5005774 0.4977337
1.0492817 0.1185832 0.0343293
-0.0425721 -0.6484344 -2.7486007
0.9674119 0.1112787 -0.1575938
0.8861072 -0.3820112 0.3494103
0.7453795 0.1750114 -0.4801908
0.8975145 -0.6320379 0.5988793
-0.2814620 -0.8226811 -2.8836305
0.6652606 -1.2885137 0.4464238
0.1956830 -0.6835139 -1.6670166
-0.8424845 0.4011565 -2.1959333
1.3116864 0.1328221 -0.7513927
0.6704868 0.6869299 1.4233222
1.0966996 0.3139627 -0.8873975
0.9837492 -0.1967096 0.7656428
0.1722211 -0.6937132 -1.6877606
0.4067469 -0.8568810 -1.3192301
0.1955081 -0.1462597 -1.3751653
0.9013237 0.5216182 -0.8171924
0.4049805 -0.1056267 -1.4184306
1.2329321 -0.0014787 -0.9331161
0.1553234 -0.6901259 -1.3349502
0.8547838 -0.5853319 -1.0504183
-0.0402810 -1.0162549 -1.6415133
0.6412423 -0.5744224 0.3550365
0.4710941 -0.5519531 -1.7400727
0.6946387 2.4828246 2.3635855
0.5723441 -1.1269183 -1.7950901
1.0388504 -0.3141650 0.1786980
0.7180851 0.6394203 -0.1162385
0.9448714 -0.2526777 0.9100270
0.4412200 -0.4984702 -1.6685416
0.5558932 0.4585041 0.6462278
1.2265193 -0.2895260 0.9973344
0.4303292 -1.0516328 -1.4170461
1.2125388 0.2100191 0.5726227
0.5581030 -0.9083941 -1.6529731
1.4607677 0.8456213 -2.7844310
0.6891778 0.3609725 -1.0402716
0.4739810 -0.9612678 0.1369618
-0.8595453 0.3936372 -2.5011828
0.1900160 -0.7275366 -1.6834077
0.6018136 -0.5038945 -1.5370576
0.6677697 -0.5046571 -0.0293211
0.9250808 0.3837148 -0.5857899
1.1357017 0.3143168 -1.2449826
0.6209468 0.2788306 -0.7620802
1.3193069 0.5314186 -1.6153284
0.6724005 1.8393152 2.1051953
1.1383997 0.2610965 -1.2932955
0.4297855 -0.6914768 -1.0208083
0.6209950 0.8590993 -0.3069859
0.7210644 0.0114421 -0.6612984
0.3047623 -1.1209437 -1.4981238
0.8630525 -0.2091132 0.9580648
0.8081697 -0.0900565 -0.5484468
0.0894146 -0.9244742 -2.9798331
-1.9230119 1.0845194 -2.8617713
0.7002757 0.3000307 -1.0254945
1.0232042 -0.0225938 1.4583799
0.1824770 -0.3962117 -1.2051154
0.2935872 -0.3471758 0.5938898
1.5442357 0.7111769 -2.7751410
0.3177894 -0.5780853 -1.5170557
1.3221643 0.2711151 -0.7843788
-1.9710795 1.1555861 -2.5372794
0.1334077 -0.7180920 -1.6022276
0.8460388 -0.0444457 1.2109326
1.3861876 0.0152307 0.2394307
0.3434523 -0.2141146 -1.0147771
0.3617617 -0.4542036 -0.8096347
0.6098988 -0.5217941 0.5541182
-1.2803835 0.4081483 -2.5904603
1.4994814 -0.2636801 1.1311008
0.8596001 -0.4905611 -0.5819907
0.9450665 0.6170781 -0.1428689
0.9025313 -0.0942193 1.1703490
0.9726660 -0.6294122 -1.4753267
-2.3523095 1.2476072 -2.5946248
-0.1701784 0.5352533 -1.5359128
0.2078188 -0.1543411 -2.1559305
0.5468184 -0.6754189 0.2233592
0.7064671 -1.6509790 0.2105112
0.4890201 -0.3720147 -1.3575581
0.1789126 -0.3739668 0.2055749
1.0885054 -0.1055466 0.2634329
0.9275498 0.2682242 -0.8313007
0.5692982 -0.6503664 0.2200294
0.2506718 -0.4809600 -1.6809814
1.1310999 -0.2824856 -1.2220864
0.7152255 0.4995295 0.4776896
-0.3370984 0.5186144 -1.4107162
0.7496913 0.6296776 -0.4468928
0.9309858 -0.3475671 -0.4883833
-0.6027445 0.4022034 -1.9315286
1.3123165 0.0109616 -0.7123499
0.6946417 -0.4726057 -0.3528203
0.8540918 -0.5893045 0.2567915
1.4655135 0.5270641 -2.0869136
1.0692928 0.6631435 -0.9026839
1.4357578 0.4857123 -1.4048340
0.3890726 -0.2568846 -1.0532329
-0.1075380 0.3807854 -1.7917374
1.1221144 -0.3400439 -0.9386304
1.9042699 0.8805833 -2.9179900
-1.0278041 0.4638949 -2.3909452
0.8976731 0.8160823 0.2394509
1.0088129 0.5701644 0.0882622
0.1337431 0.2176759 -1.4376233
0.3342625 -1.0330132 -1.3736895
0.1516757 -0.2746307 -1.2917058
1.2843860 0.1421893 1.1910906
1.2453651 0.1104618 0.2227198
0.3014730 -0.1847809 -1.1257721
0.1465827 -0.2384620 -1.3341713
0.5314669 -0.5495968 0.0207249
1.7600178 -0.1601801 0.5334961
0.2829613 -0.7931418 -1.3796964
0.7396487 -0.4908155 0.1377058
0.0109053 0.1512383 -1.2491357
0.5285930 -0.0754580 -0.5228646
1.6940478 -0.1624558 0.6182314
0.2686849 -0.0336214 0.2156191
0.5853950 0.2579766 -0.3456329
-0.0474391 -0.5950596 -1.5697681
0.2754906 -1.0807263 -1.5480262
1.4760801 0.2660631 0.5520263
0.2971788 -0.4927042 -0.9503949
1.0144695 -0.3530525 0.0861571
1.1000303 0.3297951 -0.9301569
1.5151399 0.5938973 -1.0654999
0.4061568 -0.0916343 0.7030684
0.4630604 -1.1013832 0.3283961
0.1324530 -0.9110075 -1.4482529
1.1489829 0.6639451 -1.2228737
1.3895586 0.1947052 0.4758806
0.6517617 0.3608934 -0.7488831
-1.9742178 0.9197979 -2.8781145
-2.2123597 0.9990475 -2.5180793
1.3339181 0.0851434 -1.3648179
0.8025026 0.8869084 0.6547136
1.6123841 -0.1700252 0.5477639
1.3900893 0.0895417 0.6963914
0.7837865 0.4164079 0.5704284
1.0597425 0.5118088 0.3907993
0.0905566 -0.3147673 -1.5739805
0.7170732 -0.5668836 0.6058081
0.5167404 0.3732348 -0.8249075
0.3676491 0.1152248 -0.6834922
0.1916520 -0.2913798 0.3657300
0.8252397 0.6869300 0.2132109
0.3778512 -0.1231419 -1.5169897
0.3697572 -0.8524914 -1.7389890
1.1191816 0.6063613 -1.2282833
1.0769545 -0.4990905 -1.5306629
0.2877046 -0.2852230 0.0912072
-0.5784103 0.2403103 -1.9741186
1.2885277 0.1032521 0.7672429
1.0385866 0.8093762 -0.9613270
0.3983075 -0.1162881 -1.3508052
1.3840714 0.2681605 -0.8692339
-0.0410300 0.5473363 -1.4789370
0.2552048 0.0049871 0.2286105
1.2265339 -0.0523981 1.2791356
0.8910179 -0.2264268 -0.3351820
0.5314949 0.3587057 0.0341151
0.9807702 0.3606615 -0.6002104
1.5954293 0.9031824 -2.9387655
-0.1583876 -0.7375238 -2.6978686
0.7569160 -0.6422083 -1.1705128
0.6755159 0.0784851 0.9431136
1.7894919 0.7039345 -2.9441843
-1.8247623 1.0612262 -2.8134975
0.5151533 0.3050693 0.8533787
0.7196760 -0.5800934 -1.2586131
0.4643727 0.0017152 -0.4213143
0.7001876 -0.0483450 -0.5242528
0.8268336 -0.0711413 1.2349496
0.7495488 -0.5260105 -0.5420890
0.8552830 0.6094621 0.3684948
0.0282010 -0.8796449 -1.4411389
0.3095741 -0.7740335 -0.0496943
1.4074860 0.5857083 -2.7056849
0.2973251 -1.1203542 -1.6055186
0.6753783 0.4697774 1.2998631
1.2593102 0.0567684 -0.7127326
0.4786734 -0.4405804 -0.7215855
0.6659329 -0.1400226 0.7606717
0.7715603 -0.1282621 0.9399312
1.2089621 0.3494132 -0.7177432
1.0075563 0.0790110 -0.2583998
1.4963808 -0.2636285 0.6871414
0.9757028 -0.0732958 0.6926292
0.9476778 0.1373076 1.0925173
-0.3613707 0.5057017 -1.9143914
1.1306986 0.2274664 -0.6027471
0.0018403 0.4451803 -1.1455593
0.4770591 -0.4034064 -0.5033438
0.7351020 -0.4017136 -0.9144778
-2.4313185 1.0873200 -2.7210829
-1.5275779 0.7283890 -2.7383113
0.4103740 -0.0589562 -0.6842328
0.7165021 0.6462351 1.4750680
0.8497517 -0.1937633 0.5451140
0.9165189 -0.6414917 0.6054412
0.7095219 -0.3891335 -0.1674086
0.2213027 0.3661119 -0.8061031
0.6125007 0.1714973 -0.7343928
1.3269353 0.2224128 -0.8245249
0.6867677 0.7521327 1.5574113
0.4987936 -0.3698327 -0.7337795
1.4715322 0.4051959 -0.9288970
1.2699915 0.0706965 0.7187054
0.2784568 -0.0357058 0.2774097
0.8596398 -0.3507517 -0.5773330
1.1787733 0.0743873 0.0572230
1.2066243 -0.0274637 0.1465671
1.2828096 -0.2598189 1.1360493
-0.3832555 0.2329744 -1.9739128
1.0016568 0.3786640 0.4898299
0.8137811 0.6612827 0.1521524
1.1532958 0.3758018 -1.1267507
1.2733883 0.1729923 0.3049250
0.2188399 -0.3385148 -1.0393490
0.2790378 -0.7144382 -1.4105234
0.2767453 -0.5067688 -1.1093527
0.4999998 0.5864046 0.1049717
0.9312868 0.1577426 0.9930469
0.6433741 0.1698824 -0.8789257
0.5035008 -0.2946202 -1.2739290
1.1910526 0.0808540 -0.0211051
1.1215820 -0.2649528 -1.1555669
1.3723145 0.5589148 -2.0558708
0.6569957 -0.4524323 -1.3119247
0.8262902 -0.0700798 1.2314000
0.1351339 0.3378770 -0.9069580
1.1688709 0.2234303 -1.3266740
0.1103611 -0.5882456 -1.9999729
0.4796652 0.3667234 0.5299389
0.5323246 0.2579914 0.1103224
0.4209018 0.1112634 -0.6196246
1.2658379 0.3644687 -0.9560388
-0.4873831 0.4871580 -1.9923793
0.4793212 0.3164685 0.4773002
1.1606016 0.1587519 -1.3166095
1.5014364 0.4001763 -1.8350832
1.2317361 -0.3757952 1.0477723
0.1870486 0.0748180 -1.0582713
0.6274071 -0.5061530 0.0068967
0.9593500 0.8473680 -0.4448388
0.7023028 -0.3556725 -0.2514675
1.2822901 -0.2731557 -1.2632046
0.6388933 -0.8731904 0.7184073
1.5427650 0.0505582 0.8394721
0.1343199 0.3456004 -0.8332850
0.3514949 -0.8263905 -1.7590635
0.4209583 -0.3972549 -0.0003705
0.8333814 -0.5384856 -0.9536003
0.5190811 0.5013772 0.4814619
0.3700381 -0.8453999 -1.3745148
0.8137047 0.4305998 -0.8563419
0.9200613 0.1548024 1.0076135
-0.3988563 0.4649583 -1.6570694
0.8971923 -0.4318500 -0.5563937
0.8967050 0.4011522 -1.0005118
0.3427734 0.1100464 0.3062488
1.0997955 -0.3359790 1.8077036
0.6891271 0.7915425 0.2134984
0.9551585 0.2652774 -1.0606124
1.1315811 -0.2747567 0.9907731
0.8476548 -0.4275544 -0.5179591
1.5795958 0.5394248 -1.1213055
0.7080227 1.8112193 2.1706736
0.6037580 -0.5184856 -1.5938760
0.7836421 0.1351117 1.1191648
0.6570132 0.1848860 -0.4731618
0.4815021 -1.1059204 -1.7471286
1.2685114 0.1121805 0.7265847
0.5206948 -0.7399402 -1.0033773
0.9091120 -0.6517959 -1.4308571
0.1761234 -0.6883565 -1.3072430
0.3235442 -0.5014570 -0.9045376
0.2963925 -0.8106912 -1.5889533
0.7294953 1.3550179 1.7636554
0.2183680 0.5024644 -1.1463814
0.4091892 -1.1624422 -1.7258569
0.7621442 -0.3663560 -0.3981829
1.4113687 0.2489036 0.2509782
0.6545879 -0.9559382 -1.7304729
0.4606720 -0.5232287 -1.7183619
1.4814807 0.1669892 -1.5753152
0.5030563 0.5732697 0.2332451
1.1159476 0.3231110 -0.8979181
1.0775139 0.1365032 1.8926052
1.3673749 0.0668318 0.2793252
1.5519930 0.3325635 -1.6564922
1.0111139 -0.5598421 -1.2080704
-0.3194068 0.4264431 -2.0072434
0.6614092 -0.6086707 -1.4700060
1.2303559 0.7294200 -1.1035573
0.3378333 0.0028465 -0.8977855
1.2182312 -0.3794443 1.0614811
0.3469267 -0.0393625 0.6302897
1.5564643 -0.3261059 1.0506127
0.4239858 -0.7027756 0.3944916
0.7140021 0.9520022 -0.2203080
0.9374722 0.7199451 -0.7515354
0.7449556 -0.6103618 0.8310858
0.0373608 -0.8073387 -1.4378755
-0.0803676 -0.5662273 -2.8044565
0.8890963 0.8145814 -1.2180886
0.7572798 -0.0057922 -0.9355552
0.8401892 -0.1944377 0.5311203
0.8649811 0.1699107 0.9246445
0.3778629 -0.2464051 -0.7366984
0.8424410 -0.5171748 -1.1979452
0.3372351 0.1496738 -0.6951308
0.9364884 0.7954651 0.1144166
-0.0626242 -0.8897670 -2.8498437
0.8986529 -0.4253239 0.0790080
1.2890576 0.7037966 -1.1224961
1.3742908 0.0461191 -1.1834254
0.2952680 -0.2202106 -0.1319419
0.1019211 0.5294649 -1.3468658
0.3016430 -0.6478515 -1.4464557
0.6628656 0.7767507 0.5831383
1.3239297 0.2549363 -0.8737932
0.3971049 0.1885939 -0.0393763
1.1158825 -0.1721229 -0.7208092
1.3851165 0.5907891 -2.7256923
1.3476939 0.0499244 -1.1511534
0.6812753 2.1794460 2.1728547
0.5097061 0.1341200 -0.6108751
-0.3018276 -0.6832346 -2.8571734
1.3026454 0.5995097 -2.4551017
0.1580764 -0.6215938 -2.1737754
-1.5797962 0.7479702 -2.7566743
0.7609688 0.4475964 -1.0077753
0.4091346 -0.7010867 0.3934631
0.4515265 -1.0612712 0.1322059
0.7523804 -0.5349186 0.2506070
0.7444197 -0.9274590 0.7957431
0.1042546 -0.6890839 0.0628485
0.3502827 0.0155212 -0.9766064
-0.1869467 0.4079050 -1.8765965
1.3989878 0.2344896 0.2837861
1.1286801 0.0703595 1.6580945
0.1082525 -0.2380625 -1.8146753
0.6256573 -0.7771262 -1.5694712
-1.7408218 0.8332046 -2.7878404
0.6467211 0.6285376 0.0540419
0.1226728 -0.4880019 0.1894476
0.5378342 -0.6733882 0.2627667
0.4921594 0.2190123 0.4801371
0.9135523 0.3249040 -0.1587965
0.3822515 -0.2136948 0.7606137
0.6045527 -0.3923403 -0.5853994
-0.0282889 -0.5922163 -1.5463787
0.6618237 0.2408568 -0.3672812
0.8603779 -0.3990583 -0.3859891
1.0511110 -0.3453143 1.8517147
1.1264360 -0.2702903 1.5609517
-0.0534667 -0.5376400 -0.0510851
-0.6865541 0.4527523 -2.1203504
0.3836735 -1.1280431 -1.6837795
-0.6762198 0.4587126 -1.9452212
0.4421051 0.1777791 0.5391457
-2.1573198 0.8448184 -2.7735462
0.7120787 -1.2494302 0.5051402
1.5444371 0.4858532 -1.3092579
0.8853827 0.2070425 0.7630622
-0.0055893 -0.9815862 -2.8833938
1.3011919 -0.0479497 1.1299387
1.3739080 0.4183476 -0.9661022
0.5551434 -0.2852846 -0.5758885
0.2298091 -0.7679530 -1.7402521
0.5010089 0.1389864 -0.5229292
0.4657381 0.2220561 0.4594786
0.5635451 0.4125800 0.1013359
0.6562365 -0.8749107 -1.4355443
-1.6677631 0.7930711 -2.6672025
-1.9096643 1.1834338 -2.6708581
0.7144740 -1.4500937 0.4016810
0.6993020 1.0205036 1.7271596
0.8261204 0.6112214 -0.4092387
0.0055967 -1.0388752 -2.9773462
1.4025090 -0.1329103 1.4968722
0.7626092 -0.4282213 0.3181438
1.0562421 0.0201645 -0.4564084
1.4323411 0.2916628 -0.8455442
0.3756760 -1.0345210 -1.3744943
0.1151156 -0.6203939 -1.3653228
1.4955683 -0.0346183 1.1636140
0.3118397 -0.2380005 0.1675140
0.6312105 -1.0530045 -1.6828706
1.3937715 0.1414625 -1.6042938
0.3351333 -0.0536260 -0.3754380
1.1794125 -0.2915333 -0.9875195
1.1361535 -0.1659955 0.0309658
0.4070748 -0.2526771 -0.8074083
0.6061161 0.3215404 -0.8670332
0.8476125 0.1574860 -0.4383284
1.0449014 0.4245152 -0.6313883
1.1325510 0.3027046 0.3788702
0.3522858 0.0089438 -0.9083182
0.2716129 0.0437574 -0.9268447
0.5768908 -1.2709339 0.3084885
0.6307786 -0.9048321 0.5664560
0.6790715 2.0465403 2.2081521
0.1860074 -0.4629731 0.1091060
0.9400530 -0.5801951 -1.1945839
0.6030258 0.1247662 0.7447978
0.6592566 -0.3833095 -0.5398718
1.0968643 -0.3061462 -1.1905338
0.7340391 -1.2725092 0.5408506
0.1191862 0.4521648 -1.5032028
1.4103256 0.5675962 -1.6405092
0.9490594 -0.4101716 0.5131966
0.7195537 0.8032827 0.5234219
0.3803081 -0.4907315 -1.6845939
0.3592425 -0.3501804 -0.9037985
-0.6965998 0.3317178 -2.0418949
0.9777791 0.8253913 -0.6910723
1.1755047 0.0666166 1.1494244
0.5352194 0.2424562 -0.5923333
-1.9744438 1.0376074 -2.5242655
0.8335019 -0.4102257 0.0506875
0.1059603 -0.4806790 -2.3902054
0.8788365 0.4311348 -0.7450339
0.9099133 -0.4990348 0.5175861
0.4788999 0.0254659 -0.6103752
0.8936447 0.5983410 0.3981639
1.4905517 0.5750583 -2.1262507
1.4252094 0.2345617 0.5163755
0.7786427 0.0844899 1.0483918
0.3427423 -0.6083971 -1.1646613
0.6729599 0.3377592 1.2747133
0.0802656 -0.3958049 -1.9768643
0.8167893 -0.1926246 0.8796276
-0.3849425 0.3666201 -1.6378161
0.5603584 -0.6828857 0.2716050
0.8476176 -0.5044090 0.1713650
0.7274354 1.2735412 1.7136563
0.4566762 -0.6984865 0.4027663
0.9396596 -0.3151978 -0.6019240
1.4350830 0.6380871 -2.9664993
0.9180347 0.7451292 0.4694548
0.6143236 0.6516662 0.4435866
1.1795703 -0.1151635 -0.8175761
1.0141501 -0.5385946 -1.1571579
0.1276324 -0.6160484 -1.9129082
1.0518329 -0.2043333 -0.4639220
0.8031844 0.8464053 -1.2281804
0.7262025 0.7548683 1.4692721
-0.1506084 -0.9552693 -2.9802988
-1.1478462 0.4224510 -2.4524765
1.0574985 0.3241803 -0.9418849
1.3210092 -0.3060005 1.0005513
0.2991889 -0.5491235 -1.0870663
0.7246890 0.5942068 1.4028925
0.9889137 0.0515857 -1.1579326
0.6428561 0.5838380 0.2996325
0.8870434 -0.2397305 -0.0923540
0.9663863 0.2650361 -0.8082107
1.1760910 0.0701732 0.7361369
0.5062320 0.3077975 -1.1191534
0.6967448 -0.5741818 0.7385529
1.8191456 0.8807384 -2.9838779
0.4644800 -0.9639349 -1.5948755
1.5107535 -0.2905468 1.1234590
0.6384418 -0.3769683 0.6410892
0.7645547 -1.3390363 0.4049942
1.8656993 -0.1301765 0.6034195
-0.1657695 -0.4410107 -2.7348905
-0.1027931 -0.8470677 -1.7445574
1.3223767 0.0827148 -1.3285078
0.6416032 -1.1961430 0.4210581
0.0085797 -0.3905493 -2.2168980
0.3822797 0.0196927 -0.5553166
0.6591676 -1.3126044 0.3856272
1.2853091 0.2822818 1.3100053
1.3327519 0.3079286 -0.7788520
0.1631069 -0.6904903 -0.0524939
-1.4402690 0.5024557 -2.6418579
-0.0756216 -0.2763979 -1.8962693
-0.2797588 0.2508591 -1.9102166
0.2626730 -0.0869812 -1.8764968
0.1960569 -0.1549948 -1.3291945
1.0502769 0.3803375 -0.6608755
1.2433323 0.7667648 -1.1426722
1.2576373 -0.1380230 0.0549663
0.8581282 0.7780508 0.1023712
1.3645676 0.1400509 -1.4734312
0.8294080 0.6960148 -0.0154978
0.2316598 -0.1643964 -1.8878636
1.2533909 0.2115392 0.9553369
1.0266790 0.1167759 1.9968547
1.1981423 -0.3237859 -1.3499726
0.5348514 0.3312627 -0.7268546
1.4151685 0.1826704 1.2183398
0.6951021 -1.4734243 0.3236308
0.2398577 -1.1107081 -1.5940503
0.3585742 0.0148800 -0.7437513
-1.9084058 0.9009262 -2.8672593
0.1647622 0.0900332 -1.0416781
0.2139885 -0.4418907 -1.1726872
0.0139656 -0.4322799 -1.4021668
0.7454358 -0.4094723 -0.1041220
0.8136061 0.6879525 0.0565094
0.4502175 -0.4356862 -1.5883049
1.6762539 0.6130899 -2.9684310
0.3330060 -0.6485302 0.4592050
1.3191532 0.2803679 -1.7069757
0.7294599 1.4331445 1.8044244
0.5886489 -1.3448302 0.4834915
0.7188051 1.0539099 1.5952200
0.4986841 0.1826609 -0.4157533
0.8149406 -0.4631059 -0.4366337
-0.0453128 0.4531538 -1.1769916
0.2928063 -0.2436517 -0.9108304
1.5843744 0.4662482 -1.6679397
0.5820075 0.3415467 -0.8003887
0.3360113 -0.0650280 -0.6195592
1.3209062 0.5062835 -1.9009093
0.2805018 -0.4205858 0.5883791
0.4538011 -1.1512278 0.1836192
-0.9388294 0.3768786 -2.5548947
0.6588663 0.3413812 0.8041800
1.3868914 -0.2417373 0.9077581
0.7673973 0.8326695 0.6987455
0.3205758 0.1232903 0.0914558
0.0477684 -0.8037298 -1.4200650
-0.3646167 0.4857215 -1.6759135
0.1129380 0.1800442 -1.3903064
0.8942400 0.7604538 -1.3932009
1.2079086 0.4569426 -1.9773581
1.2367010 0.3833231 -1.8541110
0.1040203 -0.5793839 0.3820847
0.9800791 0.3069314 -0.9423196
0.8768002 -0.5862242 -1.3391246
0.8050534 -0.4601249 -0.5037773
0.4168315 0.1078973 -0.6270993
1.3891501 0.3140698 -1.8639122
1.2315485 0.4281842 -1.1654679
1.4306731 0.5084573 -1.9250665
-1.2744513 0.5342082 -2.4726369
0.9609837 0.8060279 -1.3476334
0.8787934 -0.1722388 0.6448596
0.7661836 -0.3482706 -1.0133774
0.8786162 0.3119295 0.6358734
0.6735180 -0.6636019 -0.9892228
0.6982440 -0.7656969 0.6272424
0.7134913 -0.8800620 -1.3737108
1.4185704 0.5642290 -2.5690753
-0.1486968 -1.1029617 -2.9172902
0.0932809 -0.5634359 0.0716205
0.8548424 -0.4302950 -0.3985670
1.2195075 0.2735011 0.1505650
1.4556752 -0.2492025 1.1175038
-0.0269005 -0.6376716 -0.0074897
0.2854764 -0.7138596 -1.9012429
0.2804984 -1.1273286 -1.5085268
1.2652290 -0.2276816 0.7116607
0.7629263 -0.5017408 -0.7948931
0.7616888 -0.7927125 -1.4796195
0.8991762 0.6869624 -1.2369986
0.5827958 -0.0430222 -0.6665232
1.5428736 0.0073001 0.5834164
0.6991562 -0.7686151 0.8318912
0.7598560 0.4689065 -0.0929935
0.7194478 -1.1585752 0.5483097
0.9179977 -0.1676550 -0.8951535
1.4461108 0.1577765 -0.9026195
1.3219258 -0.3245548 1.3857692
0.9401332 0.6527295 -0.1688866
0.4431759 0.1730576 -0.5385829
0.8516138 -0.6637383 0.3548639
1.2861285 0.5127629 -1.7759349
-1.8060151 1.0500548 -2.7768142
0.4160964 -0.6811219 -1.0178555
0.2374047 -0.6309070 -1.9837787
0.6565315 0.1810816 -0.4355710
0.3946326 -0.5981070 -1.0538474
0.5906607 0.3766487 0.0336800
0.7331753 -1.5902263 0.2855680
0.3998033 0.1627485 0.4155325
0.6948873 0.6892210 -0.3183860
0.9296657 0.5758948 -0.2615553
1.1887289 0.1829956 -0.6354063
-2.2310379 1.1572607 -2.7778628
0.4734746 0.4175870 -0.9724338
1.4145021 0.0789081 -1.3131444
0.4862592 -0.7647455 -1.7182189
0.0233940 0.4534628 -1.6185424
-2.1045179 0.9345359 -2.8648069
-1.0001811 0.4601436 -2.3152082
0.8054015 0.3181262 0.6389315
1.1962379 -0.2555210 -1.1928021
0.7092058 -0.6404142 -1.1299464
1.6175349 0.3573643 -1.1819439
1.4310670 0.1038816 0.8934823
0.8154269 -0.4518636 0.0825297
-0.9941681 0.3245693 -2.3771358
1.4731897 0.0895479 0.6310626
-0.0905593 -0.7072545 -2.7447538
0.4724254 -0.4837036 0.6457430
0.9942447 -0.2169579 -0.5568228
-2.3615346 0.9812984 -2.6387556
1.2922591 0.2889109 1.3108206
0.7991025 -0.4474359 -0.4002344
1.3640152 0.6520892 -1.0643811
1.0029615 0.8401653 -1.2487949
0.3117610 0.4085277 -0.8968549
0.4182911 -0.2380859 -0.8824603
0.0829729 -0.9908989 -1.5685422
0.3206699 -0.1015855 -0.8594126
0.6706717 0.3427373 -0.9262881
-0.0417207 -0.7528948 -0.0758271
-0.2114292 -0.4975173 -2.7310953
1.3176934 0.5228108 -1.6194113
-1.7399530 0.9056778 -2.7195425
0.7509535 -0.6133955 0.6580579
0.6517020 -1.0069764 -1.5547709
0.7322329 -0.1474645 0.7699527
1.5334765 -0.2424031 0.8716335
-0.0096580 -0.2342152 -1.8311287
1.5119667 0.5247051 -1.6715679
1.0235238 0.5693977 0.2350769
0.1021735 0.5039208 -1.2477547
0.3906886 -0.3737091 -1.2592707
0.6934144 -0.5328593 -1.2898858
1.1017076 -0.4914280 -1.5809782
0.9600763 0.6095657 -0.0681828
0.2881319 -0.7467564 -1.5567447
0.3668047 -0.1588935 -0.9441022
-2.2100794 1.1139766 -2.5319190
0.2784745 -0.3180718 -1.0678165
1.6575046 0.3943906 -1.5752964
0.7772490 -0.3391277 -0.9249969
0.9811934 -0.0084027 -1.1093326
0.0860183 -0.5200612 -0.1456030
0.7769880 0.4490341 -0.0756557
1.3659008 -0.2670475 -1.5123329
0.6745900 0.5904015 0.1674850
0.9740310 0.1462786 -0.1023900
0.4224254 -0.6560255 -0.9925568
-2.1615238 0.8597175 -2.5913019
0.6903127 -0.3514337 1.0201656
0.6431216 -0.4380063 -1.3276911
1.4749784 0.1446778 -1.4625796
1.6428879 -0.0478244 0.6213883
0.7563885 -0.3962159 -1.0871282
0.1918460 -0.7404082 0.1549433
0.5280370 -0.9953155 -1.5814029
-0.3311908 0.2823378 -2.0100598
0.4779847 0.9206680 -0.1145400
0.4193661 -0.4081686 -0.0314894
1.0527008 -0.0438616 -0.4049957
-2.2685118 1.1782465 -2.5249476
-0.2250454 0.4323645 -1.3648672
0.0755866 -0.3525517 -2.1138501
1.0466065 0.0638804 -1.2052393
1.3508488 0.5166146 -1.9758433
1.0378036 0.0563693 0.5393849
1.5552263 0.0403779 0.9043540
-0.0707608 0.4647917 -1.0439229
0.4095335 0.1722728 0.3921534
1.3758235 0.5916827 -2.7283061
-0.5093136 0.3888488 -1.8269858
0.3729666 0.1541393 0.1506892
0.4035355 -0.8897865 0.2653931
0.4504155 -0.9413912 0.0873451
1.0310732 -0.4239877 -0.8868169
1.1602033 -0.0655436 0.1219763
0.7276899 2.0544903 2.1176648
0.8457031 0.2582845 -0.8612385
1.4266856 0.3024337 0.7076744
0.7957862 -0.1967531 0.5867652
0.6959003 -0.4278096 0.1106175
1.1095374 -0.5468957 -1.6254435
0.5386587 -0.6721376 0.2575568
0.4436606 -0.7974350 -1.1818999
0.7301490 0.6364798 0.6911188
0.1808111 -0.6688198 0.1488683
0.5661470 0.5274183 0.6718658
0.3164075 -0.1426495 -0.9075828
0.4202173 -0.3017437 -0.1482441
0.5788882 -0.0004334 -0.5798141
1.2002435 0.6085815 -0.8142471
1.2345039 0.4085456 -2.0992665
0.6561460 -0.3838097 0.9139182
0.8523497 -0.2910377 -0.2755783
1.2542177 0.0099706 0.3257277
0.8897994 0.8354661 -0.4601801
0.7593129 -0.8149196 0.7029712
0.4348694 -0.6712404 0.1630948
1.5162573 -0.1635355 1.1599028
0.2488243 -0.6740206 -1.5747124
0.6665778 -1.0286298 0.5578324
0.2962026 -0.4000014 0.0864683
1.4749043 -0.1931670 1.1913127
0.6514742 -0.4287321 -0.4668579
0.4317014 -0.3064341 -0.2939760
1.0988793 0.2127325 -0.5416134
0.1832092 -0.7303955 -1.2083460
0.1598337 -0.7288285 -0.1298093
0.6346813 -0.0483633 -0.7012577
1.1780062 0.4090987 -0.9021096
1.4521416 0.0406656 0.9921786
0.9029827 0.6048638 -0.3168468
0.9202590 -0.4255740 -1.1406971
1.4025434 -0.3839600 1.2657360
0.2647586 -0.6693873 -1.5537533
1.0107517 0.5709246 0.3885057
0.6794352 0.5294839 0.1889282
0.8049158 0.4829550 0.4154557
1.4942416 0.3296421 0.7136643
0.7760376 -0.4224534 -0.9592214
0.6136832 -0.4374206 -0.4838153
0.1930642 -0.1648114 -1.3046545
1.2564224 0.3947944 -1.6831629
0.1956234 -0.7188563 -1.6823839
0.7873948 -0.3058287 0.5323074
-1.7435572 0.7298893 -2.7262325
-0.0304709 -0.6623853 -2.4015293
1.8543438 0.8209023 -2.9185207
0.4206507 0.2631292 -0.5988002
0.3366960 0.0624879 -0.2634907
0.1547753 -0.6591938 -1.2214590
0.2815161 -0.4447943 0.1044351
1.1012064 0.2069480 1.6917485
0.9440231 -0.1787484 -0.1244096
0.9690344 0.1206627 1.1399291
0.5255638 -0.2576089 -0.5604225
1.1525509 -0.0522192 -1.0322880
0.4475781 -0.9704165 0.2680316
0.6431115 -0.3961617 -0.1998415
0.5112284 0.3406379 0.1800577
1.7406719 -0.1193563 0.4604000
0.4079552 -1.1720684 0.2803964
1.4995177 0.1499867 -0.8947611
1.3068473 0.1743559 1.0167193
0.2307485 0.3262399 -0.7661207
0.2120653 -0.2548595 0.2626795
0.3648701 -0.4777027 -1.7674267
0.6445392 0.3741311 -0.7133658
0.3462453 -0.8583623 -1.6545124
1.1276650 0.5930871 -1.2682904
0.6961856 0.5372418 1.4717516
0.7705775 -1.2248707 0.3821887
0.4432379 -0.1322626 -0.6266433
0.8044375 -0.0539642 -0.9571374
0.4272014 0.4010026 -0.8736856
1.1949277 -0.0833158 -0.9262619
0.8380764 -0.3234155 0.2603315
1.0398225 -0.2078487 0.1539755
1.2704698 -0.4594200 1.3082314
0.4197649 -1.1339442 -1.5896600
0.5318235 0.5295714 0.2450213
0.7125327 1.3507097 1.8683398
1.1856184 -0.3653394 -1.3877014
0.4158789 -0.0679054 -0.6732491
0.7579420 -0.4245324 -0.3437271
0.9014676 -0.2391818 0.3621093
1.2952119 0.4852325 -1.7016331
0.9006293 -0.7134289 -1.0062913
0.9380063 0.6354150 0.2094869
0.5944570 -0.8731822 -1.5546265
0.4581814 -0.2859336 -0.2126117
0.3477567 0.0915224 0.4019030
-2.3100872 1.1859243 -2.5303488
0.8803390 0.4577335 -0.8003309
1.4978222 0.1046849 -1.2109416
0.2325953 -0.9002230 -0.0283687
1.3752792 0.3535614 -0.8526422
1.2298449 -0.4163741 -1.6314111
0.2040355 -0.5129894 -1.7640889
0.6989906 0.9492195 0.5778220
-0.0857273 0.2781171 -1.6927102
1.2811637 0.2163685 -1.4416951
0.3544121 -0.0419096 -0.5485580
1.4684013 0.3210424 -1.8222928
0.4759773 -1.0351273 -1.6277661
1.7754042 0.9070777 -2.9297225
0.9916168 0.7849163 -0.6375743
-0.1388762 -0.4073184 -1.8542264
0.4261117 -0.9071972 -1.7186590
0.0260196 -1.0531290 -2.9671917
0.6688613 -1.2468582 0.3684916
0.6888831 2.3398089 2.3328621
0.7015784 -1.1751013 0.4069854
-2.3708158 1.1492158 -2.7067356
0.3358801 0.0949356 -0.7481461
1.1581287 0.3311693 0.5131586
0.8221059 -0.5980007 -1.1132448
0.3417605 -0.0867336 -0.6369613
0.5048559 0.2415623 -0.3089226
1.4369279 0.4972223 -2.4294689
-0.0759237 0.4885598 -1.2935038
0.2326585 -0.4926082 -1.0582956
0.6698151 -0.2352974 0.9249132
-0.0119664 -0.7521725 -2.9727395
1.1043476 0.6599810 -0.9954084
0.6199862 0.3549124 0.7562299
0.6511027 -0.7907350 -1.4665085
-0.6343848 0.2568354 -2.0168409
0.4383762 -0.5510755 0.5810791
-2.2689302 0.8875853 -2.7131128
1.4206471 0.2272423 -0.9047623
0.8778002 0.4047110 -1.1117774
-1.5568645 0.6857346 -2.6253264
0.1173279 -0.4516517 0.3053651
0.2873485 -0.5021560 -0.9714562
0.5414594 0.1173071 0.7275068
1.1369333 -0.0921736 0.1342790
0.9299535 -0.0858465 1.1816951
0.3017698 0.1686922 -0.7313271
-0.0986997 -1.0793036 -2.9029167
0.3128693 -0.5215403 -0.9307733
1.2391305 -0.0216136 0.2010879
0.8199261 -0.3558687 -0.3132540
1.3546788 0.3806620 -2.0090759
1.2072276 -0.2366037 1.5265630
1.3847394 0.6682922 -2.2909632
1.1136925 -0.3387624 1.6808823
0.3949834 -0.0561746 -0.7446828
0.8252171 -0.4616245 0.3719481
1.2044709 0.0475259 -0.7306619
1.0523717 -0.0577768 -0.0531890
0.6738598 -1.4899453 0.3261552
0.8918706 0.6299971 0.3780023
1.3923147 0.2601967 -1.7939435
1.4382291 0.3097295 0.7136118
0.4318637 0.4239433 -0.9377316
0.4836430 -0.7073006 -1.0489668
0.4748801 -1.2812257 0.3296857
-0.0148854 -0.9781984 -2.9616499
1.0671220 -0.4230288 -0.9783958
-2.1344123 1.0091282 -2.5254683
0.9674535 0.1532551 -0.1172194
1.1311291 0.1468894 -0.4804071
0.0195304 -0.6012276 -2.5610304
0.1025137 -0.5634457 -0.1419166
0.7085508 1.6324725 2.0575879
-0.7766559 0.3953871 -2.1102831
0.6435320 0.2933207 -0.8130138
1.0626663 0.6593712 0.4868629
0.7317497 0.0988867 1.1414976
-0.1191470 -0.5750322 -2.9613731
0.2703412 0.3716646 -1.3670256
0.2585159 -0.8393955 -1.5784683
0.9174942 0.7729577 0.5131952
0.6869718 -0.0360165 -0.5062598
0.4972004 -0.3398383 -0.7110204
1.3909914 0.0892408 0.7154841
0.1331330 -0.4788941 0.1718346
1.3726739 -0.0023902 0.1621154
0.9662790 0.1305875 1.1052824
0.5389194 0.1275427 -1.0804220
0.0006909 -0.4323648 -1.6460526
0.6655489 -0.7513089 0.6527687
1.5605738 0.2709343 -1.5762368
1.2895104 0.3816536 -0.9928756
1.2669232 0.2209934 -0.6821744
1.2886547 -0.2006918 -1.1760509
1.6670467 0.2936937 -1.2145433
0.8548483 -0.4125828 -0.6866562
0.6395062 0.5017144 0.3659864
-0.1112501 -0.9720169 -2.9398639
1.3089038 0.1481255 -0.7666064
-0.3221786 0.5092006 -1.4472159
0.8292905 0.9160454 -0.2057898
0.9436728 -0.4820596 0.3288199
0.9899476 0.2069342 0.6224062
1.6620412 -0.1298449 0.5970399
0.0299467 -0.3710960 -1.4846190
1.2390434 0.0952241 0.2573437
-0.5423746 0.3532926 -2.2452862
0.3689162 0.1478705 0.2061756
0.0437569 -0.7056267 -1.4991189
0.4515853 -0.4338943 -0.5829934
0.3663258 -0.4078812 0.6471699
-2.1723607 0.8021761 -2.7070916
0.1468472 -0.2174470 -1.8853787
0.9914637 0.7720156 -0.8964453
0.2977587 -0.0605812 0.5637981
0.4458939 -0.6105281 -0.9885261
-0.0987957 0.1936486 -1.4568263
-2.5549154 1.2819321 -2.6502612
0.9180285 0.7417575 0.1780202
0.3329054 -0.6500673 0.1682075
1.5069848 0.3388756 -1.7672235
1.5721297 -0.3513404 1.0957304
0.3201314 -0.0416551 -0.2435459
0.1073976 -0.5306072 0.2743050
-2.0377080 0.8656214 -2.8662341
0.5283539 0.2928820 0.1894356
0.5489678 0.2250264 -0.4201572
0.3236140 -0.5003011 -1.5995362
0.3742278 -0.4669814 -1.7931813
0.8772894 0.5537598 0.4900451
0.5372196 -0.5714936 0.0482057
-2.2721279 0.8555176 -2.7094648
1.0691339 0.4602788 -1.0714329
1.3477392 0.0649201 -0.9597232
0.9298921 -0.5406898 -1.3327709
0.8982748 -0.4123696 -0.4641682
0.7274491 1.7292510 2.0230236
0.6483418 0.6593935 0.0888134
1.1763533 -0.3200403 -1.0576102
1.0560818 -0.4461074 -1.3604174
-0.1111842 -0.7093750 -1.5975929
0.9989699 0.7630674 -0.8238409
1.0515124 0.2023688 0.5330387
0.5144413 0.3450107 0.6246291
1.1870415 0.0236427 0.2127733
0.3609770 -0.0693088 -0.5573315
0.8446046 0.3062500 -0.9834599
0.8792987 -0.4379348 -0.4686386
0.5609660 0.2429136 -0.4388086
0.4773132 -0.2586708 -0.7079985
0.8221592 -0.6219666 -1.1555806
-2.1572883 0.8064150 -2.7286725
1.6150048 0.4227429 -1.6098043
0.3711876 -0.4550622 -1.3588427
1.9147012 0.7536045 -2.8893900
0.3494392 -0.3901258 0.6389884
0.4451370 0.3961208 -0.8620796
-0.0151252 -0.2982839 -2.0004387
-0.3987739 0.3122522 -1.6888279
0.6630616 -1.0057324 0.6683126
0.6550364 -0.3662068 -0.2874354
0.3511696 -1.1516267 -1.5509273
0.7144817 -1.4933810 0.3812983
0.4654942 0.1472141 -1.1588954
1.1125530 0.3027625 0.1783034
-0.0403657 -0.5914476 -2.2305958
0.9703366 0.7309671 -0.7033989
0.5597327 -0.0747673 -0.5267078
0.6554481 0.7885078 0.2393063
1.8818438 0.7755784 -2.8939559
0.9375113 0.2200952 -1.0909115
0.4838324 -0.5116261 -0.0233897
1.1554428 -0.4604753 -1.3840072
1.1429834 0.3171867 1.2406259
0.5667971 -0.5538127 0.4292418
0.2862676 -0.5797881 -1.9731337
-2.3751073 1.1324444 -2.5340655
1.4231334 0.1987241 -1.5262046
0.3916293 -0.9018056 -1.4852862
-0.1854841 -0.7321068 -1.7023662
-0.4317320 0.3102328 -1.7428986
0.2381018 -0.4553926 -1.1450175
-2.2143166 0.9712192 -2.8234088
1.4658633 0.1287449 -0.8651676
1.2456293 -0.2641102 -1.2145090
-1.3146863 0.6075041 -2.6940296
1.0652059 0.5410144 0.3834172
0.9103242 0.6853924 -1.2631664
-1.0481651 0.3872060 -2.3872585
0.2962710 -0.6495637 -1.3236003
0.8543164 0.7352474 -0.7183205
0.7061520 0.1688112 0.8691354
0.9065589 0.7276076 0.1229545
1.4260764 0.1701602 -0.8004805
0.3071261 -0.7927932 -1.3477817
0.7884875 0.5989319 -0.3361049
-0.4546811 0.4917817 -1.9462833
1.4707681 0.0657488 -1.3949734
1.5738682 0.4258351 -1.7065693
1.3924305 0.0607814 0.2671415
0.5446149 0.1152442 0.7564014
0.6348490 -0.9598491 0.6829637
0.2733702 0.0407766 -1.0261515
0.6368513 0.5171989 0.2989856
1.6386878 -0.1138748 0.6094356
0.5213517 -0.0890321 0.7264362
1.2469110 0.1190195 -1.3637540
1.0667374 -0.0463036 -1.0831511
1.7088375 0.8370164 -2.8663416
1.3367554 0.1375355 0.1720858
0.5968341 -0.1302200 -1.0621614
-1.0787150 0.3412194 -2.4516435
0.4606482 -1.0704602 -1.6803679
1.1726443 -0.0048371 -1.1400255
0.8849589 -0.5809058 -1.1434028
0.6540611 -0.3653378 0.9033579
0.9453481 0.7817862 -0.3815340
-0.3287614 0.2497694 -1.9615737
0.9670599 -0.2890012 0.2195291
0.9286609 0.7034686 0.4360338
-0.0945523 -0.6426850 -1.5490818
0.5520909 -1.2466569 0.2706072
0.6414641 0.6393639 0.8521197
0.9394661 -0.2773769 -0.5577767
0.5052081 0.1473168 -0.5225303
1.1269481 -0.1662948 -0.4923871
0.6884533 0.5102788 0.0052793
0.6811083 -0.1609554 0.9701850
0.9692484 0.1702647 0.8401369
1.7005180 0.3433781 -1.5414037
-0.4127215 0.2196755 -1.9436690
-0.1509388 0.5238062 -1.7469726
0.3703919 -0.6774898 -1.0433700
0.6478541 0.4210342 0.4534014
1.0012020 0.1266014 0.5881333
1.8223636 0.8769654 -2.9860661
0.9813008 0.7912103 -1.2612002
0.6612443 -0.5372596 0.8121548
-1.1516171 0.4963525 -2.4547565
0.6857693 1.1776744 1.6573108
0.9905580 0.1531940 -0.0424783
0.6910774 0.5752140 1.3494627
0.3476197 -0.5788349 -1.1461202
-2.3952749 1.0468487 -2.5543487
1.2568654 -0.3161246 0.8813768
0.3095444 -0.7271478 -1.2955776
0.9376141 0.1348926 -1.1128412
0.7257091 -0.5606666 -1.1004847
0.1729978 -0.1699241 -2.1185582
0.1017458 -0.3136647 -1.3784647
0.7269465 0.2291333 1.1940962
1.6968595 0.3326797 -1.2371902
-0.1267136 0.3360037 -1.2674459
1.3577427 0.5512316 -2.5007758
-0.0554656 -0.5380658 -1.5998253
0.6689072 -0.5126219 0.1565596
1.1775070 -0.0687177 1.2488458
0.3176048 -0.4690391 0.0812152
1.5490177 0.5062018 -1.0832170
0.9184127 0.5041024 -1.1291403
0.3033485 -0.0840502 0.5745137
0.6293886 0.3155973 -0.2111723
-1.1171867 0.5193826 -2.4887722
0.4427093 0.4336487 -0.9972886
1.3975880 0.0902803 0.2517994
0.2915075 -0.8269631 -1.4303175
0.9299604 0.2632238 -0.1362960
0.1606040 -1.0324008 -2.9598453
0.9910694 -0.6186097 0.3533630
0.3463993 -0.0172347 -0.3764470
0.9908606 0.7403885 -0.4783046
0.3159276 -0.2226050 0.0576520
1.0226403 0.3202481 -0.9612723
0.2687684 -0.4965402 -1.9734402
0.5951566 -0.4178915 -0.0998225
1.1165203 -0.3274360 1.6389180
0.7374953 -0.3993699 -0.5759945
1.2377601 -0.1502827 -1.0470005
0.7287667 1.2570727 1.7233433
0.7339528 0.4381360 -0.0179791
0.5759414 0.1045370 -1.0005569
1.1214525 0.2876982 0.1891730
0.1589858 -0.6751885 -1.8074870
0.7721248 0.7855328 -0.5513209
0.1116532 -0.1714328 -1.6652920
-0.8574029 0.4691311 -2.4426408
-0.4663111 0.4875221 -1.9312611
0.8192527 -0.3909949 -0.4865223
0.6891527 -0.4578094 -0.3612259
-2.0091741 0.9461661 -2.5165734
1.4927179 0.6337166 -2.3549216
0.7873668 0.0589094 -0.5139691
0.2454041 -0.4553487 0.1111155
1.0094206 -0.2045960 0.0836352
-0.0313817 0.4361767 -1.6884831
-0.1050026 -0.5255387 -2.4703329
0.6940620 0.3553813 -0.6482648
0.8446847 0.4853621 0.4451041
-0.0209317 -0.7067502 -2.9583933
-0.5368038 0.4662024 -1.9488177
0.8143754 -0.1134247 -0.4541105
-2.3370478 1.0916616 -2.5255857
0.6973902 0.6537147 1.5327504
0.9772670 0.2588461 0.5204138
1.7311218 -0.0350322 0.5567049
0.9101008 -0.2130021 1.0357285
0.7855933 -0.5356176 -0.6601533
-0.3309771 0.3048681 -1.5992832
0.8218232 0.8638505 -0.0237257
-2.3458574 1.0909761 -2.5338156
0.1373455 0.4045171 -0.8311432
0.6886417 -0.1081724 -0.5253178
0.6733364 -0.3757785 0.7519277
0.4705142 0.2561153 -0.5423880
0.2995849 -0.6088759 -1.0999537
1.0495312 -0.0452926 -0.4011431
-0.7099003 0.3268743 -2.3997173
0.7492234 0.3763446 -0.7035468
-0.4945989 0.4798107 -1.7425364
1.4610777 0.0924090 0.9066040
1.2071977 0.0828774 0.0071927
0.7060323 -1.6203483 0.3248638
0.6901106 2.1512113 2.1511126
1.2799861 0.2364417 -1.7039249
0.0883785 -0.5432730 -0.1221831
0.1925207 -0.8689085 -1.2717900
0.4984578 0.3670376 0.6207252
1.3545920 -0.4264029 1.2292780
0.8182656 -0.5923094 0.4273035
1.3652668 -0.2717609 0.8695706
0.8348823 0.5578634 0.4932095
0.3741075 0.0185894 -0.4191660
0.9665039 -0.2268859 -0.5553509
-2.0228581 0.8540983 -2.8652735
-2.3689463 1.2615986 -2.7236001
0.7245049 1.2712040 1.7630980
0.7305687 0.3627393 -0.8887689
-0.0629893 -0.9102746 -2.9724023
1.1156141 0.4956612 0.2813962
0.7316637 -1.3125639 0.4537526
0.2782760 -0.9891760 0.2839552
0.8438118 -0.3187652 -0.8731815
1.3971735 0.1077303 0.8927460
1.2866155 0.1667406 1.0225433
-2.4381728 1.0694095 -2.7077661
-2.4874930 1.2450179 -2.5762281
0.3150240 0.2628393 -1.3349169
-2.1770329 0.8445061 -2.6081803
0.2113171 -0.8835033 -1.3778925
0.6067267 0.6450884 0.4167919
0.0901112 -0.4415417 -1.2373438
1.1356164 0.6766298 -0.8572103
0.7267942 1.1863790 1.6999975
0.9547424 -0.7109637 -1.0166696
0.6759024 -1.2858392 0.5451785
1.2361552 -0.2989039 1.5256430
1.3328958 0.1773760 0.1827001
0.4124457 -0.3977207 -0.1424090
0.6040601 -0.0615717 0.7717535
1.1275350 0.2595337 0.3344225
0.3631289 0.0251763 -0.4983221
-0.0301711 -0.2381859 -1.9830056
1.2990766 -0.3067562 -1.3489269
0.9084285 0.0725114 -0.4374748
1.1103619 -0.0338935 1.2295319
-2.2336881 0.9605422 -2.8102779
0.3783906 0.0449813 -0.7275241
0.8981198 -0.2992052 0.2931853
0.8543702 -0.3770146 -0.5721554
0.4198791 -0.8242456 0.2151915
0.2100483 0.4730777 -1.3677785
0.4931960 0.0661532 -0.4135549
1.4400699 -0.1835522 1.2528696
0.2284458 0.0661127 -1.1173059
0.6458985 0.3431337 -0.1250955
0.7181094 -0.3042091 -1.1405555
1.0399673 0.3186058 -0.9314256
1.2034508 -0.2155556 -0.9051318
0.5102841 0.2666473 0.2217335
0.6673472 0.3203157 0.5975544
0.8687177 0.0205491 -0.4923068
0.1969891 -0.4679907 -1.0994129
-0.0048849 0.2539682 -1.5596781
1.3847491 0.0913468 -1.4513996
0.5913898 0.6652811 0.3239864
0.6284241 0.1744236 -0.3937443
0.5429865 0.2475917 -0.2242615
1.0451143 0.5658924 0.4206843
1.1041478 0.6569592 -0.8175300
0.5917270 0.2108782 -0.6665146
1.0667039 -0.1780227 -0.5534719
0.2572478 -0.1549905 0.1541185
0.8456506 -0.1877735 1.1962038
-0.9379616 0.4218106 -2.5460343
0.1140319 -0.1912495 -1.5317253
0.8417699 -0.4820369 -1.1415728
0.7981837 0.6508441 0.6621774
1.8574646 -0.0481486 0.4077739
0.6286418 0.5306030 0.8518615
1.0133374 0.8331432 -0.9293936
-2.0176718 0.7834603 -2.8275421
1.2602764 -0.2795424 0.7984935
0.2921124 -0.0897134 -0.2126278
-2.3956959 1.0301238 -2.6294839
1.5620439 0.4734097 -1.6835111
0.0724611 -0.5918639 -2.4632256
0.9633651 0.8689038 -1.0902071
0.3313793 -0.0412300 -0.2406487
0.3892808 -0.7283120 -1.1480968
0.2998508 0.0284242 -0.9587030
0.8485757 0.6902524 0.7118487
1.5053546 0.6396534 -1.1091089
0.5621229 -0.0151383 0.7724103
1.0834470 -0.4542120 -1.2706920
-1.1200923 0.3535176 -2.4743054
0.8815413 0.8327566 -0.9086694
1.3828695 0.5380653 -1.6725156
0.9081500 0.7958831 -1.3552324
0.2031664 -1.1154693 -1.6043264
1.4615881 0.0804030 -1.1533984
0.7422850 0.0600524 1.1680354
-2.2181654 1.0096549 -2.5161998
0.6560286 -1.7495549 0.1256331
0.4717943 -0.1027877 -0.7225912
1.6976435 0.3219314 -1.2642139
-1.0124171 0.4651134 -2.3942869
0.5369949 -1.1403311 -1.7353667
0.6962610 -0.8907493 0.5266565
1.1887072 0.3273996 -0.7063580
1.6941723 0.3848248 -1.3486472
-1.4520843 0.7003003 -2.6901915
0.3166639 0.0491986 -0.2095511
0.7149575 -0.8762494 -1.3703290
0.8010623 -0.6319002 -0.8397903
0.1426280 -0.8052583 -1.3779893
0.5994477 -1.3718578 0.4687518
1.5331025 -0.0153460 1.1363441
0.1403395 -0.4121398 -1.1566478
0.0201195 -0.2105589 -2.0139327
1.6056037 -0.2060090 0.8683982
1.6625210 0.7798180 -2.8418608
1.1351590 -0.0796830 1.2226465
0.9032405 0.3289177 0.6341171
0.2825303 -0.1423092 -1.9311585
0.7080830 1.6354724 1.8875731
0.7571062 -0.6759093 0.6685135
0.4933651 -0.4782577 -1.6510413
0.6773650 0.1855374 -0.4435379
1.5985992 -0.2020633 0.8414643
0.3970436 -0.3975217 0.0278972
-1.0654311 0.4785408 -2.4136446
1.2457443 -0.2879611 -1.3641894
0.7562547 0.5290651 0.5856913
0.0372603 0.4172691 -1.6080896
0.7148486 -1.2845011 0.4942505
1.2470384 -0.3117501 1.3949198
1.4968750 0.1995717 -1.0205716
0.4396900 -0.4737118 -1.7404643
0.7909496 -0.1907074 -0.5395587
0.9767740 0.5895708 -0.0184427
0.7289615 0.5831425 0.2774243
0.8019357 0.8294807 -0.2901184
1.1303697 0.6885088 -1.1464484
0.9701689 0.1544745 0.6513807
0.4593659 -0.5457255 -1.6957159
0.3178506 -0.4778313 -1.0365726
0.7356405 -1.0647149 0.5858094
1.3889145 0.3354253 -0.7776948
0.6755051 -0.5604805 0.6159962
0.7138914 0.2273184 -0.9668275
-0.2474332 0.2129443 -1.6341436
0.5895861 0.5522680 0.8365090
1.1352304 0.1242406 0.2675477
0.7150348 0.6826563 0.4511157
0.9409679 0.6657189 -0.0194918
0.6745973 0.3843100 0.6744668
0.3708963 -1.0657724 -1.4146323
0.6554776 -1.8438971 0.1991419
1.1266245 -0.4460630 -1.2809229
1.3328313 -0.2188060 0.6531514
1.1154002 -0.1084385 1.2959126
0.6998164 0.9335014 0.0649759
0.4254415 -1.2291474 0.3049163
0.7385522 -1.6656605 0.2862580
0.4087757 0.1912111 -0.0690247
1.1178929 -0.4434071 -1.2726892
0.7063564 -0.4346897 -1.2177253
0.9315765 -0.2134160 0.0811563
0.7106383 -0.5011303 -0.4532034
0.6799549 0.1559811 -0.8310519
-1.5250893 0.7367533 -2.7269049
0.1907223 0.2200403 -0.8721721
0.4254843 -0.5858860 -0.8555327
1.5620879 0.8992394 -2.8900526
0.6872959 1.1628335 1.7820154
0.4265113 -0.7014114 -0.9471506
0.5813277 0.2806026 -1.0189390
0.2503173 -0.0242373 0.1637731
1.2200036 0.1189873 -0.8130649
0.7095056 0.9559220 0.5608439
0.0416837 -0.2019684 -2.0504041
-0.1552166 0.5396614 -1.6681118
1.4178079 0.1756212 -1.6046433
0.6785518 1.6251193 1.9774621
0.5230229 0.3626047 -1.0308751
0.4915800 0.1940592 0.6481761
0.0561709 -0.5321105 -0.2227032
0.4092103 -0.3615869 -0.5399500
-0.1950565 -0.8549434 -2.9914865
1.0729978 -0.0131020 -0.4662579
0.7250134 -0.4961225 -1.1416832
0.3471292 -0.8616322 -1.6685226
1.1640083 -0.3523227 -1.0571333
-1.9282757 0.8194147 -2.8368754
1.1833367 -0.0825756 0.6730621
0.5362968 -0.4149715 -0.5698889
0.2938567 -0.9164125 0.1186455
0.3517374 -0.1625466 -0.7867144
-0.0446041 -0.3224427 -1.7053212
0.1618301 -0.6741490 -1.7384224
0.2307725 -0.1149985 -1.6936972
1.3517522 -0.1272216 0.5780430
0.4141674 -0.4426296 -0.7379191
1.5474339 0.6029377 -1.1215961
0.8301957 -0.1716446 0.7323425
-0.6807675 0.4573211 -2.2702568
-1.8330754 0.7785436 -2.7310171
0.9713065 -0.6594111 0.4810453
0.5858550 -0.4710239 0.0681200
0.6322994 -0.4085220 -0.5494823
1.0033618 -0.4780140 0.0554603
-0.0107080 -0.5944533 -2.6479542
0.4479620 -0.4076616 -0.8309946
0.5297162 -0.5424400 -0.0045278
1.1825019 0.1135930 0.0722777
0.2525293 -0.8192793 0.0676695
1.1118516 -0.2909352 0.8808374
0.6915908 0.6950086 -0.2011607
1.5607628 0.2545934 -1.5706775
-0.1318286 -0.9679246 -2.8821754
0.5173914 0.0654719 -1.0306133
1.0356543 -0.5260794 -1.3070126
0.2289715 -0.6386201 -1.2124794
0.6881989 -0.6145558 -1.5629823
0.5775476 -0.4643945 0.0093056
0.6358618 -0.0304060 0.8522118
0.3803937 0.0667897 -0.5033773
0.9000574 -0.5735852 -0.7711740
1.2634584 -0.0520280 -0.6597765
0.9587433 0.7220981 0.0736687
1.1534767 -0.0024580 -0.4937360
1.3133918 0.1314436 -0.6814507
1.2091016 -0.1397459 1.1867954
-0.0256215 0.5364631 -1.3810908
1.6268671 0.7079374 -2.8379371
1.4136335 0.2594357 0.2860530
0.5269167 -0.2779644 -0.6365522
0.6475281 0.7589705 -0.0742817
0.0045533 -0.7282369 -2.9063106
0.0983946 0.2135804 -1.0032346
1.0310906 -0.3782979 0.0924852
1.4089139 0.1668732 1.3400224
0.7527041 -0.5731918 -0.6440209
-0.2585531 0.5316433 -1.6691186
0.6421852 -0.0433813 -0.5242600
0.2779302 -0.2146919 0.5788398
0.6879669 -1.2165021 0.5310558
0.4750870 0.3389566 0.2809111
0.9434640 -0.3108136 -0.5994508
1.3523461 0.3924524 -2.0329180
0.4667355 -0.7072082 -1.7409703
0.7274722 -0.3458301 0.9878265
1.4218248 0.0495042 0.4663599
1.1235360 0.6861905 -0.9375275
1.8169786 -0.0613651 0.6300825
0.4187024 0.3856196 -0.8393513
0.2000067 -0.1553063 -2.1207573
0.5265794 -0.8408895 -1.1092874
0.7944416 0.4133244 -0.0188855
-1.9139292 0.8610080 -2.8532956
0.4278896 0.1613563 -1.2014388
0.4274209 -0.8731748 0.2466580
0.4812244 0.3934806 -1.0655919
1.2716876 0.5545245 -2.1161551
0.1265563 -0.4905834 0.4013502
1.7396817 0.7235969 -2.9674487
1.3483595 0.4248793 -1.3976297
0.8085518 0.2984000 0.7573076
1.6957018 0.3596519 -1.2810162
1.1083237 0.1629508 0.9056510
1.1182960 -0.5561965 -1.5498868
-0.1651047 -0.6429551 -1.7430766
0.4793783 0.2961194 0.2735755
-0.2694156 0.5300037 -1.7773879
0.6392879 -0.6703188 0.7167916
0.9400004 -0.4238869 0.5106388
1.3297160 0.0094875 1.1075182
1.1622163 0.0580463 0.4151653
0.8690225 -0.2516562 -0.0233484
-2.0686560 1.1916033 -2.5877831
0.8767061 0.6388258 0.2964742
1.2327781 0.2319067 1.0688148
1.5423000 0.6569767 -2.9640217
0.9416101 0.1926810 -1.1075677
0.9177007 0.2982865 0.5678520
0.3582442 -0.5307521 0.0462378
0.6641009 -1.4727622 0.3602139
0.8557979 0.4795815 -0.7665814
0.6902848 -0.4573284 0.5340453
1.1199690 0.6734379 0.5886436
1.0529085 -0.1593690 0.1592865
0.8561623 0.8806568 -1.2169350
0.3702837 -1.1790993 -1.6194637
0.6828011 2.1298020 2.2510357
-0.0378595 -0.2631916 -1.8089484
0.4093341 -0.2063213 -0.9596343
0.8684427 0.1507450 -0.4259954
1.0352319 -0.6229720 0.3969907
0.3276488 0.4738837 -1.0559838
1.0096215 0.2356497 -1.1657177
0.6915644 -1.6383624 0.3185500
1.2286519 -0.4386519 1.1327456
-0.3882701 0.3764975 -1.6421084
0.3825864 -1.0951418 0.1330049
0.7012148 -0.7218051 0.9494641
0.9003599 0.5372674 -0.2031532
0.8680741 -0.6825079 0.6111932
1.0745260 0.4526524 0.3911206
1.3633991 -0.1975689 0.6164843
0.7606063 -0.4264460 -0.0264927
0.7238464 -0.4808643 -0.7418879
1.5008473 0.4946926 -1.4163246
0.1624845 -0.6934342 -0.0370486
0.9439276 0.7566288 -0.2772412
-1.0346864 0.4180306 -2.6107888
-0.0094838 0.4883988 -1.2179608
1.0743642 -0.2621323 -0.5170375
1.0581634 0.1274649 0.5758955
1.1644753 0.0215229 -0.4943354
1.6365654 -0.0377898 0.8481868
1.6005703 0.7956962 -2.8400576
-0.2911189 -0.7466395 -2.9599400
1.0998715 -0.1053399 -0.6456330
0.4285299 0.1918477 0.0515235
0.4005433 -1.0240275 -1.3576427
1.2521688 0.1951666 0.9467623
1.0039918 0.5726187 0.5453517
0.7948155 0.8407170 0.4189603
0.3551805 -0.2379207 -0.2259860
0.6219600 -0.7625520 -1.5779943
0.5226803 -0.4063148 -0.4243492
-0.0048450 -0.2849418 -2.0429325
0.9258901 -0.3564223 0.5977018
1.0449762 0.2552161 -0.5100524
0.4832361 -0.6096910 0.5151322
0.9141811 -0.1953034 1.2044934
-0.0463228 -0.6808623 -2.8577912
0.9725803 0.1685306 -0.0857765
1.1764176 -0.1006636 -0.8240213
0.6186137 0.7202360 0.5694773
0.5240615 0.0863460 0.7030336
0.5694397 0.1224470 0.8175727
1.7338408 0.3617018 -1.5119678
0.7325602 -0.3932139 -0.8592439
0.6776634 -0.2339102 0.6909912
0.6099342 -0.5220341 0.1261620
-0.0049843 -0.4019849 -1.5266302
0.9531091 -0.5952456 -1.3152473
0.3909727 -0.3743902 -0.7505669
0.8884002 0.2576614 -0.4555261
0.1148178 -0.5223036 -1.3421470
1.6224848 0.6018137 -2.8891747
1.5554869 -0.2597764 0.8489652
0.6975732 -0.8946651 0.8883348
-0.4612647 0.2709416 -1.8131239
1.1526937 0.0205988 1.2345977
1.2113014 0.0445166 0.1503743
0.4691829 0.1537043 -0.3812070
0.2830035 -0.0917845 -1.5574951
-2.0414863 0.9107170 -2.8747299
0.7256633 -0.1212372 -0.5303912
1.1143652 -0.4489947 -1.2757210
-0.8859262 0.2616126 -2.4132996
0.8332945 -0.3522176 -0.9086097
1.2842103 0.2311137 -1.4357880
-1.4815031 0.5488491 -2.6261814
1.4845445 0.2442386 1.2274853
0.2418381 -0.3591863 0.1339967
0.8679528 0.0064674 -1.0410025
0.3418469 -0.3160287 0.0432814
-0.0787686 -0.8599938 -1.7336260
1.8404627 -0.1183468 0.4188650
1.2909154 0.1307429 0.7348849
1.4129273 0.3642337 -0.9350255
0.4484702 0.1896573 -0.5424505
0.9949775 -0.4003957 -1.1981314
0.6832581 1.3829125 1.8764675
0.4624535 -0.2745792 -0.6376503
1.5039605 0.5249326 -1.0179738
0.3794871 -0.5756137 -1.0678816
0.1834031 -0.4143695 -1.9542254
0.9243832 0.3382646 -1.3034021
0.8297548 0.5559587 -0.1996687
0.3789443 -0.8934705 -1.4626215
1.4440303 -0.2658436 0.9065685
0.3781770 -0.2679462 0.7301504
-2.0156741 1.2383804 -2.7034245
0.7982886 -0.0246825 -0.4928976
1.4975828 0.0595438 1.1279514
1.1100981 -0.5340276 -1.4853034
0.4593393 0.2558671 -0.6043600
1.7024207 -0.0327080 0.5618469
0.5531416 -0.0608111 -0.5195948
0.8046981 0.8063028 -1.2780954
1.7834738 -0.1358688 0.6434900
1.4434935 0.2248730 -1.6958997
-0.0514027 -0.9116824 -1.6242610
0.6365720 -0.5661012 0.2381244
0.1639692 -0.3995407 0.4275410
0.6530578 0.3167173 0.6261917
-0.0623011 -0.7299986 -2.9656894
1.1612556 0.1228456 1.6289278
1.6268715 0.3387931 -1.6204549
0.5334517 -0.7296920 -1.7077144
0.6717879 -1.2794164 0.3872788
0.7211105 -0.9676760 0.5821695
-0.4830031 0.5065910 -1.6060005
0.1664064 -0.2121003 -1.6481982
1.2676119 -0.0901470 1.2091714
0.4767224 -0.0009753 -0.8739758
0.7043955 -0.4736945 -0.5288984
0.6640483 -0.4745706 0.8350521
-1.9367524 0.7596684 -2.7344391
-2.0389843 0.8126111 -2.5783651
1.2380872 -0.3384709 1.0150939
0.7255824 -0.5264848 -0.8373241
0.3568050 -0.8815012 -1.6525476
-1.9448243 1.0879917 -2.8653350
0.7984703 0.7965415 -0.6319169
0.9844520 0.6978731 -0.4484138
0.7168082 2.0760586 2.2185516
0.0548019 -0.7683785 -1.5098226
0.0651582 -0.7495962 -1.3802955
0.4222200 -0.2058960 -0.9024675
0.0183532 -0.7369495 0.0682995
0.5250275 0.7074342 0.1651587
1.1944448 -0.1852283 0.1042960
0.9469598 -0.1643842 -0.2998408
1.4817363 0.5172941 -1.4700885
0.4037004 -0.8540875 -1.1229800
1.4226158 -0.4140810 1.2518952
-2.0047565 0.8936694 -2.5053010
1.3922250 0.3049811 -1.8496538
1.5923461 0.5989927 -2.9383969
0.2856834 -0.0828698 -1.8068502
1.2217487 -0.0339766 0.1751027
1.1634806 0.0252026 0.2146094
-0.0119214 0.3743008 -1.6640339
1.3022434 0.6025378 -2.6186311
1.8073947 0.6983117 -2.9180026
0.6092750 -0.9785658 -1.4441780
0.5901885 -0.5520976 0.3644572
1.2334332 0.4288609 -1.1619766
-2.2912993 1.2584758 -2.6719623
0.4412812 0.4172558 -1.1001165
0.7620100 0.7556795 -0.5663144
1.5251828 0.0123708 0.5979676
0.5172108 -1.1346054 0.2452802
1.1671720 0.3676836 0.5637803
0.3857242 -0.2411978 -0.3852549
-0.1574754 0.4636055 -1.2930435
0.2549666 -0.1928216 0.2626123
0.6909686 -0.7128802 -1.3712422
0.6006008 -1.0044955 -1.7274305
0.6230444 -0.4720195 -0.3529221
0.0673163 0.1945547 -1.0519880
0.9811645 0.2545644 -0.1675304
0.6890368 -0.4417779 0.1832515
0.8112156 0.7071664 -0.0872574
0.5335519 -1.0143654 -1.6255950
0.8229856 -0.3918047 0.3516331
1.0196931 0.5718594 -1.0501965
0.8497031 0.4229204 -1.0170759
-2.4144323 1.2733697 -2.6456141
0.4067737 -0.3050076 -0.8008608
1.2924418 -0.2346521 -1.3165622
1.2535791 0.7592774 -1.1227614
-1.4606771 0.6452694 -2.5956776
0.7188806 -0.3891892 -0.1391628
0.7300400 -0.5070205 -1.0879499
0.8352787 -0.6251017 -1.2435966
0.9837663 0.3794076 -1.2959095
0.3880802 -0.3737738 -1.2569703
0.1842312 -0.1592042 -1.3621049
-2.4467766 1.0869220 -2.6692936
-1.0199965 0.4928367 -2.4573069
0.5423831 -0.4683503 -1.7456803
0.8502795 0.6620460 -0.1871739
0.3038782 -0.7201126 -1.3055210
0.1532959 -0.3779672 -2.1176951
0.9194660 0.2873809 0.5658862
0.4335275 -0.3367869 0.7261484
0.0351631 -0.4242072 -1.5805286
1.4806213 0.1338976 1.2083423
1.1063620 0.2708358 -0.6154833
-0.5398014 0.2245190 -2.1160054
1.7298331 0.8413468 -2.9857039
0.2191810 -0.4684649 -1.0677433
0.2633840 -0.2560495 0.5294908
1.4333045 0.2584394 0.6944234
0.7163321 -0.0076678 1.1606841
1.3262075 0.1299659 -1.6316875
0.7227934 0.5073988 1.3679460
1.3010677 0.2510490 -1.7448329
0.7110620 -0.6844173 -1.1546065
0.4665450 -1.2275403 0.3359084
-1.8129168 0.8939327 -2.8250086
0.8015431 0.0075386 1.3449016
1.0064839 -0.1310308 0.7206097
0.3307295 -0.6276273 -1.0473977
1.2355056 0.0139618 -0.6105494
1.3279756 0.4805091 -0.7954399
0.1839183 -0.6533684 -0.0804340
0.6568286 -0.4433949 0.8800808
1.2485543 0.5004519 -1.5398408
1.6667014 -0.1044146 0.7749619
-0.1463916 -0.4113783 -2.6983304
-0.1001165 0.3240894 -1.2373781
0.6355963 0.6613038 0.3328972
0.7182389 0.5499470 -0.0680272
0.6957127 0.0359577 0.9633913
1.3267552 -0.3142586 1.3845124
0.2447915 -0.9009271 -0.0980540
0.8796119 -0.4444962 -0.5544211
1.5406332 0.1162847 1.0160539
0.9969634 -0.4471057 -0.9002750
0.5358621 0.3426957 -0.7488222
0.1751453 -0.9582402 -1.3781394
0.3736877 -0.2543705 -0.2620014
0.2937210 -1.0725546 -1.4279819
-2.1706748 1.1941836 -2.7965424
0.8409529 0.7333964 0.3255670
1.1446021 0.0384260 -0.8076006
0.4366809 0.3436866 -1.1919434
0.1167551 -0.5787633 0.1228047
1.2127008 -0.3760000 -1.3013865
1.1270235 -0.1061650 0.1560607
0.5467504 -0.2547969 -1.2350217
0.0904117 -0.2554663 -1.6936920
1.0421512 0.0274863 0.4697693
0.7859617 -0.6412126 -1.0871835
1.3834126 0.2592262 -0.9147993
1.2833543 -0.2460836 0.9943295
0.7703240 -0.2334799 -0.9699135
1.2192972 -0.0045210 -0.9182490
0.5025600 0.2721418 0.6652475
0.1482793 -1.0008693 -1.4368205
1.1128962 0.0802640 0.2830712
1.3032784 0.3720218 -1.8324906
0.7209817 -0.5083561 -1.1504400
0.7212675 -0.3926573 -0.3254815
1.1053489 -0.2067458 -0.7711169
0.3407436 -0.4135320 -1.1744323
0.8642504 0.7027217 0.2614516
-0.7363873 0.4561231 -2.3043435
1.0841835 -0.1261779 -0.4593857
0.2358135 -0.2613844 -1.2652035
0.9217355 -0.2019332 -0.2795391
1.5352206 -0.2638147 0.9477362
0.3450174 -0.5192598 -1.1325959
0.6984467 0.3578095 1.3790382
-0.4859250 0.4863591 -1.9701588
1.2625953 -0.1295852 0.6633781
0.9294552 0.6456470 -1.2031816
1.0776430 -0.1444915 -0.4606472
0.1414926 -0.1839277 -1.4643296
0.4691909 -0.9399959 -1.2246823
1.4672847 0.6121473 -2.7511241
1.1120099 0.1404335 -0.0169045
0.8620305 0.8219146 -1.0127789
1.5220730 0.1578483 -1.0671908
1.2246042 -0.4175986 -1.6105694
0.6803135 0.5790089 0.9561053
1.4036560 0.5173848 -2.4675934
0.6513057 -0.6498988 0.7942569
0.6989799 -0.3813742 -0.3676868
1.4399706 -0.4137779 1.2384608
-0.0680234 -0.5156037 -0.0556946
1.2250940 -0.0238513 -1.0357962
0.3560382 0.3762487 -0.8205632
1.3693757 0.2069414 0.2785270
0.5702463 -0.3240668 -0.6470362
0.3899234 -0.3210009 -0.2789967
1.2497176 -0.3121923 1.4538847
0.6833683 0.7260458 0.5108389
1.0285466 -0.3985462 0.3395108
0.6858059 0.0346259 1.1912602
0.7428259 0.8457115 0.6649487
1.2785478 0.4706157 -2.2990639
-0.0524981 -0.4873696 -1.4668674
0.6394274 0.2366776 -0.9089238
0.9903795 0.8102164 -0.7270818
0.3699682 -0.2934067 -0.0341055
1.7895339 0.6828063 -2.9060314
0.3206492 0.3093262 -0.7358177
0.1415901 -0.3122063 -1.2602763
1.5521858 -0.3764267 1.1051271
0.9674559 0.4468209 0.4824342
0.9643038 -0.6442808 0.4417975
0.2491463 -0.8616114 0.1149170
1.6540087 -0.0006193 0.6506711
0.9624220 0.3524028 -0.5616892
0.6699730 -0.3883979 0.9742768
0.3934157 -1.1469235 0.2805838
0.4970784 -0.0026388 -0.5381267
-1.9949440 1.1450074 -2.8418245
0.5179939 0.0266604 -0.7814763
1.0704380 0.0235819 0.7251675
1.0396708 -0.1049386 0.4039852
0.8435488 0.5212716 0.5640823
0.6524951 -0.2769268 -1.1998801
0.5482048 -0.5888757 -1.6345694
1.7323424 -0.1633240 0.5445092
0.7105268 -1.2703358 0.3903300
0.3131885 -0.0955643 -1.8448335
-2.1788654 1.2039950 -2.8482916
0.2388767 -0.6989669 -1.2244202
1.1436421 -0.0686542 0.3247101
1.2327462 0.0220948 0.0090228
-2.1309509 1.1016315 -2.9132819
1.4056139 0.1599573 0.3819636
0.7811486 -0.0543611 -0.9416324
-0.0955629 0.5136257 -1.7076811
0.6952713 -0.4485483 -0.5718448
0.7504530 -0.4248292 -1.1089085
0.1213189 0.5251140 -1.3400050
0.6968784 0.6756965 -0.2455646
1.0661211 0.3080831 0.1553665
0.4867109 -1.0085737 -1.5775660
-1.2161227 0.4014966 -2.5129237
-2.1174622 1.1134200 -2.8642695
0.4013917 -0.4915539 -1.4718000
0.5850587 -0.5783942 0.1939153
0.3546745 -0.0613331 -1.4317020
0.2621716 0.2775143 -1.3847351
0.5194535 -0.1532636 -0.4828016
1.1313462 0.1122456 1.7764255
0.3436470 -0.2352153 -0.2544343
0.8989932 -0.1751496 -0.0974805
0.3194047 -0.0299730 -0.9285926
-0.0840284 -0.5567712 -2.7941189
0.9783253 0.2172191 -1.1386590
0.9536926 -0.1365716 -0.9038455
0.4627070 0.2088665 0.2490662
0.2308129 -0.8939177 -0.0100431
0.5971071 -0.4676560 -1.4285672
-0.3323720 0.2180803 -1.7755923
0.8933417 0.1766457 -1.0590982
0.4229141 -1.0424986 0.3266051
0.7110437 -0.3625793 0.8540230
0.3162211 -0.2993825 0.0680539
1.3288292 0.1423566 1.4574957
1.1749908 0.4195595 -0.9574683
0.7251651 -0.3318412 0.9974399
0.1162429 -0.4547522 0.3213526
0.9608981 0.1712478 1.1614616
0.6838454 -0.0319421 1.0355321
1.1171213 0.1524561 -1.2820511
0.7843578 -0.0064238 -0.9629992
0.1425923 0.1255278 -1.2976581
1.3562988 0.1836733 0.6322708
0.4472741 -0.4137373 -0.7025177
0.4078096 -0.2898244 -0.2889833
0.3638709 -0.9409400 -1.3492323
1.3099704 0.1003499 0.7592258
-0.1462595 0.4768851 -1.8060744
-2.1818318 1.2730693 -2.6405752
0.7225999 0.9533860 1.5493859
1.3259890 -0.3047175 1.3750399
0.3762116 -0.4955429 -1.4491712
1.1421067 0.3368225 0.2738582
0.6500797 -0.5915295 0.6872211
0.5292051 -1.2946904 0.3817555
0.3741585 -0.1086090 -1.2494106
1.2649186 0.7255548 -2.7036076
0.7271189 0.9417275 -0.1692744
0.6119573 0.2823493 -0.6595559
0.9553697 0.2667530 -0.8142951
1.1012216 -0.4395114 -1.0969332
0.3695209 -0.7106241 0.1967853
0.8738369 0.8991105 -1.0623474
0.7233868 -0.8479923 -1.5030943
-2.0000410 1.1013371 -2.8593552
1.8492750 0.6434758 -2.9803534
1.3525976 0.5196499 -2.4443846
1.2130269 0.6073005 -1.0761265
1.1528726 0.2661515 1.1632202
0.4732087 -1.2244912 0.3434000
0.7336854 -0.2107509 1.0247995
1.5421156 0.7426767 -2.7414093
0.8405108 -0.3294804 0.4320665
0.2279029 -0.2920357 -1.2599081
0.6645816 -0.4759299 0.5356553
1.5055999 0.6290422 -2.7850893
0.9744375 0.6667343 -0.1976640
1.0542065 -0.1126595 -0.8357702
1.4703056 0.2214525 -0.9906982
-1.9440018 1.1784692 -2.7477958
1.2406145 0.4281863 -2.1590047
0.6820738 -0.1178578 1.1050031
0.5633101 0.3179512 -0.7173560
0.8809991 -0.6951143 -0.8505592
-1.7578266 0.9621717 -2.7343867
-0.2096167 -0.5749867 -2.8486993
1.4981810 0.5997832 -2.6013956
-0.1309101 0.3118599 -1.8006620
1.4599911 0.2235624 1.2152425
-0.0953299 -0.5123842 -2.7613885
0.7662623 -0.2867831 0.6216344
1.1590233 -0.4819735 1.1716204
1.3941826 0.1513483 1.3428185
1.4267430 -0.2799503 0.7840052
0.3760805 -0.3332063 -1.1729517
0.0096709 -0.9269834 -1.6424679
0.7010307 -0.4337303 -0.2891466
1.5516145 0.0275022 0.6164180
-0.0810576 0.4839004 -1.2708596
1.5765468 0.4715134 -1.6612662
0.8069893 -0.6594595 -0.8870612
0.3968489 -0.2091969 -0.6891274
0.1097391 -0.2184686 -1.4666409
1.3569907 -0.0325522 1.0577788
-1.9364810 1.1249472 -2.5495679
0.1164916 -0.5884643 -1.3554710
0.0198778 -0.4508905 -1.3488450
1.2794409 0.6383171 -0.9342812
1.5301852 0.0529463 0.8747072
1.5361617 0.1562795 -1.4231945
0.1469465 -0.7984242 -0.1371123
1.4623773 0.4096204 -1.0813388
1.4289396 -0.4760605 1.2406229
-1.7800092 1.0154765 -2.7657247
1.1545213 0.3755738 -0.7330351
1.0101445 -0.4111041 0.4940238
0.4080505 0.1397731 -0.1680001
0.6836751 -0.5428804 0.6237302
0.8100196 0.0232985 1.2498732
0.9203203 -0.2480991 -0.0139050
0.2745452 -0.7039374 -1.9119110
1.4754726 0.4884351 -2.0885377
1.1225920 0.3587770 -1.1459261
0.4377126 0.0246562 0.6697898
0.5724588 0.0087394 -0.7605386
1.4614165 0.5650033 -2.5390332
0.9061460 -0.3956311 -0.6913960
0.6300842 -1.3939154 0.3305587
-1.0412382 0.5054369 -2.5694542
0.9626790 -0.6067452 0.5899262
1.1893461 0.1055124 1.1337829
0.9134638 -0.4799299 0.0672349
0.9592428 0.7078021 -0.2488699
1.0781801 0.4851880 0.3523727
0.1980393 -0.6769785 0.3562216
1.3996098 -0.2158794 1.3271626
1.0132699 0.0744367 1.1596512
0.7542750 0.4351177 0.6512289
0.6128550 -1.2099160 0.4758340
1.0303510 0.2691606 0.1393360
0.7072469 0.9038176 1.5171987
-2.2380772 1.1099292 -2.4774833
0.2496880 -0.7085710 0.3165569
0.3626664 0.0326508 -0.3435406
0.8984183 -0.5444771 -1.2796320
0.4643825 -1.0319618 -1.6045134
0.0627576 -0.3314232 -1.4561232
1.5144705 -0.2668383 1.1107379
0.6765993 -0.3236060 1.0156944
0.3857429 -0.8942486 -1.1777287
1.0149361 0.7973921 -0.8996215
1.4123741 0.3519999 -0.8816547
0.8339890 -0.4242620 -0.4335776
0.3457386 -0.2514653 0.0282103
0.6180823 0.3240180 -0.1312203
0.6905779 0.5459282 0.5017003
0.7552602 -0.4308935 0.4262236
1.3692309 -0.3302522 1.3322018
0.6675069 -0.7647343 0.8092355
1.0221992 0.4492644 -1.0063032
0.6635365 -1.2731023 0.4528419
0.5551262 -0.5689370 0.0114417
1.1264158 -0.0714090 -0.4483981
1.4861807 0.1069021 1.0024937
-1.1301688 0.4329652 -2.6544378
1.0645080 -0.2909589 0.8958461
1.1390041 -0.0671324 -0.7827089
0.5399967 -0.9949945 -1.4345833
1.4477931 0.1866982 -1.6553073
-0.1054329 -0.5379637 -1.7748523
0.7066741 -0.5997967 -1.0484655
0.7071074 2.4083416 2.3448703
1.6951830 -0.0932752 0.4968752
0.8422911 -0.5800443 -1.0200055
-0.2997744 0.2168598 -1.6947190
1.0692844 -0.1997894 0.2417083
1.4428639 0.4236719 -1.9983014
0.5382800 0.0119579 -0.6097325
0.2567525 -0.6366911 0.2133814
-2.5530686 1.2651840 -2.6488512
0.8266582 0.6177155 0.3169610
-0.1067578 -0.7051892 -2.6148050
0.6213305 0.2573304 0.7943708
1.2071064 -0.0421991 0.0273215
1.5931586 0.2866289 -1.1102335
-0.2483824 -0.6586621 -2.7507176
1.2758707 0.3154274 -1.7042307
0.8034882 0.1148408 1.0236466
0.3700385 -0.4797010 -1.7971191
1.8201828 0.6343899 -2.8544643
0.7923417 -0.4170330 -0.4939412
0.8797063 0.5084506 -1.1076845
0.7805387 0.3243763 0.6139125
0.3918875 -0.3490912 -0.7321945
0.5542925 -0.0262985 0.7550042
0.8319909 0.1311213 -1.0042679
0.6367597 0.3454279 0.6086034
0.5442144 -0.2645358 -1.2484727
1.4611900 0.1242223 -1.4312160
0.2757533 -1.1399136 -1.5260319
0.1063838 -0.4754900 -1.9889797
0.6746381 1.9327046 2.1474431
-1.9938133 0.9206281 -2.5168960
0.0921084 -0.6950316 -0.1423592
0.7238098 -0.3445128 0.7487172
0.4821115 0.1229204 -0.5404438
0.8089960 0.2933241 0.7561079
1.1963031 0.1202490 0.2470504
0.8948848 0.3164901 -1.2531966
0.8435212 -0.3184786 0.4457467
0.8466446 0.6680294 -0.1735363
0.6778343 0.5978492 1.4349664
0.9458765 0.7703753 -0.3152830
0.0407901 -0.7845186 -1.4286712
0.9965525 -0.2425081 1.0521967
0.8198245 -0.3696709 -0.5834057
1.2941467 -0.0661232 1.2020768
-2.5009546 1.2813828 -2.6465905
0.2037017 -0.0924655 -2.0714598
-0.0624012 -0.5179312 -2.2587752
0.8327287 0.6417970 -0.2435677
-0.1700087 -0.6359897 -2.5992422
0.3517250 -0.1483971 -0.3893728
-0.0308875 0.2825677 -1.6196588
0.1801558 -1.1486778 -1.6399822
0.7977085 -0.6728014 -0.8600978
0.9660283 0.5744320 -0.8576183
1.2964751 -0.2210291 1.0515136
-0.2405576 0.5255364 -1.5672330
1.3050294 0.0161252 1.0997579
0.4948677 -0.4656851 -0.0353357
1.3740847 0.6230492 -0.9725683
0.3806718 0.3896781 -0.8498346
0.7254047 -0.1652902 -0.4575956
0.6575105 0.3174420 -0.8503414
0.3648995 -0.1485893 -0.6192244
0.3745046 0.4564642 -1.1331003
1.2769237 0.0340660 0.1035281
-1.6606061 0.7059377 -2.7640455
0.5136234 0.3434405 0.0810955
1.0717483 -0.1394839 0.2321791
0.1449709 -0.8052610 -0.1013778
-2.0567794 0.8225130 -2.5734935
0.9612954 0.3736947 -1.2527772
0.1911094 -0.6604745 -1.5576589
0.2070512 -0.5197811 0.5253997
0.9906351 0.8541395 -1.1722056
1.5443772 0.6238745 -2.8500762
1.2892913 0.2495005 -1.6625671
0.5939997 0.1978300 -0.6162384
0.6796976 1.8426360 2.1389093
0.4687484 -0.3128777 -1.2561318
-0.3016803 0.5270630 -1.7363652
0.7852060 0.3708540 -0.0982724
-0.7275097 0.4479972 -2.1594925
0.2892998 -0.1218461 0.3920701
0.6161742 0.2104894 -0.6427513
1.0182475 -0.5456038 -1.2383844
1.0793326 0.5372869 -1.3416697
1.3669379 0.2369658 -1.5654044
-0.2077875 -0.7176133 -2.9722674
0.5442154 -0.5947398 0.1407493
0.7505288 0.0922302 -0.9340189
0.8881326 -0.6573665 0.6490650
-1.1777061 0.5501045 -2.6422091
0.3924286 0.1747313 -1.2414988
-0.1618685 -0.9275206 -2.9862766
0.6702225 -0.6098542 0.6166003
0.7052702 0.6314192 0.2750841
1.2178620 0.4013813 -0.8567595
0.8269901 0.4961385 -1.0724006
1.1974572 -0.1145842 0.1377970
0.7239026 -0.5490050 -1.1333867
0.3214400 -0.7729223 -1.1784981
0.7033792 -0.6878649 0.9542310
0.8594011 0.8397468 -1.2283919
0.5513394 -0.2687790 -0.5494211
-0.1370899 -0.4571343 -1.7819798
0.1919167 -0.7632683 -1.3054962
0.9031731 0.2688956 0.6619974
0.4206176 0.3498994 -0.7420218
1.2659899 0.0644070 0.0937254
0.1442819 -0.4562697 -1.2713777
1.1822246 0.1653759 0.0194885
0.9815273 0.7529913 -0.4032881
0.6103530 -1.4201403 0.4049020
0.9430075 -0.4287517 -0.7868551
0.7844777 -0.3758792 -0.3199013
1.0322357 -0.0655184 0.6890159
0.5447640 0.2992894 -1.0676928
-0.9021826 0.4360825 -2.2759347
0.4464055 -0.4630087 -0.7415418
0.4242741 -0.3654587 -0.0362555
0.5880548 -0.8621645 -1.6048181
0.4912898 0.3906732 0.3284264
0.3665595 -1.1940490 -1.6465861
0.3146359 -0.1430080 -1.1548159
0.0564130 0.2330264 -1.4866534
-2.3882513 1.2636589 -2.7076797
0.4809527 -0.3925230 -0.5832164
1.0662611 -0.0364694 -0.4385166
0.6912010 0.9703788 1.6925796
1.5111579 0.1078310 1.1542420
-2.0209665 0.9014294 -2.8806844
-0.8169901 0.4322543 -2.1601639
-0.4545753 0.3443679 -1.7520300
0.6626526 -0.7663382 -1.0975038
0.6872245 0.3283481 -0.8227417
1.2194445 -0.2122016 1.0959094
1.3240693 0.1687737 -0.6926293
-1.2940021 0.5092683 -2.5306406
1.0703465 0.1689349 0.4106539
0.5628989 -0.6662739 0.3099433
0.3400558 -0.7069719 -1.0942086
1.1454861 0.1256322 -0.7658072
0.2578752 0.3016623 -1.3899841
1.0822849 -0.1937061 0.2469868
1.0971694 0.0671295 -0.7490885
1.0569559 -0.1579786 0.7272890
0.5643934 -1.0415251 -1.5522376
0.0505304 -0.7059802 -0.2382319
0.3359798 0.0419072 -0.3126632
0.9549396 -0.5947058 0.2028309
-2.1427329 0.8331599 -2.5945184
0.0467032 -0.5648134 -1.3411698
0.0666648 -0.6209645 -2.1281734
1.1357237 -0.5442888 -1.5572351
-1.8035764 0.9124437 -2.8198078
0.6159157 0.4114842 0.6197698
1.0119387 -0.0121210 1.2655423
0.3359404 -0.7367289 0.2361676
1.1716332 0.5056211 -0.7337585
0.6700775 0.6592459 0.0380520
1.4217527 0.0102336 1.3092500
1.4443619 0.7054667 -2.4960511
-0.1298981 0.2426442 -1.6770463
-0.5676778 0.4080670 -2.2522600
1.3232678 0.5694277 -1.4227972
1.1314168 0.5761023 -1.3111870
0.3448694 -0.0008466 -0.9953596
0.4254875 -0.0835509 -1.3203561
1.3855463 0.1506114 1.2357798
0.6891177 -0.2883592 1.0572146
0.3204551 -0.1247963 0.6990017
0.6804042 -0.4814043 -0.3697757
0.2892173 0.0712828 0.0172242
0.3375616 -0.1348838 -0.3771920
0.4177241 -0.5246083 -1.8313718
0.2671117 -0.7678829 -1.2096190
0.2447368 -0.1487927 -0.0734862
0.3216896 -0.5159090 0.5815319
0.7071172 0.0634395 1.0788314
-2.1170375 0.9984659 -2.8639128
1.0209213 0.5081907 -1.3133004
1.1897528 0.0132252 0.5665294
1.2957717 0.4995673 -1.9699215
1.3284414 0.1106493 1.4318836
0.3268270 -0.9824128 0.3209684
0.2413313 -0.4830831 -1.0423031
0.7136549 -0.0451630 1.1379158
-0.2034753 0.5024555 -1.2092718
0.6080717 0.3801751 0.0329260
-0.5907553 0.2237950 -2.1688948
0.6705781 0.6669376 1.4255590
-0.0251305 -0.6328080 -2.2249515
1.0144687 -0.2004208 0.7699646
1.1656069 -0.3691853 1.0454139
0.6676193 1.9772501 2.0585804
1.4426709 -0.3100286 1.0937060
1.0790751 -0.3464980 1.7423507
0.9935880 -0.1391376 -0.0804318
1.2065668 -0.3094860 0.9168361
1.2304385 -0.2406554 -1.0575244
0.8881226 0.8433725 -1.3082942
0.7094300 0.2292859 1.2894295
-0.0117723 0.2538824 -1.1616045
0.5789441 -1.0596135 -1.8276349
1.1904086 0.1327261 1.1889393
0.1616283 0.2850617 -0.8684596
1.4240361 0.6121312 -2.8034492
1.2350496 0.1951475 0.3159346
0.0653667 -0.8916247 -1.3912934
0.5407125 -1.0038536 -1.4617480
-1.9999470 1.2096382 -2.7740345
0.1226470 -1.0347732 -2.9235888
1.0381843 -0.1700218 1.1698143
0.1904807 -0.3819884 -2.0201306
1.4549757 0.4672292 -1.4425755
0.9790264 0.4546857 0.4834236
0.3225070 -0.2922640 -0.8359882
0.4574780 0.0169306 0.6895045
0.2881972 0.0607796 0.0288498
0.1375084 -0.1343357 -2.0287452
0.3316829 -0.2009732 0.6939599
0.3605516 -0.5940921 0.5577865
1.4757552 0.5004836 -1.3082652
-0.5709592 0.4526123 -2.2133603
-0.2918793 -0.7145199 -2.8278089
0.6887429 -0.4057043 -0.8446509
0.2106057 0.2040316 -0.8458561
0.5321752 0.3367374 -1.0545498
-2.1726413 1.2336373 -2.5738082
1.2108349 -0.4586250 -1.5362927
0.0477018 0.1372439 -1.3029116
0.5100575 -0.9883902 -1.5546867
1.1093645 -0.4200975 -1.4058670
1.0967672 0.1698395 -1.2564929
0.0366150 -0.3321047 -1.5183928
0.8160517 -0.1717724 0.9451690
0.3231998 -0.6562483 -0.0587166
0.6364260 -0.3852758 -0.3637075
0.6720839 0.2571094 1.2118285
-0.3372900 0.2189518 -1.8196970
0.8359705 0.7622953 -0.7545178
1.1121576 0.6844339 -0.9050479
0.3961511 0.1066389 -0.6047465
0.7175298 -1.1008456 0.5840342
0.9928101 -0.0301617 0.6680775
0.6929548 0.3152354 0.6226477
1.4606761 -0.2570970 0.7905430
0.4856008 0.6356981 0.0966584
1.8340794 -0.0435705 0.4921097
0.8502744 0.7530221 0.0893570
0.9515858 -0.0973220 0.7011530
0.5080180 -0.6900562 0.3367312
1.5292324 -0.2165394 0.6161154
1.0487854 -0.0348782 -1.0998799
1.0350386 -0.3988163 0.0976786
0.3908542 -0.7143756 -0.0175878
-0.1008458 -0.3897000 -1.9636742
0.7573196 0.3069124 -0.3266412
-2.4292886 1.0290738 -2.6443651
-0.7753950 0.3002886 -2.4348404
1.7724905 0.8846364 -2.8712413
0.5569741 -1.2866353 0.4349989
0.7784602 -0.3165485 -0.9654686
1.5371584 0.6042452 -2.9039321
0.4549489 -0.5453563 -0.8926481
0.0703966 -0.7100930 -0.0000803
1.4089768 0.4626788 -0.8847322
0.8549240 -0.0557626 1.2164441
0.2260899 -0.2097558 0.3919601
0.4460078 -0.5264829 -1.5404125
1.0210508 0.0206284 0.6449694
0.7191129 0.7172636 1.4204038
0.0044119 -0.3141164 -1.6117779
0.0260754 -0.2251094 -1.7353424
1.3875227 0.3419381 -0.7796379
0.7364627 -1.7056167 0.1151184
0.9461644 0.6735642 -1.1674651
0.8840797 -0.2746554 0.2522841
0.9992415 -0.0674515 -0.2891521
0.3159267 0.3174316 -1.3279426
0.6299754 -0.8609874 -1.3942739
0.4707894 0.0718704 -0.5374876
-0.1884537 -1.0316104 -2.9566662
1.1100866 -0.0263201 -0.8266986
1.1411983 0.2379467 1.7151620
0.8033534 -0.4020683 -0.6484863
0.7606568 -0.3303690 -0.3653466
0.3405281 -0.5714614 -1.4454650
0.6058093 -0.4870768 -0.7648582
0.6318505 0.5643262 0.0460905
1.2099154 -0.4070749 -1.5471090
0.2586451 -0.1603917 0.1503137
-0.2372749 0.5011560 -1.4373467
0.7154800 -1.0236979 -1.8476006
0.7190740 0.6802596 0.4434671
0.9810037 0.8668985 -1.1940968
0.6561512 -1.2982522 0.3984368
1.2378798 0.4993540 -2.0255070
0.5569829 0.3368870 0.0044878
0.2758808 -0.6800178 -1.9331150
1.3144827 0.6452853 -2.5079358
0.0299788 -0.4140705 -1.3980972
0.6437316 0.1249602 -0.7445672
0.9582197 0.6902320 -0.6053950
1.3269671 0.3454232 -1.8573543
1.4290444 0.4747601 -1.1612639
1.2128167 -0.3795720 0.9993985
0.3451556 -0.8005205 -1.2791954
0.6576778 -0.9233397 0.5523137
0.6363636 0.6960891 -0.2025181
-0.0205528 0.4924152 -1.6481692
0.9673075 0.4142528 0.0562088
0.8595523 -0.2234934 -0.9066782
-1.9176009 0.7617048 -2.7205949
1.4381400 0.6021501 -1.0533329
0.7538540 -1.2526088 0.4612129
1.4349188 0.4968368 -1.3679056
1.2571859 -0.3533995 1.0217155
0.6333826 -0.8702407 -1.3812064
0.8031142 -0.4767187 -0.5613676
1.5129271 0.3975806 -1.0425764
1.6125726 0.9061054 -2.9376469
1.0585861 -0.4682558 -1.4201791
0.0327843 0.4241067 -1.0888669
1.0247062 -0.5000330 -1.4328513
1.1862928 -0.2585856 -0.9590512
1.2787369 -0.3367055 0.9462168
0.9534320 -0.4477353 0.2297092
0.6328936 -0.5825294 0.3178741
1.5048289 0.4840439 -2.2414758
-0.2610059 0.5216832 -1.5782768
1.5364540 0.5666600 -1.1202593
0.6443018 -0.5079445 -0.0150469
1.8031727 -0.1811836 0.4780303
0.2122999 -1.0803192 -1.4513806
0.3043969 -0.1473174 0.6031893
1.0875298 0.5722748 -0.7472325
0.9392989 0.6445128 -0.1047204
1.0798615 0.6395605 -1.0937655
0.8644863 -0.5138932 -0.6504283
0.6260530 0.1529167 -0.5830250
-1.8057581 0.9108440 -2.8224695
0.8728544 -0.2480048 -0.0193325
0.2512798 -0.8157528 0.0610026
0.8574358 0.4188441 -0.7244374
0.0911965 0.4138026 -1.5434705
1.1618212 0.2677634 1.1814631
0.8487814 -0.5095282 0.3283844
1.1391202 -0.1164359 -0.5815249
0.0194964 -0.7209840 -1.4333835
0.4279695 -0.1795400 -0.9980463
1.0047657 0.2883497 0.5181658
0.7895274 0.4164705 0.4569618
0.3282234 -0.4832539 -1.0209613
1.3075958 0.1017852 1.4009300
1.0110604 0.0021027 -0.3357721
0.6165547 0.2856042 -0.5470733
1.2013680 0.6494769 -0.8604285
0.4795961 -0.4343530 -0.0909307
0.7306876 0.0137554 -0.9086178
0.7066132 0.5790313 0.2009789
0.8709239 -0.6407118 -0.7960488
1.2470105 0.6577481 -2.6929436
0.8324342 -0.4192984 -1.0245703
0.2783194 -0.3383119 -0.9315451
-0.2891819 0.5033202 -1.4537175
-0.5470097 0.3682603 -1.8674574
0.6792797 1.2512414 1.7874501
0.5699956 0.2027924 0.7742384
1.2876453 -0.2949167 -1.2824085
0.7201814 0.8288922 -0.3192760
0.3432179 -0.6154804 -1.0230643
1.0976028 -0.2984224 1.7415484
0.6635279 -0.9526104 0.7323949
1.0480273 -0.4312218 -1.3122439
0.8538008 -0.2285899 -0.9085158
1.3146996 0.6199093 -2.4279804
-0.0906757 -0.6055994 -2.9703233
0.7852132 0.8194187 -0.6424707
-0.0987064 -0.6917117 -2.5838313
1.3777629 0.0506610 1.0146315
0.6952556 -1.0895747 0.5163018
-2.4721475 1.0692042 -2.6659317
0.7545815 0.0089467 -0.9343005
0.9799066 0.1409913 -1.1572903
0.1305045 -1.0391428 -1.4818856
0.2653029 0.2279638 -1.3678725
0.7239051 -1.0642965 0.6027733
0.5183277 0.5428828 0.1496535
0.1815596 -0.5751466 -1.6323797
1.2394847 -0.3021209 1.1922523
0.6912833 0.7436219 -0.3019613
0.2144260 -0.6581703 -1.2433267
-2.0047896 0.9704709 -2.8895829
0.3602188 -0.3376970 0.0633927
0.1570901 0.0989328 -1.2321308
0.7029036 -0.6009160 -1.3735956
0.9684922 0.4558560 -1.0166020
0.7436591 -1.7405764 0.1693956
0.1099980 -0.4602554 0.3562305
1.4152373 0.7778441 -2.6799428
1.2797592 -0.2561309 -1.3616499
-0.0119101 -0.9436023 -1.5267087
0.4354813 -0.0059602 -0.8635904
0.9665151 0.3795182 0.1218449
0.7003682 0.3711779 0.8827018
0.2444383 -0.1699466 -1.1128798
0.2172071 -0.1218476 -1.7460388
0.3631294 -0.4864738 -1.0542821
1.2801666 0.2185441 0.8724498
0.9642580 -0.2046770 1.1093820
0.4959458 -0.4979352 -0.8345016
1.4008094 0.0577574 -1.1018064
1.2155184 0.3933397 -1.9530109
1.6099063 0.6917321 -2.8375461
0.7161278 1.1640792 1.6510811
0.2780760 -0.5451951 -1.6040680
0.7113390 2.3461046 2.2867336
-0.0111667 -0.8828173 -1.5347543
0.4308519 0.1430113 -0.5308464
1.3843380 0.2793674 0.5798534
0.7158253 -0.3286740 1.0211134
0.8789769 0.7658777 0.1907125
0.9929811 0.4234537 0.0939837
1.3599048 0.6340841 -0.9757814
0.2969705 -0.2147101 -0.1490705
0.0407459 -0.4138190 -2.0478175
0.3224324 -0.0741540 -1.4087788
0.6555094 -1.0311778 -1.7023114
1.2676204 0.3379956 -0.6728218
1.4836833 0.5072844 -0.9846121
0.9735262 0.6132708 0.5478414
0.6911002 2.3153017 2.3435762
-0.0405816 -1.0203714 -1.6197692
0.5736439 -0.8098773 -1.0975924
1.0294909 -0.5214794 -1.2792017
0.9377506 -0.4168791 -0.5495414
0.4285701 0.4340840 -1.0811818
1.2720937 -0.2258636 1.1213294
0.4368370 -0.0757416 -0.6116210
0.8898673 -0.6796108 -1.4823561
0.8176609 0.2247478 0.8107185
1.0461102 0.3209642 0.5397585
-0.0290319 -0.4920965 -2.5076907
-0.1890792 0.4822580 -1.3121394
0.7157529 2.2310555 2.2613511
0.0839038 -0.5991125 -2.4376316
0.7038226 -0.3798560 0.7944813
1.3284016 0.3959533 -1.4452655
0.5108781 0.3159316 0.3136316
0.3515964 -0.1546469 -0.7911949
1.1089065 -0.1353864 -0.9450407
1.1670914 0.0575901 1.1605556
-0.1628989 -0.7363610 -1.6733519
0.6900802 1.2584600 1.8431367
0.2353144 -0.7780483 -1.1508806
0.4875496 0.2458277 0.1912964
1.8517848 -0.1086760 0.5159317
1.3846037 0.5965607 -1.5570092
0.7608565 -0.9642332 0.7112634
0.4038491 -0.9302189 0.2652383
0.3301392 -0.6425213 0.5088754
0.6808516 -0.9988037 -1.8926224
0.5945452 -0.4600226 -1.4171814
0.1474960 -0.5860817 -1.7853602
1.0732468 -0.5574676 0.1693771
0.2022702 0.2389037 -1.4191678
0.4965303 0.2180658 0.6336483
0.8286691 -0.3075505 -0.1016624
0.8372178 -0.3180417 0.2742482
0.8974164 0.7254717 0.7471359
1.3643242 -0.2632536 -1.4636858
0.9246483 0.2078372 -1.0824969
1.0144535 0.0849581 -0.2679791
0.5709122 0.4155635 0.3150758
1.2005692 -0.0586085 0.6726821
0.7198825 1.4049048 1.7732865
1.4132998 0.0073383 0.6006921
0.4311104 -0.1726036 -0.9866660
0.7585925 0.2855396 0.7917267
0.5046362 -0.5268038 -0.8641168
1.4815096 0.4547086 -0.9535411
0.3419806 -0.0658660 -0.4623799
0.9323596 -0.3037751 -0.9559106
0.9514204 0.1820783 1.1626734
0.2429557 -0.9641065 -1.4091685
1.1329011 0.2097025 1.8258314
1.0359423 0.1508870 0.5426539
0.9691646 -0.5022420 -1.3192008
0.3363302 -0.1714481 0.7151395
0.9887186 0.1322477 -0.2134413
0.8379532 -0.2962206 -0.0228740
0.2919576 -0.6682606 -1.4399949
-0.0728340 -0.7212116 -1.5601692
1.3939291 0.1093787 0.3111148
0.7415651 -1.6670345 0.2183658
1.4695512 0.1437165 -1.0248442
0.4693221 -0.1162536 -0.6041965
-0.1434735 -0.7108521 -1.6339133
0.3158125 -0.0473539 -0.8782834
0.7522945 -1.1799659 0.3866703
0.6825736 -1.1557889 0.5540722
1.5172472 0.4195536 -0.9955765
0.3006070 -0.0125690 -0.2168875
1.4452555 0.2435994 0.5195215
1.1649292 0.1026603 -0.7576861
0.1125119 -0.3664061 -1.4676198
0.3989205 -0.7681011 0.2085135
0.6025465 -0.4891596 -0.5594824
0.2531962 -0.4769298 -1.7437341
1.0564433 0.6564472 -0.8941207
0.0743671 -0.5197830 -0.1289411
-0.0326534 -0.5020356 -2.5519207
0.0603323 0.5408226 -1.4056761
0.1804645 0.2684140 -1.4499543
0.7312811 -0.8341893 -1.4950278
1.3448718 0.1158771 -1.5015051
0.5674579 -1.0589035 -1.7948453
1.3616934 0.5173469 -1.5947865
1.1018481 0.1120577 0.7867851
1.2337726 0.7436767 -1.1102179
1.0732756 -0.0819785 1.2136006
0.0064396 -0.6681061 -2.3083723
-2.3558712 1.2716405 -2.6291683
0.4754988 0.0933110 -0.3866511
0.2376544 -0.9702379 -1.3272640
0.3020810 -0.9424406 0.2322062
-2.0993016 0.8923784 -2.8571587
0.3334517 -0.4717116 -1.8060981
-0.1843377 0.3194808 -1.3713135
0.9095855 -0.3084387 0.3438709
0.6884924 -0.0494895 1.1534780
0.9908384 0.7806941 -0.6170393
0.7946225 0.3370762 0.5199521
1.2462810 0.2038286 0.5936872
0.1055586 0.2796723 -0.9689819
0.2994103 -0.4403228 0.0651113
0.5707159 -0.6385035 0.3227347
-0.0614085 -0.8405833 -1.6065992
0.6853337 0.6163530 0.1624838
1.6020260 -0.1778365 0.6094964
0.9517952 0.2347271 -0.2052577
0.4371245 0.1858886 -0.0165450
1.4142599 0.0315762 1.2734916
-0.0353539 0.1677644 -1.3185629
0.3516810 -0.1263289 -0.9621596
0.2099667 -0.2810674 -1.3129663
0.9794800 0.5351462 0.4774604
-0.0748440 0.4869575 -1.0489951
0.6891562 -0.9945747 0.7259701
1.5430113 0.3387535 -1.6857834
0.5600133 0.1897661 0.7606207
-0.0689383 -0.4974127 -2.3674986
1.2475535 0.2751254 0.3968074
1.0614644 0.0929997 1.3440186
0.7201634 -1.2720209 0.5046740
0.9671580 -0.6310528 0.3036657
-0.2643759 -0.7753435 -2.8125436
1.4536881 0.4433225 -2.0817990
0.3053498 -0.5223374 -1.9582379
0.7156090 -0.1298576 -0.4651718
1.3278991 0.1633767 -1.4700204
0.4488311 -0.4569388 -0.5505618
-0.0253941 -0.5593348 -2.6593184
0.9809452 0.0817971 -1.1647056
0.5725375 -0.0294581 -0.6624876
0.6140034 -0.8113184 -1.5646465
1.3025317 0.5046462 -0.9975162
1.2211330 -0.3643886 0.9562485
